단어 명,물리 명,영문 명,금칙어,분류어 여부,정의내용
5,5,FIVE,,,생략
12,12,TWELVE,,,생략
13,13,THIRTEEN,,,생략
14,14,FOURTEEN,,,생략
15,15,FIFTEEN,,,생략
16,16,SIXTEEN,,,생략
17,17,SEVENTEEN,,,생략
18,18,EIGHTEEN,,,생략
19,19,NINETEEN,,,생략
20,20,TWENTY,,,생략
21,21,TWENTY-ONE,,,생략
22,22,TWENTY-TWO,,,생략
23,23,TWENTY-THREE,,,생략
24,24,TWENTY-FOUR,,,생략
25,25,TWENTY-FIVE,,,생략
26,26,TWENTY-SIX,,,생략
27,27,TWENTY-SEVEN,,,생략
28,28,TWENTY-EIGHT,,,생략
29,29,TWENTY-NINE,,,생략
30,30,THIRTY,,,생략
50,50,FIFTY,,,생략
100,100,HUNDRED,,,생략
1000,1000,THOUSAND,,,생략
0,0,ZERO,,,생략
0년도,YEAR0,0 YEAR,,,생략
0년차,ORDYR0,ZERO ORDER BY YEAR,,,생략
1,1,ONE,,,생략
10,10,TEN,,,생략
105밀리미터,MM105,105 MILLIMETER,,,생략
106밀리미터,MM106,106 MILLIMETER,,,생략
10급,CLS10,TENTH CLASS,,,생략
10년,YY10,10 YEAR,,,생략
10단계,STP10,TENTH STEP,,,생략
10분기,QTR10,TENTH QUARTER,,,생략
10사람,HUMN10,10 HUMAN,,,생략
10월,OCT,OCTOBER,OCT,,생략
10종보급품,CS10,CLASS 10 SUPPLIES,"10종,10품종",,생략
10차,TETH,TENTH,,,생략
10평,PYNG10,10 PYEONG,,,생략
11,11,ELEVEN,,,생략
11단계,STP11,ELEVENTH STEP,,,생략
11분기,QTR11,ELEVENTH QUARTER,,,생략
11사람,HUMN11,11 HUMAN,,,생략
11월,NOV,NOVEMBER,NOV,,생략
11차,ELTH,ELEVENTH,,,생략
11평,PYNG11,11 PYEONG,,,생략
12단계,STP12,TWELFTH STEP,,,생략
12분기,QTR12,TWELFTH QUARTER,,,생략
12세,YRS12,12 YEARS,,,생략
12시간,TIME12,12 TIME,,,생략
12월,DEC,DECEMBER,DEC,,생략
130밀리미터,MM130,130 MILLIMETER,,,생략
13단계,STP13,THIRTEENTH STEP,,,생략
13분기,QTR13,THIRTEENTH QUARTER,,,생략
13품종,13PD,13 PRODUCT CATEGORY,,,생략
14단계,STP14,FOURTEENTH STEP,,,생략
14분기,QTR14,FOURTEENTH QUARTER,,,생략
1500미터달리기,RUN1500,1500 METER RUN,"1500M달리기,달리기1500,달리기1500M,달리기1500미터",,생략
154킬로볼트,KV154,154 KILOVOLT,,,생략
155밀리미터,MM155,155 MILLIMETER,,,생략
15단계,STP15,FIFTEENTH STEP,,,생략
15분기,QTR15,FIFTEENTH QUARTER,,,생략
15평,PYNG15,15 PYEONG,,,생략
16단계,STP16,SIXTEENTH STEP,,,생략
16분기,QTR16,SIXTEENTH QUARTER,,,생략
16평,PYNG16,16 PYEONG,,,생략
175밀리미터,MM175,175 MILLIMETER,,,생략
17단계,STP17,SEVENTEENTH STEP,,,생략
17분기,QTR17,SEVENTEENTH QUARTER,,,생략
18분기,QTR18,EIGHTEENTH QUARTER,,,생략
18품목분류,18PD,18 PRODUCT TYPE,,,생략
19분기,QTR19,NINETEENTH,,,생략
1군,FROKAR,THE FIRST REPUBLIC OF KOREA ARMY AREA,,,생략
1군수지원사령부,LSCMD1,1 LOGISTICS SUPPORT COMMAND,,,생략
1급,CLS1,FIRST CLASS,,,생략
1년,YY1,1 YEAR,,,생략
1년도,YEAR1,1 YEAR,,,생략
1년차,ORDYR1,FIRST ORDER BY YEAR,,,생략
1단계,STP1,FIRST STEP,,,생략
1등급,GRD1,FIRST GRADE,,,생략
1분기,QTR1,FIRST QUARTER OF A YEAR,"1/4분기,분기1",,생략
1사람,HUMN1,1 HUMAN,,,생략
1시간,TIME1,1 TIME,,,생략
1월,JAN,JANUARY,JAN,,생략
1인,ONEPSN,ONE PERSONS,,,생략
1인당,PERPSN1,1 PER PERSON,,,생략
1종보급품,CS1,CLASS 1 SUPPLIES,1종,,생략
1주,WK1,FIRST WEEK,,,생략
1지대,ZONE1,1 ZONE,,,생략
1지망,FSTWISH,FIRST WISH,,,생략
1차,FST,FIRST,"첫번째,첫째,첫,일차",,생략
1차평정자,FSTEVPSN,FIRST EVALUATION PERSON,,,생략
1층,FLR1,FIRST FLOOR,,,생략
1평,PYNG1,1 PYEONG,,,생략
1학기,SMSTR1,FIRST SEMESTER,,,생략
1회,ONCE,ONCE,일회,,생략
2,2,TWO,,,생략
2.5톤카고,TC25,2.5 TON CARGO,,,생략
20분기,QTR20,TWENTIETH,,,생략
20세,YRS20,20 YEARS,,,생략
20인,TWENTYPSN,TWENTY PERSONS,,,생략
20평,PYNG20,20 PYEONG,,,생략
24시간,TIME24,24 TIME,,,생략
2525C,MS2525C,MILITARY STANDARD 2525C,,,생략
2525C병종코드,MS2525CASPCD,MILSTD2525C ARMS SPECIALTIES CODE,,분류어,생략
2525C부대규모코드,MS2525CUSCD,MILSTD2525C UNIT SCALE CODE,,분류어,생략
2525C상태코드,MS2525CSACD,MILITARY STANDARD 2525C STATE CODE,,분류어,생략
2525C전장코드,MS2525CBFCD,MILITARY STANDARD 2525C BATTLE FIELD CODE,,분류어,생략
2525C전투임무코드,MS2525CCMSCD,MILITARY STANDARD 2525C COMBAT MISSION CODE,,분류어,생략
2525C피아식별코드,MS2525CIFFCD,MILITARY STANDARD 2525C IDENTIFICATION FRIEND OR FOE CODE,,분류어,생략
2군,SROKAR,THE SECOND REPUBLIC OF KOREA ARMY AREA,,,생략
2군수지원사령부,LSCMD2,2 LOGISTICS SUPPORT COMMAND,,,생략
2군수지원여단,LSBRGD2,2 LOGISTICS SUPPORT BRIGADE,,,생략
2급,CLS2,SECOND CLASS,,,생략
2년,YY2,2 YEAR,,,생략
2년도,YEAR2,2 YEAR,,,생략
2년차,ORDYR2,SECOND ORDER BY YEAR,,,생략
2단계,STP2,SECOND STEP,,,생략
2등급,GRD2,SECOND GRADE,,,생략
2분기,QTR2,SECOND QUARTER OF A YEAR,"2/4분기,분기2",,생략
2사람,HUMN2,2 HUMAN,,,생략
2시간,TIME2,2 TIME,,,생략
2월,FEB,FEBRUARY,FEB,,생략
2인,TWOPSN,TWO PERSONS,,,생략
2자물류,PL2,SECOND PARTY LOGISTICS,,,생략
2종보급품,CS2,CLASS 2 SUPPLIES,2종,,생략
2주,WK2,SECOND WEEK,,,생략
2지대,ZONE2,2 ZONE,,,생략
2지망,SNDWISH,SECOND WISH,,,생략
2차,SND,SECOND,"두번째,둘째,이차",,생략
2차원,DMNSN2,2 DIMENSION,,,생략
2차평정자,SNDEVPSN,SECOND EVALUATION PERSON,,,생략
2층,FLR2,SECOND FLOOR,,,생략
2학기,SMSTR2,SECOND SEMESTER,,,생략
2회,TWC,TWICE,,,생략
3,3,THREE,,,생략
3000미터달리기,RUN3000,3000 METER RUN,"3000M달리기,달리기3000,달리기3000M,달리기3000미터",,생략
30세,YRS30,30 YEARS,,,생략
31세,YRS31,31 YEARS,,,생략
32세,YRS32,32 YEARS,,,생략
33세,YRS33,33 YEARS,,,생략
345킬로볼트,KV345,345 KILOVOLT,,,생략
34세,YRS34,34 YEARS,,,생략
35세,YRS35,35 YEARS,,,생략
36세,YRS36,36 YEARS,,,생략
37세,YRS37,37 YEARS,,,생략
38세,YRS38,38 YEARS,,,생략
39세,YRS39,39 YEARS,,,생략
3-A단계,STP3A,THIRD A STEP,,,생략
3-B단계,STP3B,THIRD B STEP,,,생략
3-C단계,STP3C,THIRD C STEP,,,생략
3국화폐,TRDCTRCR,THIRD COUNTRY CURRENCY,,,생략
3군,TROKAR,THE THIRD REPUBLIC OF KOREA ARMY AREA,,,생략
3군공통군수지원코드,ANFCMNLSCD,"ARMY, NAVY AND AIR FORCE COMMON LOGISTICS SUPPORT CODE",,분류어,생략
3군공통품목,CMNITM,COMMON ITEM,,,생략
3군공통품목식별코드,ANFCD,"ARMY, NAVY AND AIR FORCE COMMON ITEM CODE",,분류어,생략
3군상호지원,INTSUP,INTERSERVICE SUPPORT,,,생략
3군상호지원정비구분코드,ISMCD,INTERSERVICE SUPPORT MAINTENANCE CATEGORY CODE,,분류어,생략
3군수지원사령부,LSCMD3,3 LOGISTICS SUPPORT COMMAND,,,생략
3군수지원여단,LSBRGD3,3 LOGISTICS SUPPORT BRIGADE,,,생략
3급,CLS3,THIRD CLASS,,,생략
3년,YY3,3 YEAR,,,생략
3년도,YEAR3,3 YEAR,,,생략
3년차,ORDYR3,THIRD ORDER BY YEAR,,,생략
3단계,STP3,THIRD STEP,,,생략
3등급,GRD3,THIRD GRADE,,,생략
3분기,QTR3,THIRD QUARTER OF A YEAR,"3/4분기,분기3",,생략
3분의2,TWTH,TWO-THIRDS,,,생략
3사람,HUMN3,3 HUMAN,,,생략
3시간,TIME3,3 TIME,,,생략
3월,MAR,MARCH,MAR,,생략
3인,THREEPSN,THREE PERSONS,,,생략
3자물류,PL3,THIRD PARTY LOGISTICS,,,생략
3종보급품,CS3,CLASS 3 SUPPLIES,3종,,생략
3주,WK3,THIRD WEEK,,,생략
3지대,ZONE3,3 ZONE,,,생략
3차,THRD,THIRD,"세번째,셋째,삼차",,생략
3차원,DMNSN3,3 DIMENSION,,,생략
3층,FLR3,THIRD FLOOR,,,생략
4,4,FOUR,,,생략
4.5톤카고,TC45,4.5 TON CARGO,,,생략
40밀리미터,MM40,40 MILLIMETER,,,생략
40세,YRS40,40 YEARS,,,생략
48시간,TIME48,48 TIME,,,생략
4급,CLS4,FOURTH CLASS,,,생략
4년,YY4,4 YEAR,,,생략
4년도,YEAR4,4 YEAR,,,생략
4년차,ORDYR4,FOURTH ORDER BY YEAR,,,생략
4단계,STP4,FOURTH STEP,,,생략
4등급,GRD4,FOURTH GRADE,,,생략
4분기,QTR4,FOURTH QUARTER OF A YEAR,"4/4분기,분기4",,생략
4사람,HUMN4,4 HUMAN,,,생략
4월,APR,APRIL,APR,,생략
4자물류,PL4,FOURTH PARTY LOGISTICS,,,생략
4종보급품,CS4,CLASS 4 SUPPLIES,4종,,생략
4주,WK4,FOURTH WEEK,,,생략
4차,FOTH,FOURTH,,,생략
4층,FLR4,FORTH FLOOR,,,생략
57밀리미터,MM57,57 MILLIMETER,,,생략
5군수지원사령부,LSCMD5,5 LOGISTICS SUPPORT COMMAND,,,생략
5급,CLS5,FIFTH CLASS,,,생략
5년,YY5,5 YEAR,,,생략
5년도,YEAR5,5 YEAR,,,생략
5년차,ORDYR5,FIFTH ORDER BY YEAR,,,생략
5단계,STP5,FIFTH STEP,,,생략
5등급,GRD5,FIFTH GRADE,,,생략
5분기,QTR5,FIFTH QUARTER,,,생략
5사람,HUMN5,5 HUMAN,,,생략
5월,MAY,MAY,MAY,,생략
5종보급품,CS5,CLASS 5 SUPPLIES,5종,,생략
5주,WK5,FIFTH WEEK,,,생략
5차,FITH,FIFTH,,,생략
5층,FLR5,FIFTH FLOOR,,,생략
5평,PYNG5,5 PYEONG,,,생략
6,6,SIX,,,생략
60밀리미터,MM60,60 MILLIMETER,,,생략
60세,YRS60,60 YEARS,,,생략
65세,YRS65,65 YEARS,,,생략
6급,CLS6,SIXTH CLASS,,,생략
6년,YY6,6 YEAR,,,생략
6년차,ORDYR6,SIXTH ORDER BY YEAR,,,생략
6단계,STP6,SIXTH STEP,,,생략
6분기,QTR6,SIXTH QUARTER,,,생략
6사람,HUMN6,6 HUMAN,,,생략
6세,YRS6,6 YEARS,,,생략
6시간,TIME6,6 TIME,,,생략
6시그마,SIXSGM,SIX SIGMA,,,생략
6월,JUN,JUNE,JUN,,생략
6자회담,SPTLKS,SIX-PARTY TALKS,,,생략
6종보급품,CS6,CLASS 6 SUPPLIES,6종,,생략
6차,SITH,SIXTH,,,생략
6평,PYNG6,6 PYEONG,,,생략
7,7,SEVEN,,,생략
70세,YRS70,70 YEARS,,,생략
765킬로볼트,KV765,765 KILOVOLT,,,생략
7급,CLS7,SEVENTH CLASS,,,생략
7년,YY7,7 YEAR,,,생략
7년차,ORDYR7,SEVENTH ORDER BY YEAR,,,생략
7단계,STP7,SEVENTH STEP,,,생략
7분기,QTR7,SEVENTH QUARTER,,,생략
7사람,HUMN7,7 HUMAN,,,생략
7월,JUL,JULY,JUL,,생략
7종보급품,CS7,CLASS 7 SUPPLIES,7종,,생략
7차,SETH,SEVENTH,,,생략
8,8,EIGHT,,,생략
81밀리미터,MM81,81 MILLIMETER,,,생략
8급,CLS8,EIGHT CLASS,,,생략
8년,YY8,8 YEAR,,,생략
8년차,ORDYR8,EIGHTH ORDER BY YEAR,,,생략
8단계,STP8,EIGHTH STEP,,,생략
8분기,QTR8,EIGHTH QUARTER,,,생략
8사람,HUMN8,8 HUMAN,,,생략
8시간,TIME8,8 TIME,,,생략
8월,AUG,AUGUST,AUG,,생략
8종보급품,CS8,CLASS 8 SUPPLIES,8종,,생략
8차,EITH,EIGHTH,,,생략
8톤카고,TC8,8 TON CARGO,,,생략
9,9,NINE,,,생략
90밀리미터,MM90,90 MILLIMETER,,,생략
9급,CLS9,NINTH CLASS,,,생략
9년,YY9,9 YEAR,,,생략
9년차,ORDYR9,NINTH ORDER BY YEAR,,,생략
9단계,STP9,NINTH STEP,,,생략
9분기,QTR9,NINTH QUARTER,,,생략
9사람,HUMN9,9 HUMAN,,,생략
9월,SEP,SEPTEMBER,SEP,,생략
9종보급품,CS9,CLASS 9 SUPPLIES,9종,,생략
9차,NITH,NINTH,,,생략
A0,A0,A0,,,생략
A1,A1,A1,,,생략
A2,A2,A2,,,생략
A3,A3,A3,,,생략
A4,A4,A4,,,생략
A4지,A4P,A4 PAPER,,,생략
AAIC,AAIC,ACCOUNTING AUTHORITY IDENTIFICATION CODE,,,생략
ABC재고그룹,ABCGR,ABC STOCK GROUP,,,생략
ABR,AWBDRT,ANSWER BID RATIO,,,생략
AC,ALTRCRT,ALTERNATING CURRENT,,,생략
ADSL,ADSL,ASYMMETRIC DIGITAL SUBSCRIBER LINE,,,생략
AMARG,AMARG,AEROSPACE MAINTENANCE AND REGENERATION GROUP,,,생략
AMPN,AMPN,AMPN,,,생략
ANTPQ,TPQ,ARMY-NAVY TPQ,TPQ,,생략
ANTPQ36,TPQ36,ARMY-NAVY TPQ-36,TPQ36,,생략
ANTPQ37,TPQ37,ARMY-NAVY TPQ-37,TPQ37,,생략
ANTSQ73,TSQ73,AN/TSQ-73,,,생략
APICM,APICM,ARMOR PIERCING IMPROVED CONVENTIONAL MUNITIONS,,,생략
ARS,ARS,AUTOMATIC RESPONSE SYSTEM,,,생략
ARTHUR,ARTHUR,ARTILLERY HUNTING RADAR,,,생략
ASR,AIRSR,AIRBORNE SURVEILANCE RARDAR,,,생략
ASUPTBY,ASUPTBY,AIR SUPPORT BY,,,생략
ASUPTFOR,ASUPTFOR,AIR SUPPORT FOR,,,생략
ATA까르네발급단체,ATACIB,ATA CARNET ISSUE BODY,,,생략
ATA까르네발급업체,ATACIC,ATA CARNET ISSUE CORPORATION,,,생략
ATA까르네보증단체,ATACGB,ATA CARNET GUARANTEES BODY,,,생략
ATC,ATC,AUTOMATIC TABLET COUNTING & PACKING SYSTEM,,,생략
ATCAL,ATCAL,ATTRITION CALIBRATION ALGORITHM,,,생략
ATCAL보드,ATCALB,ATTRITION CALIBRATION ALGORITHM BOARD,,,생략
AXBT,AXBT,AIR-BORNE XBT,,,생략
A형간염,HA,HEPATITIS A,에이형간염,,생략
BATCH구동자,BTCHEXOR,BATCH EXECUTOR,,,생략
BCG,BCG,BACILLE DE CALMETTE-GUERIN VACCINE,,,생략
BCIS,BCIS,BATTLEFIELD COMBAT IDENTIFICATION SYSTEM,,,생략
BIN,BIN,BIN,,,생략
BOM,BOM,BILL OF MATERIALS,,,생략
BOOKING,BOOKING,BOOKING,,,생략
BOOKING번호,BOOKINGNO,BOOKING NUMBER,,분류어,생략
BPM,BPM,BUSINESS PROCESS MANAGEMENT,,,생략
BPR,BPR,BUSINESS PROCESS REENGINEERING,,,생략
B형간염,HB,HEPATITIS B,,,생략
B형간염항원,HBAG,HEPATITIS B ANTIGEN,,,생략
B형간염항원결과,HBAGRT,HEPATITIS B ANTIGEN RESULT,,,생략
B형간염항체,HBAC,HEPATITIS B ANTIBODY,,,생략
B형간염항체결과,HBACRT,HEPATITIS B ANTIBODY RESULT,,,생략
C4ISR,C4ISR,COMMAND CONTROL COMMUNICATION COMPUTER INTELLIGENCE SURVEILLANCE AND RECONNAISSANCE,,,생략
CAGE,CAGE,COMMERCIAL AND GOVERNMENT ENTITY,,,생략
CCTV,CCTV,CLOSED-CIRCUIT TELEVISION,,,생략
CEB번호,CEBNO,COMBINED EFFECTS BOARD NUMBER,,분류어,생략
CFR,CFR,COST AND FREIGHT,,,생략
CHIP영상,CHIPIMG,CHIP IMAGE,,,생략
CMS,CMS,CASH MANAGEMENT SERVICE,,,생략
COB업체,COBCOMP,COURIER ON BOARD COMPANY,,,생략
COSAGE,COSAGE,COMBAT SAMPLE GENERATOR,,,생략
CPIN,CPIN,COMPUTER PROGRAM IDENTIFICATION NUMBER,,,생략
CPM,CPM,CRITICAL PATH METHOD,,,생략
CPU,CPU,CENTRAL PROCESSING UNIT,,,생략
CRUD,CRUD,"CREATE, READ, UPDATE AND DELETE",,,생략
CTD,CTD,CONDUCTIVITY TEMPERATURE AND DEPTH,,,생략
CUDM,CUDM,CREATE UPDATE DELETE AND MANUAL,,,생략
C일,CDAY,COMMENCEMENT DAY,"전개개시일,C-DAY,증원개시일,CDAY",분류어,생략
C형간염,HC,HEPATITIS C,,,생략
C형간염항체,HCAB,HEPATITIS C ANTIBODY,,,생략
C형간염항체결과,HCABRT,HEPATITIS C ANTIBODY RESULT,,,생략
D+10일,DD10,D 10 DAY,"D10일,D10",,생략
D+120일,DD120,D 120 DAY,"D120일,D120",,생략
D+136일,DD136,D 136 DAY,"D136일,D136",,생략
D+13일,DD13,D 13 DAY,"D13일,D13",,생략
D+15일,DD15,D 15 DAY,"D15일,D15",,생략
D+1일,DD1,D 1 DAY,"D1일,D1,D-DAY+1일",,생략
D+20일,DD20,D 20 DAY,"D20일,D20",,생략
D+22일,DD22,D 22 DAY,"D22일,D22",,생략
D+245일,DD245,D 245 DAY,"D245일,D245",,생략
D+25일,DD25,D 25 DAY,"D25일,D25",,생략
D+2일,DD2,D 2 DAY,"D2일,D2,D-DAY+2일",,생략
D+30일,DD30,D 30 DAY,"D30일,D30,30일",,생략
D+33일,DD33,D 33 DAY,"D33일,D33",,생략
D+365일,DD365,D 365 DAY,365일,,생략
D+3일,DD3,D 3 DAY,"D3일,D3,D-DAY+3일",,생략
D+45일,DD45,D 45 DAY,"D45일,D45",,생략
D+48일,DD48,D 48 DAY,"D48일,D48",,생략
D+4일,DD4,D 4 DAY,"D4일,D4,D-DAY+4일",,생략
D+55일,DD55,D 55 DAY,"D55일,D55",,생략
D+58일,DD58,D 58 DAY,"D58일,D58",,생략
D+5일,DD5,D 5 DAY,"D5일,D5,D-DAY+5일",,생략
D+60일,DD60,D 60 DAY,"D60일,D60,60일",,생략
D+65일,DD65,D 65 DAY,"D65일,D65",,생략
D+68일,DD68,D 68 DAY,"D68일,D68",,생략
D+6일,DD6,D 6 DAY,,,생략
D+75일,DD75,D 75 DAY,"D75일,D75",,생략
D+78일,DD78,D 78 DAY,"D78일,D78",,생략
D+7일,DD7,D 7 DAY,,,생략
D+8일,DD8,D 8 DAY,,,생략
D+90일,DD90,D 90 DAY,"D90일,D90",,생략
D+9일,DD9,D 9 DAY,,,생략
DAP,DAP,"DEPARTURE, APPROACH, PRECISION APPROACH RADAR",,,생략
DBMS,DBMS,DATABASE MANAGEMENT SYSTEM,,,생략
DC일시,DCDNT,DISCONTINUE DATE AND TIME,,,생략
DC처방,DCORD,DISCONTINUE ORDER,,,생략
DEADSLOT,DEADSLOT,DEAD SLOT,DEAD-SLOT,,생략
DECK,DCK,DECK,,,생략
DECK출처코드,DECKSRCD,DECK SOURCE CODE,,분류어,생략
DMB,DMB,DIGITAL MULTIMEDIA BROADCASTING,,,생략
DMC,DMC,"DATE OF ATTACK, MOBILIZATION-DAY AND COMMENCEMENT DAY",,,생략
DN,DN,DISTINGUISHED NAME,,분류어,생략
DODIC,DODIC,DEPARTMENT OF DEFENCE IDENTIFICATION CODE,"DOD번호,DOD_번호,DODNO,DOD_NO,국방부식별기호,탄약식별번호,탄약식별부호",분류어,생략
DS2,DS2,DECONTAMINATIONG AGENT(DS2),,,생략
DUMMY,DUMMY,DUMMY,,,생략
DUR,DUR,DRUG UTILIZATION REVIEW,,,생략
D일,DDAY,D DAY,"D-DAY,DDAY,D DAY,공격개시일",분류어,생략
D일코드,DDAYCD,D DAY CODE,,분류어,생략
D표적,TGTD,TARGET D,,,생략
EAI,EAI,ENTERPRISE APPLICATION INTEGRATION,,,생략
EAI구분번호,EAIDVSNO,ENTERPRISE APPLICATION INTEGRATION DIVISION NUMBER,,분류어,생략
EAI문서번호,EAINO,ENTERPRISE APPLICATION INTEGRATION DOCUMENT NUMBER,,분류어,생략
EAI일련번호,EAISN,ENTERPRISE APPLICATION INTEGRATION SERIAL NUMBER,,분류어,생략
ECL,ECL,ENGLISH COMPREHENSION LEVEL,,,생략
EDX,EDX,EXTERNAL DATA EXCHANGE SERVICE,,,생략
EIX,EIX,EXTERNAL IMAGERY EXCHANGE,,,생략
ELNOT,ELNOT,ELECTRONIC INTELLIGENCE NOTATION,전자정보표시법,,생략
ELNOT번호,ELNOTNO,ELECTRONIC INTELLIGENCE NOTATION NUMBER,,분류어,생략
EMR,EMR,ELECTRONIC MEDICAL RECORD,,,생략
ERP,ERP,ENTERPRISE RESOURCE PLANNING,전사적자원관리,,생략
ES,ES,EXPLOSIVE SITE,,,생략
ETL,ETL,"EXTRACT, TRANSFORM AND LOAD",,,생략
E표적,TGTE,TARGET E,,,생략
F+10년도,FY10,FISCAL 10 YEAR,,,생략
F+11년도,FY11,FISCAL 11 YEAR,,,생략
F+1년도,FY1,FISCAL 1 YEAR,"F+1,F+1년,F1,F1년",,생략
F+2년도,FY2,FISCAL 2 YEAR,"F+2,F+2년,F2,F2년",,생략
F+3년도,FY3,FISCAL 3 YEAR,"F+3,F+3년,F3,F3년",,생략
F+4년도,FY4,FISCAL 4 YEAR,"F+4,F+4년,F4,F4년",,생략
F+5년도,FY5,FISCAL 5 YEAR,"F+5,F+5년,F5,F5년",,생략
F+6년도,FY6,FISCAL 6 YEAR,"F+6,F+6년,F6,F6년",,생략
F+7년도,FY7,FISCAL 7 YEAR,"F+7,F+7년,F7",,생략
F+8년도,FY8,FISCAL 8 YEAR,"F+8,F+8년,F8",,생략
F+9년도,FY9,FISCAL 9 YEAR,,,생략
F100E,F100E,F100 ENGINE,,,생략
F-10년도,FYM10,FISCAL -10 YEAR,,,생략
F15K,F15K,F15-K AIRCRAFT,,,생략
F-1년도,FYM1,FISCAL -1 YEAR,"F-1,F-1년",,생략
F-2년도,FYM2,FISCAL -2 YEAR,"F-2,F-2년",,생략
F-3년도,FYM3,FISCAL -3 YEAR,"F-3,F-3년",,생략
F-4년도,FYM4,FISCAL -4 YEAR,"F-4,F-4년",,생략
F-5년도,FYM5,FISCAL -5 YEAR,"F-5,F-5년",,생략
F-6년도,FYM6,FISCAL -6 YEAR,"F-6,F-6년",,생략
F-7년도,FYM7,FISCAL -7 YEAR,"F-7,F-7년",,생략
F-8년도,FYM8,FISCAL -8 YEAR,,,생략
F-9년도,FYM9,FISCAL -9 YEAR,,,생략
FA50,FA50,FA-50 AIRCRAFT,,,생략
FACC표준,FACCSTD,FEATURE AND ATTRIBUTE CODING CATALOGUE STANDARD,,,생략
FAQ,FAQ,FREQUENTLY ASKED QUESTIONS,,,생략
FCR검사,FCREXAM,FCR EXAMINATION,,,생략
FIIG,FIIG,FEDERAL ITEM IDENTIFICATION GUIDE,,,생략
FIIG번호,FIIGNO,FEDERAL ITEM IDENTIFICATION GUIDE NUMBER,,분류어,생략
FIX,FIX,FIX,,,생략
FMS물자인도명세서,FMSDL,FOREIGN MILITARY SALES DELIVERY LISTING,"FMS D/L,FMS DL",,생략
FNORS,FNORS,FUNCTIONING NOT OPERATIONALLY READY FOR SUPPLY,,,생략
FOD,FOD,FOREIGN OBJECT DAMAGE,외부물체로인한파손,,생략
FORMMIS,FORMMIS,FORMMIS,,,생략
FTP,FTP,FILE TRANSFER PROTOCOL,,,생략
F년도,FY,FISCAL YEAR,"회계년도,F년,회계연도,F0,F0년",,생략
F시,FHOUR,F-HOUR,"F-HOUR,개시기준시간",,생략
F표적,TGTF,TARGET F,,,생략
F학점,FGRD,F GRADE,학점F,,생략
GCS,GCS,GUIDANCE CONTROL SECTION,,,생략
GEM,GEM,GEM,,,생략
GENTEXT,GENTXT,GENTEXT,,,생략
GIS,GIS,GEOGRAPHIC INFORMATION SYSTEM,,,생략
GNORS,GNORS,GROUNDED NOT OPERATIONALLY READY FOR SUPPLY,G-NORS,,생략
GROSS결과,GRRSLT,GROSS RESULT,,,생략
GTT,GTT,GUTTA,,,생략
G표적,TGTG,TARGET G,,,생략
H+1시,HP1,H-HOUR + 1,,,생략
H+24시,HP24,H-HOUR + 24,,,생략
H+2시,HP2,H-HOUR + 2,,,생략
H+48시,HP48,H-HOUR + 48,,,생략
H+72시,HP72,H-HOUR + 72,,,생략
H+96시,HP96,H-HOUR + 96,,,생략
H-12시,HM12,H-HOUR - 12,,,생략
H-24시,HM24,H-HOUR - 24,H24,,생략
H-2시,HM2,H-HOUR - 2,,,생략
H-4시,HM4,H-HOUR - 4,,,생략
H-8시,HM8,H-HOUR - 8,,,생략
HBSAB,HBSAB,HBSAB,,,생략
HBSAG,HBSAG,HBSAG,,,생략
HCCS,HCCS,HYUNMU COMMAND CONTROL SYSTEM,,,생략
HELPDESK,HLPDSK,HELPDESK,,,생략
HEXA,HEX,HEXADECIMAL,,,생략
HIV,HIV,HUMAN IMMUNODEFICINCY VIRUS,,,생략
HLIS,HLIS,H-LIS,,,생략
HPA,HPA,HECTOPASCAL,,,생략
HSK번호,HSKNO,HARMONIZED SYSTEM OF KOREA NUMBER,,분류어,생략
HTML,HTML,HYPERTEXT MARKUP LANGUAGE,,,생략
HTTP,HTTP,Hypertext Transfer Protocol,,,생략
HW자원,HDWRSC,HARDWARE RESOURCE,,,생략
H시,HHOUR,H-HOUR,"HOUR,H-HOUR,작전개시시간",,생략
H표적,TGTH,TARGET H,,,생략
ID,ID,IDENTIFICATION NUMBER,아이디,분류어,생략
ID가능문자유형번호,IDPBTCHRTPNO,IDENTIFICATION NUMBER POSSIBILITY CHARACTERTYPE NUMBER,,분류어,생략
ID필수문자유형번호,IDESLCHRTPNO,IDENTIFICATION NUMBER ESSENTIALITY CHARACTERTYPE NUMBER,,분류어,생략
IMO번호,IMONO,INTERNATIONAL MARITIME ORGANIZATION NUMBER,,분류어,생략
IMQC,IMQC,INDIVIDUAL MAINTENANCE QUALITY CONTROL,,,생략
INU,INU,INU,,,생략
IOD,IOD,INTERNAL OBJECT DAMAGE,내부물체로인한파손,,생략
IP,IP,INTERNET PROTOCOL,"아이피,IP주소,IP ADDRESS,IPADDRESS",분류어,생략
IRDS,IRDS,INFRARED DETECTION SYSTEM,,,생략
ISAR,ISAR,INVERSE SYNTHETIC APERTURE RADAR,,,생략
ISBN,ISBN,INTERNATIONAL STANDARD BOOK NUMBER,,,생략
ISDLII,ISDLII,INTER SITE DATA LINK II,,,생략
ISO14000시리즈,ISO14000,INTERNATIONAL ORGANIZATION FOR STANDARDIZATION 14000 시리즈,,,생략
ISO18000시리즈,ISO18000,INTERNATIONAL ORGANIZATION FOR STANDARDIZATION 18000 시리즈,,,생략
ISO9000시리즈,ISO9000,INTERNATIONAL ORGANIZATION FOR STANDARDIZATION 9000 시리즈,,,생략
ITA,ITA,INFORMATION TECHNOLOGY ARCHITECTURE,,,생략
ITA도구,ITATL,ITA TOOL,,,생략
ITA비전,ITAVS,ITA VISION,,,생략
ITA원칙,ITAP,ITA PRINCIPLE,,,생략
IT산업,ITIDSTR,INFORMATION TECHNOLOGY INDUSTRY,,,생략
I표적,TGTI,TARGET I,,,생략
JDBC,JDBC,Java database connectivity,,,생략
JFS,JFS,JET FUEL STARTER,,,생략
JIT,JIT,JUST IN TIME,,,생략
JMX,JMX,Java management extension,,,생략
JOAP,JOAP,JOINT OIL ANALYSIS PROGRAM,,,생략
JOAP조치코드,JACD,JOAP ACTION CODE,,분류어,생략
JPEG,JPEG,JOINT PHOTOGRAPHIC EXPERTS GROUP,,,생략
JSON,JSON,JAVASCRIPT OBJECT NOTATION,,,생략
JVM,JVM,Java virtual machine,,,생략
J표적,TGTJ,TARGET J,,,생략
KAMARG,KAMARG,KOREA AEROSPACE MAINTENANCE AND REGENERATION GROUP,,,생략
KDN,KDN,KEY DISTINGUISHED NAME,,,생략
KDN번호,KDNNO,KEY DISTINGUISHED NAME NUMBER,,분류어,생략
KGMP,KGMP,KOREAN GOOD MANUFACTURING PRACTICE,,,생략
KID,KID,KID,,,생략
KIMS,KIMS,KOREA INDEX OF MEDICAL SPECIALTIES,,,생략
KIMS분류,KIMSCL,KIMS CLASSIFICATION,,,생략
KLIS,KLIS,K-LIS,,,생략
KM138,KM138,KM138,,,생략
KMTF,KMTF,KJCCS MESSAGE TEXT FORMAT,,,생략
KN-02,KN02,KN-02,,,생략
KN-07,KN07,KN-07,,,생략
KN번호,KNNO,KN NUMBER,,분류어,생략
KTA1,KTA1,KT/A-1 AIRCRAFT,,,생략
LCMS,LCMS,LONG CHARACTER MESSAGE SERVICE,,,생략
LCS,LCS,LAUNCH CONTROL STATION,,,생략
LDAP,LDAP,LIGHTWEIGHT DIRECTORY ACCESS PROTOCOL,,,생략
LINK16,LINK16,LINK16,,,생략
LVC기반합성전장환경,SBELVC,SYNTHETIC BATTLEFIELD ENVIRONMENT BASED ON LIVE-VIRTUAL-CONSTRUCTIVE SIMULATIONS INTEGRATED,,,생략
L표적,TGTL,TARGET L,,,생략
M+10월,MMN10,MOBILIZATION 10 MONTH,,,생략
M+11월,MMN11,MOBILIZATION 11 MONTH,,,생략
M+12월,MMN12,MOBILIZATION 12 MONTH,,,생략
M+1530일,MD1530,MOBILIZATION 1530 DAY,,,생략
M+1월,MMN1,MOBILIZATION 1 MONTH,,,생략
M+1일,MD1,MOBILIZATION 1 DAY,"M1,M1일",,생략
M+2월,MMN2,MOBILIZATION 2 MONTH,,,생략
M+2일,MD2,MOBILIZATION 2 DAY,"M2,M2일",,생략
M+30일,MD30,MOBILIZATION 30 DAY,"M30,M30일",,생략
M+364일,MD364,MOBILIZATION 364 DAY,"M364,M364일",,생략
M+3월,MMN3,MOBILIZATION 3 MONTH,,,생략
M+3일,MD3,MOBILIZATION 3 DAY,"M3,M3일",,생략
M+4월,MMN4,MOBILIZATION 4 MONTH,,,생략
M+4일,MD4,MOBILIZATION 4 DAY,"M4,M4일",,생략
M+5월,MMN5,MOBILIZATION 5 MONTH,,,생략
M+5일,MD5,MOBILIZATION 5 DAY,"M5,M5일",,생략
M+6월,MMN6,MOBILIZATION 6 MONTH,,,생략
M+6일,MD6,MOBILIZATION 6 DAY,"M6,M6일",,생략
M+714일,MD714,MOBILIZATION 714 DAY,,,생략
M+7월,MMN7,MOBILIZATION 7 MONTH,,,생략
M+7일,MD7,MOBILIZATION 7 DAY,,,생략
M+8월,MMN8,MOBILIZATION 8 MONTH,,,생략
M+8일,MD8,MOBILIZATION 8 DAY,,,생략
M+9월,MMN9,MOBILIZATION 9 MONTH,,,생략
MAC,MAC,MEDIA ACCESS CONTROL,,,생략
MAC주소,MACA,MEDIA ACCESS CONTROL ADDRESS,"MACADDRESS,MAC ADDRESS",분류어,생략
MAIKIT,MAIKIT,MAIKIT,MA-IKIT,,생략
MF,MF,MAINTENANCE FLOAT,,,생략
MICLIC,MICLIC,MINE CLEARING LINE CHARGE,,,생략
MISSIONKILL,MSNKILL,MISSION KILL,,,생략
MOPP구분코드,MOPPSECCD,MISSION ORIENTED PROTECTIVE POSTURE SECTION CODE,,분류어,생략
M월,MMN,MOBILIZATION MONTH,,,생략
M일,MDAY,MOBILIZATION DAY,"M-DAY,동원개시일,MDAY,동원일자",분류어,생략
M일코드,MDAYCD,MOBILIZATION DAY CODE,,분류어,생략
M표적,TGTM,TARGET M,,,생략
NA2,NA2,NUMBER OF AIRCRAFT,,,생략
NARR,NARR,NARRATION,,,생략
NBCRAMS,NBCRAMS,NUCLEAR BIOLOGICAL AND CHEMICAL REPORTING AND MODELING SOFTWARE,,,생략
NOT,NOT,NOT,,,생략
N표적,TGTN,TARGET N,,,생략
OCR,OCR,OPTICAL CHARACTER READER,,,생략
OCS,OCSYS,ORDER COMMUNICATION SYSTEM,,,생략
OCX,OCX,OBJECT LINKING AND EMBEDDING CONTROL EXTENSION,,,생략
OFF,OFF,OFF,,,생략
OLE개체,OLEI,OBJECT LINKING AND EMBEDDING INDIVIDUAL,,,생략
ON,ON,ON,,,생략
OSPF,OSPF,OPEN SHORTEST PATH FIRST,,,생략
P3C,P3C,PATROL AIRCRAFT-3C,,,생략
PAC-2,PAC2,PATRIOT ADVANCED CAPBILITY 2,,,생략
PAC-3,PAC3,PATRIOT ADVANCED CAPBILITY 3,,,생략
PACS,PACS,PICTURE ARCHIVING AND COMMUNICATION SYSTEM,,,생략
PARA번호,PARANO,PARA NUMBER,,분류어,생략
PART자원,PTRSC,PART RESOURCE,,,생략
PCH,PCH,"PACKING, CRATING, HANDLING",,,생략
PDA,PDA,PERSONAL DIGITAL ASSISTANCE,,,생략
pdf,PDF,PDF,,,생략
PERT,PERT,PROGRAM EVALUATION AND REVIEW TECHNIQUE,,,생략
PES,PES,POTENTIAL EXPLOSIVE SITE,,,생략
PIN번호,PINNO,PIN Number,,분류어,생략
PLC,PWLVCV,POWER LEVEL CURVE,,,생략
PMESII,PMESII,POLITICAL MILITARY ECONOMIC SOCIAL INFRASTRUCTURE INFORMATION,,,생략
POD,POD,POD,,,생략
POL장비,POLEQ,PETROLEUM OIL LUBRICANT FOR EQUIPMENT,P.O.L장비,,생략
POP3,POP3,POST OFFICE PROTOCOL 3,,,생략
PPD,PPD,TUBERCUKIN SKIN TEST,,,생략
PRISM,PRISM,PRISM,,,생략
PROXY,PRXY,PROXY,,,생략
PSI,PSI,POUNDS PER SQUARE INCH,,,생략
PX,PX,POST EXCHANGE,,,생략
QR코드,QRCD,Quick Response Code,,,생략
Q코드구분코드,QCDDVSCD,Q CODE DIVISION CODE,,분류어,생략
Q코드부호,QCDSGN,Q CODE SIGN,,분류어,생략
RAAM,RAAM,REMOTE ANTI ARMOR MINE,,,생략
RAM,RAM,"RELIABILITY, AVAILABILITY, MAINTAINABILITY",,,생략
RFID,RFID,RADIO FREQUENCY IDENTIFICATION,,,생략
RGB,RGB,RED GREEN BLUE,,,생략
RGB색상번호,RGBCLNO,RGB COLOR TONE NUMBER,,분류어,생략
ROTC,ROTC,RESERVE OFFICERS` TRAINING CORPS,RT,,생략
RT박스,RTBOX,ARTILLERY BOX,RTBOX,,생략
SABSEL,SABSEL,SABRE SELECTOR,,,생략
SAMFILE,SAMFL,SEAUENTIAL ACCESS METHOD FILE,,,생략
SEMIS,SEMIS,SHIP ESTIMATED MOVEMENT INFORMATION SYSTEM,,,생략
SF,SF,SHIP`S FILED,,,생략
SIDE수액,SIDIJ,SIDE INJECTION,,,생략
SID번호,SIDNO,SET ID NUMBER,,분류어,생략
SMR부호,SMRS,SOURCE MAINTENANCE AND RECOVERABILITY SIGN,,분류어,생략
SMS,SMS,SHORT MESSAGE SERVICE,,,생략
SMTP,SMTP,SIMPLE MAIL TRANSFER PROTOCOL,,,생략
SNOMED,SNOMED,SYSTEMATIZED NOMENCLATURE OF MEDICINE,,,생략
SNS,SNS,SOCIAL NETWORK SERVICE,,,생략
SOFA,SOFA,STATUS OF FORCES AGREEMENT,"한미행정협정,한/미행정협정,주한미군지휘협정,주둔군지위협정",,생략
SOMS-B,SOMSB,SOMS-B,,,생략
SP번호,SPNO,SP NUMBER,,분류어,생략
SQL,SQL,STRUCTURED QUERY LANGUAGE,,,생략
SWOT분석,SWOT,"STRENGTHS, WEAKNESSES, OPPORTUNITIES, THREATS ANALYSIS",,,생략
SW자원,SFTRSC,SOFTWARE RESOURCE,,,생략
T50,T50,T-50 AIRCRAFT,,,생략
TAV2S,TAV2S,TAV2S,,,생략
TBS,TBS,SEOUL TRAFFIC BROADCASTING SYSTEM,,,생략
TCPIP,TCPIP,TRANSMISSION CONTROL PROTOCOL/INTERNET PROTOCOL,,,생략
TGM,TGM,TERMINAL GUIDED MUNITION,,,생략
TLE,TLE,TWO LINE ELEMENT SET,,,생략
TN,TN,TAIL NUMBER,,분류어,생략
TNS,TNS,TRANSPARENT NETWORK SUBSTRATE,,,생략
TNT폭약,TNT,TRINITRO TOLUENE,,,생략
TOPIS,TOPIS,TRANSPORT OPERATION AND INFORMATION SERVICE,,,생략
TPS830K,TPS830K,TPS-830K,,,생략
TRAY,TRAY,TRAY,,,생략
T박스,TBOX,T BOX,TBOX,,생략
UCC,UCC,USER CREATED CONTENTS,,,생략
UCMS보조속성구분코드,UCASSATRSCD,UCMS ASSISTANCE ATTRIBUTE SECTION CODE,,분류어,생략
UNSPSC,UNSPSC,UNITED NATIONS STANDARD PRODUCTS AND SERVICE CLASSIFICATION,,,생략
UN국제생산물분류,UNCPC,UN CENTRAL PRODUCT CLASSIFICATON,,,생략
UN국제생산물분류코드,UNCPCCD,UN CENTRAL PRODUCT CLASSIFICATON CODE,,분류어,생략
URI,URI,UNIFORM RESOURCE IDENTIFIER,,,생략
URL,URL,UNIFORM RESOURCE LOCATOR,,분류어,생략
USN,USN,UBIQUITOUS SENSOR NETWORK,,,생략
UTMX좌표,UTMX,UNIVERSAL TRANSVERSE MERCATOR X COORDINATE SYSTEM,,분류어,생략
UTMY좌표,UTMY,UNIVERSAL TRANSVERSE MERCATOR Y COORDINATE SYSTEM,,분류어,생략
UTM좌표,UTM,UNIVERSAL TRANSVERSE MERCATOR,"UTM,지리좌표(UTM)",,생략
U자,UTYP,U TYPE,유자,,생략
U자못,UNL,U NAIL,,,생략
U자철선코드,UTYPIWRCD,UTYP IRON WIRE CODE,,분류어,생략
VAMOSC,VMOSC,VISIBILITY AND MANAGEMENT OF OPERATING AND SUPPORT COST,,,생략
VDRL,VDRL,VENEREAL DISEASE RESEARCH LABORATORY,,,생략
VO,VLOBJ,VALUE OBJECT,,,생략
VOD,VOD,VIDEO ON DEMAND,,,생략
VoIP,VOIP,Voice over Internet Protocol,,,생략
V표시용기,VIIST,V INDICATION INSTRUMENT,,,생략
WB,WB,WB,,,생략
WINJMEM,WINJMEM,WINDOWED JOINT MUNITION EFFECTIVENESS MANUAL,,,생략
WORKLIST,WKLST,WORK LIST,,,생략
WPAN,WPAN,WIRELESS PERSONAL AREA NETWORK,,,생략
WRSA탄약,WRSAAMN,WAR RESERVED STOCK FOR ALLIED AMMUNITION,,,생략
WSDL,WSDL,WEB SERVICES DESCRIPTION LANGUAGE,,,생략
X+1년도,XYR1,X+1 YEAR,"X+1,X+1년,Y+1,Y+1년,Y+1년도,X_1,기준년도+1,X1년,Y1년",,생략
X+2년도,XYR2,X+2 YEAR,"X+2,X+2년,Y+2,Y+2년,Y+2년도,X_2,기준년도+2,X2년,Y2년",,생략
X+3년도,XYR3,X+3 YEAR,"X+3,X+3년,Y+3,Y+3년,Y+3년도,X_3,기준년도+3,Y3년",,생략
X+4년도,XYR4,X+4 YEAR,"X+4,X+4년,Y+4,Y+4년,Y+4년도,X_4,기준년도+4,Y4년",,생략
X+5년도,XYR5,X+5 YEAR,"X+5,X+5년,Y+5,Y+5년,Y+5년도,X_5,기준년도+5",,생략
X+6년도,XYR6,X+6 YEAR,"X+6,X+6년,Y+6,Y+6년,Y+6년도,X_6",,생략
X+7년도,XYR7,X+7 YEAR,"X+7,X+7년,Y+7,Y+7년,Y+7년도,X_7",,생략
X+8년도,XYR8,X+8 YEAR,"X+8,X+8년,Y+8,Y+8년,Y+8년도,X_8",,생략
X+9년도,XYR9,X+9 YEAR,"X+9,X+9년,Y+9,Y+9년,Y+9년도,X_9",,생략
X-10년도,XYRM10,X-10 YEAR,"X-10,X-10년,Y-10,Y-10년,Y-10년도",,생략
X-1년도,XYRM1,X-1 YEAR,"X-1,X-1년,Y-1,Y-1년,Y-1년도",,생략
X-2년도,XYRM2,X-2 YEAR,"X-2,X-2년,Y-2,Y-2년,Y-2년도",,생략
X-3년도,XYRM3,X-3 YEAR,"X-3,X-3년,Y-3,Y-3년,Y-3년도",,생략
X400,X400,X.400,,,생략
X-4년도,XYRM4,X-4 YEAR,"X-4,X-4년,Y-4,Y-4년,Y-4년도",,생략
X500,X500,X.500,,,생략
X-5년도,XYRM5,X-5 YEAR,"X-5,X-5년,Y-5,Y-5년,Y-5년도",,생략
X-6년도,XYRM6,X-6 YEAR,"X-6,X-6년,Y-6,Y-6년,Y-6년도",,생략
X-7년도,XYRM7,X-7 YEAR,"X-7,X-7년,Y-7,Y-7년,Y-7년도",,생략
X-8년도,XYRM8,X-8 YEAR,"X-8,X-8년,Y-8,Y-8년,Y-8년도",,생략
X-9년도,XYRM9,X-9 YEAR,"X-9,X-9년,Y-9,Y-9년,Y-9년도",,생략
XML,XML,EXTENSIBLE MARKUP LANGUAGE,,,생략
XMS,XMS,Extension memory size,,,생략
XMX,XMX,Extension maximum memory size,,,생략
XSL,XSL,EXTENSIBLE STYLESHEET LANGUAGE,,,생략
XY좌표,XYCOORD,"X, Y COORDINATES",좌표XY,,생략
X년도,XYR,X YEAR,"Y년,X+0,Y+0,X+0년,Y+0년,기준연도,기준년도,Y+0년도,Y년도,X년",,생략
X좌표,XCOORD,X COORDINATES,좌표X,,생략
X축,XAX,X AXIS,,,생략
Y좌표,YCOORD,Y COORDINATES,좌표Y,,생략
Y축,YAX,Y AXIS,,,생략
Z좌표,ZCOORD,Z COORDINATES,좌표Z,,생략
Z축,ZAX,Z AXIS,,,생략
가,TMP,TEMPORARY,,,생략
가감,ADDSBTR,ADDITION AND SUBTRACTION,,,생략
가격,PRC,PRICE,가,분류어,생략
가격개정,PRCADJ,PRICE ADJUSTMENT,,,생략
가격및가용성자료,PNA,PRICE AND AVAILABILITY DATA,,,생략
가격자료,PRCLST,PRICE LIST,PRICELIST,,생략
가격정보,PRCSINF,PRICE AND COST INFORMATION,,,생략
가격조건코드,PRCNDCD,PRICE CONDITION CODE,,분류어,생략
가격조사,PCI,PRICE AND COST INVESTIGATION,,,생략
가계,HSHACC,HOUSEHOLD ACCOUNT,,,생략
가계도,FMLTR,FAMILY TREE,,,생략
가계약,DRFCTR,DRAFT CONTRACT,,,생략
가계지원비,PMSHS,PAYMENT MADE TO SUPPORT HOUSEHOLD SPENDING,,,생략
가공,PRCSNG,PROCESSING,,,생략
가공비,PRCST,PROCESSING COSTS,,,생략
가교각,TMPBGPR,TEMPORARY BRIDGE PIER,,,생략
가군,GRPGA,GA GROUP,,,생략
가급,CLSGA,GA CLASS,,,생략
가능,PSBLT,POSSIBILITY,,,생략
가능성,PSBLTY,POSSIBILITY,,,생략
가능일자,PSBLTDT,POSSIBILITY DATE,가능일,,생략
가동,OPRTNG,OPERATING,,,생략
가동률,AVLRT,AVAILABLE RATE,가동율,분류어,생략
가동탄약보급소,MASP,MOBILE AMMUNITION SUPPLY POINT,,,생략
가두,STRT,STREET,,,생략
가두판매,STRPDL,STREET PEDDLING,,,생략
가등기,PRSRGST,PROVISIONAL REGISTRATION,,,생략
가로,HRZNT,HORIZONTAL,횡,,생략
가로수,STTREE,STREET TREE,,,생략
가맹점,FRNCHS,FRANCHISE,,,생략
가명,FLSNM,FALSE NAME,,분류어,생략
가반식,MVBTY,MOVABLE TYPE,,,생략
가발,WIG,WIG,,,생략
가변,VRABL,VARIABLENESS,,,생략
가변메시지포맷,VMF,VARIABLE MESSAGE FORMAT,VMF,,생략
가변주파수,VF,VARIABLE FREQUENCY,VF,,생략
가변차로,CVROD,CHANGEABLE VEHICULAR ROAD,,,생략
가변필드,VRFLD,VARIABLE FIELD,,,생략
가보존,TMPPSV,TEMPORARY PRESERVATION,,,생략
가분급부,DBN,DIVISIBLE BENEFIT,,,생략
가사,WSFS,WORDS OF A SONG,,,생략
가산,MTNST,MOUNTAINS AND STREAMS,,,생략
가산,ADTN,ADDITION,,,생략
가산금,ADDCHRG,ADDITIONAL CHARGES,,,생략
가산복무,ADDSVC,ADDITIONAL SERVICE,,,생략
가산수수료,ADDIFEE,ADDITIONAL FEE,,,생략
가산율,ADTNRT,ADDITION RATE,,,생략
가산점,ADDPNT,ADDITION POINT,,,생략
가상,VR,VIRTUAL,,,생략
가상적국,HES,HYPOTHETICAL ENEMY STATE,,,생략
가상적표적,ASHTR,ASSUMED HOSTILE TRACKS,,,생략
가상지휘소,VCP,VIRTUAL COMMAND POST,,,생략
가설,ERCT,ERECTION,,,생략
가설,TPCSTR,TEMPORARY CONSTRUCTION,,,생략
가속,ACLRTN,ACCELERATION,,,생략
가수,ADNUM,ADD NUMBER,,,생략
가수요,IMGDMD,IMAGINARY DEMAND,,,생략
가스,GAS,GAS,,,생략
가스발생기,GSGNR,GAS GENERATOR,"가스제너레이터,가스제네레이터",,생략
가슴,BUST,BUST,,,생략
가슴둘레,CHSTCRCM,CHEST CIRCUMFERENCE,흉위,분류어,생략
가습기,HMDFR,HUMIDIFIER,,,생략
가시,VSBLT,VISIBILITY,,,생략
가시광선,VSRAY,VISIBLE RAY,,,생략
가시선,LOS,LINE OF SIGHT,조준선,,생략
가시채널,VSBLCHN,VISIBLE CHANNEL,,,생략
가압,PRSR,PRESSURE,,,생략
가압류,PRVSZ,PROVISIONAL SEIZURE,,,생략
가액,VLPRC,VALUE PRICE,,분류어,생략
가연성,INFM,INFLAMMABLE,,,생략
가옥,HS,HOUSE,,,생략
가외,EX,EXTRA,,,생략
가용,USEFL,USEFULNESS,,,생략
가용도,AVLBLT,AVAILABILITY,,,생략
가용량,AVLQNTY,AVAILABLE QUANTITY,,,생략
가용성,AVL,AVAILABLE,,,생략
가용액,AVLAMT,AVAILABLE AMOUNT,"가용금액,가용자금,가용자금액",,생략
가용예산,AVBGT,AVAILABLE BUDGET,,,생략
가용요소구분코드,AVEMCLCD,AVAILABLE ELEMENT CLASSIFICATION CODE,,분류어,생략
가용우회로,USBP,USEFULNESS BYPASSLANE,,,생략
가용자산,AVLAST,AVAILABLE ASSETS,,,생략
가용자산판단,AVATJG,AVAILABLE ASSET JUDGEMENT,,,생략
가운,GOWN,GOWN,,,생략
가위,SCSR,SCISSORS,,,생략
가위바위보,RPS,ROCK-PAPER-SCISSORS,,,생략
가을,AUTMN,AUTUMN,,,생략
가이드,GUIDE,GUIDE,,,생략
가입,ENTR,ENTRY,,,생략
가입률,ENTRRT,ENTRY RATE,가입율,,생략
가입비,SRBCT,SUBSCRIBE COST,,,생략
가입수수료,SSMMS,SUBSCRIBE COMMISSION,,,생략
가입유형,SSBYP,SUBSCRIBE TYPE,,,생략
가입일자,ENTRDT,ENTRY DATE,가입일,,생략
가입자내부식별자,IMEM,INTERNAL MEMBER,,,생략
가입자선로,SSCRN,SUBSCRIBER LINE,,,생략
가입제한,SSCBL,SUBSCRIBE LIMIT,,,생략
가입해지,SCBT,SUBSCRIBE TERMINATE,,,생략
가장,DSGS,DISGUISE,,,생략
가점,ADPNT,ADD POINT,,,생략
가정,ASMPT,ASSUMPTION,,,생략
가정환경,HOMEBG,A HOME BACKGROUND,,,생략
가져오기,BRNG,BRING,,,생략
가족,FMLY,FAMILY,,,생략
가족관계코드,FMLRLCD,FAMILY RELATIONSHIP CODE,,분류어,생략
가족수당,FMLALW,FAMILY ALLOWANCE,,,생략
가족수당신청구분코드,FADCD,FAMILY ALLOWANCE APPLICATION DIVISION CODE,,분류어,생략
가족수당신청상태코드,FASCD,FAMILY ALLOWANCE APPLICATION STATE CODE,,분류어,생략
가족수당직업코드,FJCD,FAMILY ALLOWANCE JOB CODE,,분류어,생략
가족여비,FMTRVEXP,FAMILY TRAVELING EXPENSES,,,생략
가족증감구분코드,FIDDCD,FAMILY INCREASE AND DECREASE DIVISION CODE,,분류어,생략
가중,WGTNG,WEIGHTING,,,생략
가중이동평균,WMA,WEIGHTED MOVING AVERAGE,,,생략
가중처벌,AGRPNL,AGGRAVATED PENALTY,,,생략
가중치,WGT,WEIGHT,,분류어,생략
가집행,PRSXCT,PROVISIONAL EXECUTION,,,생략
가집행선고,STVC,SENTENCE OF PROVISIONAL EXECUTION,,,생략
가처분,PRVDSP,PROVISIONAL DISPOSITION,,,생략
가청,AUDBLTY,AUDIBILITY,,,생략
가치,WRTH,WORTH,,,생략
가치관,OSV,ONE'S VALUE,,,생략
가치등급코드,WRTHCD,WORTH GRADE CODE,,분류어,생략
가치평가,VALUAT,VALUATION,,,생략
가트,GATT,GATT,,,생략
가해자,HRMR,HARMER,,,생략
가혹행위,CRUEL,CRUEL,,,생략
각국,EVRCTR,EVERY COUNTRY,,,생략
각군,ECHARMY,EACH ARMY,,,생략
각급,ECHCLS,EACH CLASS,,,생략
각급기관,ENDNST,EVERY KIND OF INSTITUTION,,,생략
각도,ANG,ANGLE,각,분류어,생략
각령,CBORD,CABINET ORDER,,,생략
각료,CNMSTR,CABINET MINISTER,,,생략
각목,SQRB,SQUARE BAR,,,생략
각서,WRTPRM,WRITTEN PROMISE,,,생략
각종,EVRKND,EVERY KIND,,,생략
각주,FTNT,FOOTNOTE,,,생략
각형,SQRSHP,SQUARE SHAPE,,,생략
각호,EVRDR,EVERY DOOR,,,생략
간,BTWN,BETWEEN,,,생략
간격,INTVL,INTERVAL,,,생략
간격극복자산유형코드,INTASSTYPCD,INTERVAL OVERCOME TYPE CODE,,분류어,생략
간략,SMPLCT,SIMPLICITY,,,생략
간만,EBBFLW,THE EBB AND FLOW,,,생략
간만차,TDRG,TIDAL RANGE,,,생략
간병,NRSNG,NURSING,,,생략
간병인,CRGVR,CAREGIVER,,,생략
간부,PRCMB,PRINCIPAL MEMBER,,,생략
간부정례신체검사구분코드,PRCPHEXDVSCD,PRINCIPAL MEMBER PHYSICAL EXAMINATION DIVISION CODE,,분류어,생략
간부정례신체검사판정코드,PRCPHEXJMTCD,PRINCIPAL MEMBER PHYSICAL EXAMINATION JUDGMENT CODE,,분류어,생략
간사,ASSTADM,ASSISTANT ADMINISTRATOR,,,생략
간선도로,MNRD,MAIN ROAD,,,생략
간섭,INTRF,INTERFERENCE,,,생략
간소화,SMPLFC,SIMPLIFICATION,,,생략
간염,HEPATITIS,HEPATITIS,,,생략
간음,ADLTRY,ADULTERY,,,생략
간이,SIMPLCT,SIMPLICITY,,,생략
간이역,WAYSTN,WAY STATION,,,생략
간이인도,SMDVR,SUMMARY DELIVERY,,,생략
간장,SSAUC,SOY SAUCE ,,,생략
간접,INDR,INDIRECT,,,생략
간접경비,INDEXP,INDIRECT EXPENSES,,,생략
간접노무비,INDLBCST,INDIRECT LABOR COST,간접노무비용,,생략
간접비,INDCST,INDIRECT COST,,,생략
간접이행금액,AMTINP,AMOUNT OF INDIRECT PERFORMANCE,간접이행금,,생략
간접재료비,INDMTCST,INDIRECT MATERIAL COST,간접재료비용,,생략
간접절충교역,INDOFS,INDIRECT OFFSET,,,생략
간조,ETIDE,EBB TIDE,,,생략
간주,REGARD,REGARD,,,생략
간질,EPLPSY,EPILEPSY,,,생략
간첩,SPY,SPY,,,생략
간행물,PRDCL,PERIODICAL,발간물,,생략
간호,NRSCR,NURSING CARE,,,생략
간호계획,NRSPLN,NURSING PLAN,,,생략
간호기록,NRSCRLG,NURSING CARE LOG,,,생략
간호문제,NRSPRBLM,NURSING PROBLEM,,,생략
간호사,NRS,NURSE,,,생략
간호일정,NUSCH,NURSING CARE SCHEDULE,,,생략
간호장교,NRSOFCR,NURSING OFFICER,,,생략
간호조무사,NSAID,NURSE AIDE,,,생략
간호처방,NUPRS,NURSING CARE PRESCRIPTION,,,생략
감가,RDPRC,REDUCTION IN PRICE,,,생략
감가상각,DPRC,DEPRECIATION,상각,,생략
감가상각누계액,AAOD,ACCUMULATED AMOUNT OF DEPRECIATION,"감가상각누계금액,감가상각누계금",,생략
감가상각방법코드,DPMTHCD,DEPRECIATION METHOD CODE,,분류어,생략
감가상각비,DPRCEXP,DEPRECIATION EXPENSE,"상각비,감가상각비용",,생략
감가수정,PCRDCAMD,PRICE REDUCTION AMENDMENT,,,생략
감가액,AMTRD,AMOUNT OF REDUCTION,,,생략
감가율,RDRT,REDUCTION RATE,,,생략
감각,SNSTN,SENSATION,,,생략
감나무,PRSMMN,PERSIMMON,,,생략
감도,SNTVT,SENSITIVITY,,,생략
감독,DRTN,DIRECTION,,,생략
감독관,SPVSR,SUPERVISOR,,,생략
감독관업무보고,SPVBIZRPT,SUPERVISOR BUSINESS REPORT,,,생략
감독일자,DRTNDT,DIRECTION DATE,감독일,,생략
감리,AUDT,AUDIT,,,생략
감리관리,SPVMNGMT,SUPERVISION MANAGEMENT,,,생략
감마,GAMA,GAMMA,,,생략
감면,RXP,REDUCTION EXEMPTION,,,생략
감면구분코드,RXPDCD,REDUCTION EXEMPTION DIVISION CODE,,분류어,생략
감면여부코드,RXPYNCD,REDUCTION EXEMPTION YES OR NO CODE,,분류어,생략
감면처리코드,RXPPCD,REDUCTION EXEMPTION PROCESS CODE,,분류어,생략
감모,DCRS,DECREASE,,,생략
감배,DIVRDC,REDUCTION OF DIVIDEND,,,생략
감봉,SLYRD,SALARY REDUCTION,,,생략
감사,AUDIT,AUDIT,,,생략
감사기관,ISPST,INSPECTION INSTITUTION,,,생략
감사실,AUDTOFC,AUDIT OFFICE,,,생략
감사원,BAI,BOARD OF AUDIT AND INSPECTION,,,생략
감사원소관코드,BAIJCD,BOARD OF AUDIT AND INSPECTION JURISDICTION CODE,,분류어,생략
감사인,ADTOR,AUDITOR,,,생략
감사책임자,IPSPR,INSPECTION RESPONSIBLE PERSON,,,생략
감산,SBTN,SUBTRACTION,,,생략
감소,DECRS,DECREASE,,,생략
감소량,DCRSQTY,DECREASE QUANTITY,감소수량,,생략
감소액,DCRSAMT,DECREASE AMOUNT,"감소금액,감소금",,생략
감속,DCEL,DECELERATION,,,생략
감손,DMNTN,DIMINUTION,,,생략
감손율,DCRSRT,DECREASE RATE,,,생략
감수,WLSBM,WILLING SUBMISSION,,,생략
감수성,SNSBLT,SENSIBILITY,,,생략
감시,SVNC,SURVEILLANCE,,,생략
감시구역,SVSCT,SURVEILLANCE SECTOR,,,생략
감시초소,GP,GUARD POST,"GP,초소",,생략
감시초소번호,GPNO,GUARD POST NUMBER,,분류어,생략
감압,DCMPRS,DECOMPRESSION,,,생략
감액,RDCT,REDUCTION,,,생략
감액산출신분구분코드,RCSCD,REDUCTION CALCULATION SOCIAL POSITION DIVISION CODE,,분류어,생략
감액유형코드,RTCD,REDUCTION TYPE CODE,,분류어,생략
감염,IFCTN,INFECTION,SEPTIC,,생략
감염상태,IFSTE,INFECTION STATE,,,생략
감염예방조치,IPRACT,INFECTION PREVENTION ACTION,,,생략
감염일자,IFCTNDT,INFECTION DATE,,,생략
감원,RDCFRC,REDUCTION IN FORCE,,,생략
감응,SENSOR,SENSOR,,,생략
감점,SBTPNT,SUBTRACT POINTS,,,생략
감정서,EXOPWRT,EXPERT OPINION IN WRITING,,,생략
감정증인,EXRTW,EXPERT WITNESS,,,생략
감정평가,APRSL,APPRAISAL,감정,,생략
감정평가기관,APRAGC,APPRAISAL AGENCY,감정평가원,,생략
감정평가액,APRSAMT,APPRAISAL AMOUNT,감정평가금액,,생략
감정평가일자,APPRDT,APPRAISAL DATE,"감정평가일,감정일자,감정일",,생략
감지,SENS,SENSE,,,생략
감지기,SNSR,SENSOR,센서,,생략
감차,DCVHCL,DECREASING VEHICLES,,,생략
감찰,ISPTN,INSPECTION,,,생략
감찰참모,ISPSTF,INSPECTION STAFF,,,생략
감청,MNTRG,MONITORING,,,생략
감축,REDC,REDUCTION,,,생략
감편,RDORG,REDUCED ORGANIZATION,,,생략
감항,ARWRTHN,AIRWORTHINESS,,,생략
감항능력,SEAWRTHN,SEAWORTHINESS,,,생략
감항인증,AWRTHCTF,AIRWORTHINESS CERTIFICATION,,,생략
감항증명,ARTHCRT,AIRWORTHINESS CERTIFICATE,,,생략
갑,FRST,FIRST,,,생략
갑문,DCGT,DOCK GATE,도크게이트,,생략
갑반,FSTCLS,FIRST CLASS,,,생략
갑종사태,HHTFT,HIGHEST STATE OF ALERT,,,생략
갑판,DECK,DECK,데크,,생략
갑판번호,DECKNO,DECK NUMBER,,분류어,생략
갑판상부적재,UPDKLOD,UPPERDECK LOADING,,,생략
갑판하부적재,DCKLD,DOWNDECK LOADING,,,생략
값,VAL,VALUE,VALUE,분류어,생략
갓길,SHDRD,SHOULDER OF A ROAD,노견,,생략
강,RVR,RIVER,,,생략
강간,RAPE,RAPE,,,생략
강경,STRNG,STRONG,,,생략
강도,STRTH,STRENGTH,,분류어,생략
강등,DGRDTN,DEGRADATION,,,생략
강력범죄,MAJCRM,MAJOR CRIME,,,생략
강매,FRPCH,FORCED PURCHASE,,,생략
강사,LCTR,LECTURER,,,생략
강서,GANGSEO,GANGSEO,,,생략
강설,SNW,SNOWING,,,생략
강설량,AMTSNW,AMOUNT OF SNOWING,,분류어,생략
강수,PRCPT,PRECIPITATION,,,생략
강수강도,PRCINST,PRECIPITATION INTENSITY,,,생략
강수구분코드,PRCPTDVCD,PRECIPITATION DIVISION CODE,,분류어,생략
강수량,AMTPRCPT,AMOUNT OF PRECIPITATION,,분류어,생략
강수집중,PCTCNR,PRECIPITATION CONCENTRATION,,,생략
강습,CBTAST,COMBAT ASSAULT,,,생략
강습지원임무유형코드,CBATSPMSTYCD,COMBAT ASSAULT SUPPORT MISSION TYPE CODE,,분류어,생략
강안,RVRSD,RIVERSIDE,,,생략
강약점,STWK,STRONG POINT(STRENGTH) AND WEAK POINT(WEAKNESS),,,생략
강우,RNFL,RAINFALL,,,생략
강우계,RNFLLMT,RAINFALL METER,,,생략
강우량,AMTRNFL,AMOUNT OF RAINFALL,,분류어,생략
강원도,GWD,GANGWON-DO,강원,,생략
강원영동,GWYD,GANGWON YEONGDONG,,,생략
강의,LCT,LECTURE,,,생략
강의실,LCTRUM,LECTURE ROOM,,,생략
강임,DMTN,DEMOTION,,,생략
강점,SP,STRONG POINT,,,생략
강제,CPSN,COMPULSION,,,생략
강제보험,CPRY,COMPULSORY AUCTION,,,생략
강제이행,CPSPFMC,COMPULSORY PERFORMANCE,,,생략
강제전송,FRCTL,FORCE TELL,,,생략
강제전송표적,FRCTT,FORCE TELL TRACKS,,,생략
강제징수,CPRCLC,COMPULSORY COLLECTION,,,생략
강제처분,CPRSS,COMPULSORY DISPOSITION,,,생략
강제투표,CPSY,COMPULSORY VOTE,,,생략
강평,CRTQ,CRITIQUE,,,생략
강평서,CQDOC,CRITIQUE DOCUMENT,,,생략
강평일자,CRTQDT,CRITIQUE DATE,강평일,,생략
강평자,RVWR,REVIEWER,,,생략
강풍,STRWD,STRONG WIND,,,생략
강하,DIVE,DIVE,,,생략
강행,ENFRCMNT,ENFORCEMENT,,,생략
강행법,MTRYW,MANDATORY LAW,,,생략
강화,STRNGTH,STRENGTHENING,,,생략
강화운동,STREXE,STRENGTHENING EXERCISE,,,생략
개강,OPNCRS,OPENING A COURSE,,,생략
개구부,OPNNG,OPENING,개구,,생략
개년,YR,YEAR,,,생략
개념,CNCPT,CONCEPT,,,생략
개념연구,CCTRSCH,CONCEPT RESEARCH,,,생략
개도국,DEVCNTRY,DEVELOPING COUNTRY,,,생략
개략,OUTLN,OUTLINE,,,생략
개략계획서,OPDOC,OUTLINE PLAN DOCUMENT,,,생략
개량형재래식탄약,ICM,IMPROVED CONVENTIONAL MUNITION,,,생략
개명,RENAME,RENAME,,,생략
개문,OPENGT,OPENING THE GATE,,,생략
개발,DVLP,DEVELOPMENT,,,생략
개발관리기관코드,DMOCD,DEVELOPMENT MANAGEMENT ORGANIZATION CODE,,분류어,생략
개발부품분류코드,DPCCD,DEVELOPMENT PARTS CLASSIFICATION CODE,,분류어,생략
개발시험평가,DT,DEVELOPMENTAL TEST AND EVALUATION,,,생략
개발일자,DVLPDT,DEVELOPMENT DATE,개발일,,생략
개발자,DVLPER,DEVELOPER,,,생략
개발제한구역,GRBLT,GREENBELT,"녹지지역,그린벨트",,생략
개발진행상태코드,DPSCD,DEVELOPMENT PROGRESS STATE CODE,,분류어,생략
개발취소사유코드,DCRCD,DEVELOPMENT CANCELLATION REASON CODE,,분류어,생략
개발형태코드,DSCD,DEVELOPMENT SHAPE CODE,,분류어,생략
개별,SPRTLY,SEPARATELY,,,생략
개별법,SICM,SPECIFIC IDENTIFICATION OF COST METHOD,,,생략
개별소비세,IDVCSTX,INDIVIDUAL CONSUMPTION TAX,특별소비세,,생략
개봉,OPEN,OPEN,,,생략
개산,APRX,APPROXIMATE,,,생략
개산가격,BGPRC,BALLPARK FIGURE PRICE,,,생략
개산금,APRXVAL,APPROXIMATE VALUE,,,생략
개산급,APRE,ADVANCE PAYMENT BY ROUGH ESTIMATE,,,생략
개산원가,BRFPR,BALLPARK FIGURE COST PRICE,,,생략
개서,RWRT,REWRITING,,,생략
개선,IMPR,IMPROVEMENT,,,생략
개설,OPNG,OPENING,,,생략
개설은행,OPNGBNK,OPENING BANK,,,생략
개설의뢰인,APLCT,APPLICANT,,,생략
개설일자,OPNDT,OPENING DATE,개설일,,생략
개설자,FOUNDR,FOUNDER,,,생략
개성공단,GNTRX,GAESUNG INDUSTRIAL COMPLEX,,,생략
개소,OFCOPN,OFFICE OPENING,,,생략
개소,SPOT,SPOT,,,생략
개수,NUM,NUMBER,갯수,분류어,생략
개수정비,CRI,CONVERSION REPAIR IMPROVEMENT,,,생략
개스킷,GSKT,GASKET,가스켓,,생략
개시,BGN,BEGIN,,,생략
개시,FTRSN,FIRST TRANSACTION,,,생략
개시일자,BGDT,BEGINNING DATE,개시일,,생략
개시재무제표,OFS,OPENING FINANCIAL STATEMENT,,,생략
개시전,BFTRT,BEFORE START,,,생략
개업,OPNBIZ,OPENING OF BUSINESS,,,생략
개업일자,OPNBIZDT,OPENING OF BUSINESS DATE,개업일,,생략
개요,SMMRY,SUMMARY,,,생략
개월,MONS,MONTHS,,,생략
개월수,MONSNB,MONTHS NUMBER,"월수,달수",분류어,생략
개인,INDV,INDIVIDUAL,,,생략
개인단량,PSQTY,PERSONAL SINGLE QUANTITY,,,생략
개인발명가,INDVDLINVNT,INDIVIDUAL INVENTOR,,,생략
개인용,PRVT,PRIVATE,,,생략
개인용컴퓨터,PC,PERSONAL COMPUTER,PC,,생략
개인자력,INDQNC,INDIVIDUAL QUALIFICATION AND CAREER,,,생략
개인장비,INDVEQ,INDIVIDUAL EQUIPMENT,,,생략
개인정보,PSNINF,PERSONAL INFORMATION,신상정보,,생략
개인참모,PSNSTF,PERSONAL STAFF,,,생략
개인화,PSNLZ,PERSONALIZE,,,생략
개인화기,PSNWP,PERSONAL WEAPON,,,생략
개인화기일련번호,SASNO,SMALL ARMS SERIAL NUMBER,,분류어,생략
개인회생,INDRVL,INDIVIDUAL REVIVAL,,,생략
개인훈련,IDVTRN,INDIVIDUAL TRAINING,,,생략
개임,REAPOINT,REAPPOINTMENT,,,생략
개입,INTRVN,INTERVENTION,,,생략
개입권,ITNGH,INTERVENTION RIGHTS,,,생략
개입의무,ITRB,INTERVENTION OBLIGATION,,,생략
개장,RDCR,REDECORATION,,,생략
개전,DECLWR,DECLARING WAR,,,생략
개정,RVSN,REVISION,,,생략
개정안,RVSBIL,REVISED BILL,,,생략
개정일자,RVSNDT,REVISION DATE,개정일,,생략
개정판,RVSEDT,REVISED EDITION,,,생략
개정판번호,RENO,REVISED EDITION NUMBER,,분류어,생략
개조,RMDL,REMODELING,,,생략
개조일자,RMDLDT,REMODELING DATE,개조일,,생략
개찰,OPB,OPENING OF THE BIDS,,,생략
개창식군수품조사,OIM,OPEN INVENTORY METHOD,,,생략
개척,BRCH,BREACH,,,생략
개천,BROOK,BROOK,,,생략
개체,INDVD,INDIVIDUAL,,,생략
개최,OPMT,OPEN A MEETING,,,생략
개최국가,HSTCNT,HOST COUNTRY,,,생략
개최시설,INSTIT,INSTITUTION,,,생략
개최시설상세정보,INSTUTDIF,INSTITUTION DETAIL INFORMATION,,,생략
개최지역,OPAR,OPEN AREA,,,생략
개최회담,OPTO,OPEN TOLK,,,생략
개칭,RETITL,RETITLE,,,생략
개통,OPENG,OPENING,,,생략
개통자,OPENER,OPENER,,,생략
개편,RORG,REORGANIZATION,,,생략
개폐,OPNSHT,OPENING AND SHUTTING,,,생략
개폐기,SWCH,SWITCH,스위치,,생략
개폐소,OPNCLS,OPENING AND CLOSING,,,생략
개표,XMNTCK,EXAMINATION OF TICKETS,,,생략
개표구,TCKBR,TICKET BARRIER,,,생략
개품운송계약,CGNLS,CARRIAGE IN A GENERAL SHIP,,,생략
개함,OPBX,OPEN BOX,,,생략
개황,OUTLK,OUTLOOK,,,생략
개회,OPNMT,OPENING OF A MEETING,,,생략
객관식,OBJTST,OBJECTIVE TEST,,,생략
객담,SPTM,SPUTUM,,,생략
객원교수,GPFS,GUEST PROFESSOR,,,생략
객차,PSGCAR,PASSENGER CAR,"여객차,객차량",,생략
객체,OBJT,OBJECT,"OBJECT,오브젝트",,생략
객체번호,OBJTNO,OBJECT NUMBER,,분류어,생략
갤런,GAL,GALLON,,,생략
갱도,TNL,TUNNEL,,,생략
갱도형,TNLTY,TUNNEL TYPE,,,생략
갱도형태코드,TNLSHCD,TUNNEL SHAPE CODE,,분류어,생략
갱도화,TNLZT,TUNNELIZATION,,,생략
갱신,UPDT,UPDATE,"UPDATE,업데이트",,생략
갱신,RNWL,RENEWAL,,,생략
갱신일자,UPDTDT,UPDATE DATE,갱신일,,생략
갱신일자,RNWLDT,RENEWAL DATE,갱신일,,생략
갱신자,RNWPS,PERSON WHO RE-NEW A RECORD,,,생략
갱입,GNGIN,GANG IN,,,생략
갱출,GNGOUT,GANG OUT,,,생략
거대선,ERYSP,ENORMITY SHIP,,,생략
거래,TRSTN,TRANSACTION,,,생략
거래기간,TRSPRD,TRANSACTION PERIOD,,,생략
거래번호,TRSTNO,TRANSACTION NUMBER,,분류어,생략
거래사유코드,TOC,TRANSACTION OBJECT CODE,,분류어,생략
거래식별코드,TIC,TRANSACTION IDENTIFICATION CODE,,분류어,생략
거래유형,TRSTP,TRANSACTION TYPE,,,생략
거래일자,TRSTDT,TRANSACTION DATE,거래일,,생략
거래자,DEALER,DEALER,,,생략
거래전,BFDL,BEFORE DEAL,,,생략
거래증빙서번호,TVNO,TRANSACTION VOUCHER NUMBER,"증빙서번호,거래증번호",분류어,생략
거래처,CNTN,CONNECTION,,,생략
거래처구분코드,CNDVCD,CONNECTION DIVISION CODE,,분류어,생략
거래처실명번호,CRNNO,CONNECTION REAL NAME NUMBER,,분류어,생략
거래후,AFTDL,AFTER DEAL,,,생략
거리,DSTC,DISTANCE,,분류어,생략
거리구분코드,DISTDVCD,DISTANCE DIVISION CODE,,분류어,생략
거리단위부호,DSTCUISGN,DISTANCE UNIT SIGN,,분류어,생략
거리당요금,FEBD,FEE BY DISTINCE,,,생략
거리표,DSTMK,DISTANCE MARK,,,생략
거목,BGTRE,BIG TREE,,,생략
거버넌스,GVRNC,GOVERNANCE,,,생략
거부,RFSL,REFUSAL,,,생략
거부,DENL,DENIAL,,,생략
거부권,RFUSRT,RIGHT OF REFUSE,,,생략
거부권한자구분코드,RFSLATHDVCD,REFUSAL AUTHORITY DIVISION CODE,,분류어,생략
거부표적진척코드,DNTGPGCD,DENIAL TARGET PROGRESS CODE,,분류어,생략
거부표적코드,DNTGCD,DENIAL TARGET CODE,,분류어,생략
거북,TRTS,TORTOISE,,,생략
거소,ONEADDR,ONES ADDRESS,,,생략
거절,RJCT,REJECTION,,,생략
거절자,RJCTR,REJECTER,,,생략
거절증서,PRTEST,PROTEST,,,생략
거주자,RSDT,RESIDENT,,,생략
거주지,ABODE,ABODE,,,생략
거주지여부,RESIDENCEYN,ABODE YES OR NO,,,생략
거짓,FLS,FALSE,,,생략
거처,DWLLG,DWELLING,,,생략
거치,DFMNT,DEFERMENT,,,생략
거치,MNT,MOUNT,,,생략
거치금액,DRMN,DEFERRED AMOUNT,,,생략
건,MTTR,MATTER,,,생략
건강,HEALTH,HEALTH,,,생략
건강보험,HLTHISR,HEALTH INSURANCE,,,생략
건강보험공제코드,HISBTRCD,HEALTH INSURANCE SUBTRACTION CODE,,분류어,생략
건강보험구분코드,HIDCD,HEALTH INSURANCE DIVISION CODE,,분류어,생략
건강보험산출기준코드,HICSCD,HEALTH INSURANCE CALCULATION STANDARD CODE,,분류어,생략
건강보험심사평가원,HIRA,HEALTH INSURANCE REVIEW AGENCY,"연합회,의료보험연합회",,생략
건강보험정산,ECFHLINS,EXACT CALCULATION FOR HEALTH INSURANCE,,,생략
건강보험정산코드,HIEXCD,HEALTH INSURANCE EXACT CALCULATION CODE,,분류어,생략
건강보험증,HICRD,HEALTH INSURANCE CARD,의료보험증,,생략
건강보험증번호,HICRDNO,HEALTH INSURANCE CARDNUMBER,,분류어,생략
건강생활유지비,CEHL,COVERING EXPENCE OF HEALTHY LIFE,,,생략
건구온도,DRYBLBTPRT,DRY BULB TEMPERATURE,,,생략
건국,ESTCNT,ESTABLISHMENT OF A COUNTRY,,,생략
건국훈장,OMRNTFD,ORDER OF MERIT FOR NATIONAL FOUNDATION,,,생략
건기,DRYSN,DRY SEASON,,,생략
건립,BILD,BUILD,,,생략
건립일자,BILDDT,BUILDING DATE,건립일,,생략
건명,SBJHD,SUBJECT HEADING,,,생략
건물,BLD,BUILDING,,,생략
건물관리번호,BLDMGTNO,BUILDING MANAGEMENT NUMBER,,분류어,생략
건물구조코드,BLDSTRCD,BUILDING STRUCTURE CODE,,분류어,생략
건물번호,BLDNO,BUILDING NUMBER,,분류어,생략
건물벽체재료구분코드,BWBRMDCD,BUILDING WALL BODY RAW MATERIAL DIVISION CODE,,분류어,생략
건물본번,BMNO,BUILDING MAIN NUMBER,,,생략
건물부번,BSNO,BUILDING SUB NUMBER,,,생략
건물부수설비,INCFCLBD,INCIDENTAL FACILITIES OF BUILDING,,,생략
건물토지,BDES,BUILDING  AND ESTATE,,,생략
건별,CSBY,CASE BY,,,생략
건설,CNST,CONSTRUCTION,,,생략
건설관리,CSTMGT,CONSTRUCTION MANAGEMENT,,,생략
건설기계,HCM,HEAVY CONSTRUCTION MACHINE,,,생략
건설동원,CSTMOB,CONSTRUCTION MOBILIZATION,,,생략
건설동원업체,CMENT,CONSTRUCTION MOBILIZATION ENTERPRISE,,,생략
건설동원업체종류코드,CMENTKNDCD,CONSTRUCTION MOBILIZATION ENTERPRISE KIND CODE,,분류어,생략
건설이자,CNSTRCINTR,CONSTRUCTION INTEREST,,,생략
건설일자,CNSTDT,CONSTRUCTION DATE,건설일,,생략
건수,NUMCS,THE NUMBER OF CASES,,분류어,생략
건의,RCMD,RECOMMENDATION,,,생략
건의권,RCMDRGT,RECOMMENDATION RIGHT,,,생략
건의권자,RCMNDR,RECOMMENDER,,,생략
건의번호,RCMNO,RECOMMENDATION NUMBER,,분류어,생략
건의서,PRSLDOC,PROPOSAL DOCUMENT,,,생략
건의안,PRPSTN,PROPOSITION,,,생략
건의일자,RCMDDT,RECOMMENDATION DATE,건의일,,생략
건의코드,AV,ADVICE CODE,,분류어,생략
건전,SNDNS,SOUNDNESS,,,생략
건전지,DRCL,DRY CELL,,,생략
건제,ORGRL,ORGANIZATION BY RULE,,,생략
건제부대구분코드,ORGUTDVCD,ORGANIZATION BY RULE UNIT DIVISION CODE,,분류어,생략
건조,DRYNS,DRYNESS,,,생략
건조,CNSTRTN,CONSTRUCTION,,,생략
건조자시운전,BT,BUILDER`S TRIAL,,,생략
건체중,DRYWEIGHT,DRY WEIGHT,,,생략
건축,BILDNG,BUILDING,,,생략
건축공사구분코드,BDCWDVCD,BUILDING CONSTRUCTION WORK DIVISION CODE,,분류어,생략
건축면적,BDAR,BUILDING AREA,,,생략
건축물,BLDNG,BUILDING,,,생략
건축물대장,BDRG,BUILDING REGISTER,,,생략
건축법,BLDLW,BUILDING LAW,,,생략
건축일자,BULTDT,BUILDING DATE,건축일,,생략
건평,BLDAR,BUILDING AREA,,,생략
건폐율,BCRT,BUILDING COVERAGE RATIO,,,생략
검거,ARST,ARREST,,,생략
검교정일자,INSCRTDT,INSPECTION AND CORRECTION DATE,검교정일,,생략
검근,WGINS,WEIGH FOR INSPECTION,,,생략
검량사,WGHER,WEIGHER,,,생략
검문,CHKUP,CHECK-UP,,,생략
검문소,CHKPNT,CHECKPOINT,,,생략
검사,INSP,INSPECTION,,,생략
검사결과번호,INSPRSLTNO,INSPECTIONRESULTNUMBER,,분류어,생략
검사계획번호,INSPLNNO,INSPECTION PLAN NUMBER,,분류어,생략
검사관,INSPTR,INSPECTOR,,,생략
검사관번호,INSPTRNO,INSPECTOR NUMBER,,분류어,생략
검사기관코드,INSPORGCD,INSPECTION ORGAN CODE,,분류어,생략
검사기준일,TSTBSDE,TEST BASIC DATE,,,생략
검사단위코드,IUCD,INSPECTION UNIT CODE,,분류어,생략
검사대상구분코드,IPICD,INSPECTION PARTNER INDICATOR CODE,,분류어,생략
검사료,INSPFEE,INSPECTION FEE,,,생략
검사및납품조서,IDGDDOC,INSPECTION AND DELIVERY OF GOODS DOCUMENT,,,생략
검사번호,INSPNO,INSPECTION NUMBER,,분류어,생략
검사부위코드번호,INSPRGNCDNO,INSPECTION REGION CODE NUMBER,,분류어,생략
검사소,INSPOFC,INSPECTING OFFICE,,,생략
검사승인번호,INSPAPRVNO,INSPECTIONAPPROVAL NUMBER,,분류어,생략
검사실,LAB,LABORATORY,,,생략
검사실대분류,LLRG,LABORATORY LARGE CLASSIFICATION,,,생략
검사실중분류,LMDL,LABORATORY MIDDLE CLASSIFICATION,,,생략
검사실코드번호,LABCDNO,LABORATORYCODE NUMBER,,분류어,생략
검사일자,INSPDT,INSPECTION DATE,검사일,,생략
검사자,INSPCTR,INSPECTOR,,,생략
검사주기구분코드,ICDCD,INSPECTION CYCLE DIVISION CODE,,분류어,생략
검사증명서,INSPCERT,INSPECTION CERTIFICATE,검사증,,생략
검사증명서번호,ICNO,INSPECTION CERTIFICATE NUMBER,,분류어,생략
검사지시서번호,INSPLINO,INSPECTION LETTER OF INSTRUCTION NUMBER,,,생략
검사처방,IPRS,INSPECTION PRESCRIPTION,,,생략
검사코드번호,INSPCODENO,INSPECTION   CODENO,,분류어,생략
검사필,ENDSC,ENDING INSPECTION,,,생략
검사형태코드,INSPSHPCD,INSPECTION SHAPE CODE,,분류어,생략
검색,SRCH,SEARCH,,,생략
검색수집상태코드,SRCHCLTNSACD,SEARCH COLLECTION STATE CODE,,분류어,생략
검색어,SRCHWD,SEARCH WORD,,,생략
검색자,SRCHR,SEARCHER,,,생략
검색코드번호,SRCHCDNO,SEARCHCODE NUMBER,,분류어,생략
검수,VRFC,VERIFICATION,,,생략
검수관,VFOFCR,VERIFICATION OFFICER,,,생략
검수번호,VRFCNO,VERIFICATION NUMBER,,,생략
검수사,CHCKR,CHECKER,,,생략
검수일자,VRFTDT,VERIFICATION DATE,검수일,,생략
검수자,VRFPSN,VERIFICATION PERSON,,,생략
검식,TFD,TASTER FOR DIET,,,생략
검안,EXMN,EXAMINATION,,,생략
검역,QDRTN,QUARANTINE,,,생략
검역항,QRPRT,QUARANTINE PORT,,,생략
검열,INSPTN,INSPECTION,,,생략
검인,STMPAPR,STAMP OF APPROVAL,,,생략
검정,OFAPRV,OFFICIAL APPROVAL,,,생략
검정료,AUTHFEE,AUTHORIZATION FEE,,,생략
검정일자,OFAPDT,OFFICIAL APPROVAL DATE,검정일,,생략
검정지역,AUTHAR,AUTHORIZATION AREA,,,생략
검증,VRFCTN,VERIFICATION,,,생략
검증대상신분코드,VOSCD,VERIFICATION OBJECT SOCIAL POSITION CODE,,분류어,생략
검증위원회,VRFCCM,VERIFICATION COMMITTEE,,,생략
검증자,VRIFER,VERIFIER,,,생략
검지,IDXFNGR,INDEX FINGER,,,생략
검진,MDCTST,MEDICAL TESTING,,,생략
검차관,CARINSR,CAR INSPECTOR,,,생략
검출,DTCTN,DETECTION,,,생략
검침,MTINSP,METER INSPECTION,,,생략
검토,RVW,REVIEW,,,생략
검토일자,EXMDT,EXAMINATION DATE,검토일,,생략
검토자,EXMNR,EXAMINER,,,생략
겉포장,EXTPCK,EXTERNAL PACKING,,,생략
게시,NTC,NOTICE,,,생략
게시물,NTCNT,NOTICE CONTENTS,게시글,,생략
게시물번호,NCNO,NOTICE CONTENTS NUMBER,게시글번호,분류어,생략
게시자,NTFR,NOTIFIER,,,생략
게시판,BLTNBD,BULLETIN BOARD,,,생략
게양,DISPL,DISPLAYING,,,생략
게이지,GAUGE,GAUGE,,,생략
게이트볼,GATEB,GATEBALL,,,생략
게이트웨이,GW,GATEWAY,,,생략
게이트키퍼,GTPR,GATE KEEPER,,,생략
게재,PBLCTN,PUBLICATION,게제,,생략
게재일자,PBLDT,PUBLICATION DATE,게재일,,생략
겨울,WNTR,WINTER,,,생략
격납,PUTIN,PUT IN,,,생략
격납고,HANGAR,HANGAR,,,생략
격납고위장도색형태코드,HGRPTPNTTYCD,HANGAR PATTERN PAINTING TYPE CODE,,분류어,생략
격납고형태코드,HGRTYCD,HANGAR TYPE CODE,,분류어,생략
격리,ISLTN,ISOLATION,,,생략
격멸,DSTRTN,DESTRUCTION,,,생략
격발,PERS,PERCUSSION,,,생략
격벽,PRTNWL,PARTITION WALL,,,생략
격상,PRMT,PROMOTION,,,생략
격상기준,PRMTSTD,PROMOTION STANDARD,,,생략
격실,CPTMT,COMPARTMENT,,,생략
격오지,RMTAR,REMOTE AREA,,,생략
격월,BMNTH,BIMONTHLY,,,생략
격추,KILL,KILL,,,생략
격추확률표,PKTABLE,PROBABILITY OF KILL TABLE,,,생략
격판,LEDGE,LEDGE,,,생략
격판번호,LEDGENO,LEDGE NUMBER,,분류어,생략
격하,DEGRDTN,DEGRADATION,,,생략
견,DOG,DOG,,,생략
견고,STRONG,STRONG,,,생략
견고성,STRGLY,STRONGLY,,,생략
견고화,HRDNG,HARDENING,,,생략
견본,SMPL,SAMPLE,,,생략
견본번호,SMPLNO,SAMPLE NUMBER,,분류어,생략
견본품,SMPLR,SAMPLER,,,생략
견인,PUL,PULLING,,,생략
견인능력,PULABLT,PULLING ABILITY,,,생략
견인전동기,PULEMTR,PULLING ELECTRIC MOTOR,,,생략
견인포,TWART,TOWED ARTILLERY,,,생략
견적,ESTM,ESTIMATE,,,생략
견적가격,ESTVAL,ESTIMATED VALUE,"견적가,견적금액",,생략
견적서,ESTDOC,ESTIMATE DOCUMENT,,,생략
견적요구,RFQ,REQUEST FOR QUOTATION,,,생략
견학,LNBNS,LEARNING BY INSPECTION,,,생략
결격,DQLF,DISQUALIFICATION,,,생략
결격사유,RSNDQLF,REASONS FOR DISQUALIFICATION,,,생략
결과,RSLT,RESULT,,,생략
결과공개,RSOPP,RESULT OPENING TO THE PUBLIC,,,생략
결과대체,RITC,RESULT INTERCHANGE,,,생략
결과서,DOR,DOCUMENT OF RESULT,,,생략
결과유형,RSTTP,RESULT TYPE,,,생략
결과코드번호,RTCDNO,RESULT CODE NUMBER,,,생략
결렬,RPTR,RUPTURE,,,생략
결로,DWCND,DEW CONDENSATION,,,생략
결론,CLSN,CONCLUSION,,,생략
결말판결,RTJDG,REST JUDGEMENT,,,생략
결박,TIE,TIE,,,생략
결번,MSBR,MISSING NUMBER,,,생략
결부,LNKTG,LINK TOGETHER,,,생략
결빙,FRZNG,FREEZING,,,생략
결산,CLSACC,CLOSING ACCOUNTS,,,생략
결산금액,CLSACAMT,CLOSING ACCOUNTS AMOUNT,결산액,,생략
결산기,PSACNT,PERIOD FOR SETTLEMENT OF ACCOUNTS,,,생략
결산단위,CLSUI,CLOSING UNIT,,,생략
결산번호,CANO,CLOSING ACCOUNTS NUMBER,,분류어,생략
결산보고서,RTTCN,REPORT ON THE SETTLEMENT OF ACCOUNTS,,,생략
결산분개조정,CLSJNADJ,CLOSING JOURNALIZING ADJUSTMENT,,,생략
결산서,CLSACCSHT,CLOSING ACCOUNTS SHEET,,,생략
결산일자,CLACDT,CLOSING ACCOUNTS DATE,결산일,,생략
결산조정,CLSAJ,CLOSING ADJUSTMENT,,,생략
결산품종코드,CACSCD,CLOSING ACCOUNTS CLASS OF SUPPLY CODE,,분류어,생략
결석판결,DTJG,DEFAULT JUDGEMENT,,,생략
결선,CNCTN,CONNECTION,,,생략
결선투표,FNVOT,FINAL VOTE,,,생략
결속,UNION,UNION,,,생략
결손,DEFCT,DEFICIT,,,생략
결손금,DFMN,DEFICIT MONEY,,,생략
결손일자,DEFCTDT,DEFICIT DATE,결손일,,생략
결심,DTMNTN,DETERMINATION,,,생략
결심보조도표,DST,DECISION SUPPORT TEMPLATE,,,생략
결심조언회피조작지시,RA,RESOLUTION ADVISORY,,,생략
결심지원도표,DSM,DECISION SUPPORT MATRICES,,,생략
결심지점,DP,DECISION POINT,DP,,생략
결약서,CRTLD,CONTRACTUAL DOCUMENT,,,생략
결여,LCK,LACK,,,생략
결연,FMHP,FORMING A RELATIONSHIP,,,생략
결원,VCNC,VACANCY,,,생략
결의,RSLN,RESOLUTION,,,생략
결의서,ANACT,AN ACT,,,생략
결의일자,RSLNDT,RESOLUTION DATE,결의일,,생략
결재,APRV,APPROVAL,,,생략
결재권,DSPW,DECISIVE POWER,,,생략
결재문서번호,APRDOCNO,APPROVAL DOCUMENT NUMBER,,분류어,생략
결재상태코드,ASCD,APPROVAL STATUS CODE,,분류어,생략
결재선,APRVLN,APPROVAL LINE,,,생략
결재일자,APRVDT,APPROVAL DATE,결재일,,생략
결재자,DCSOFCR,DECISION OFFICER,,,생략
결점,FAULT,FAULT,,,생략
결정,DCSN,DECISION,,,생략
결정규범,DTNRM,DETERMINATION NORM,,,생략
결정서,WRTDCS,WRITTEN DECISION,,,생략
결정요소,DECSNFACTOR,DECISION FACTOR,,,생략
결정일자,DCSDT,DECISION DATE,결정일,,생략
결제,STLMT,SETTLEMENT,,,생략
결제수량,STQY,SETTLEMENT QUANTITY,,,생략
결제일자,STLMDT,SETTLEMENT DATE,결제일,,생략
결제자,SETLER,SETTLER,,,생략
결집,CNCNTR,CONCENTRATION,,,생략
결탁소송,CPTYWT,COMPLICITY LAWSUIT,,,생략
결함,DFCT,DEFECT,,,생략
결함등급코드,DGCD,DEFECTIVE GRADE CODE,,분류어,생략
결함번호,DFCTNO,DEFECT NUMBER,,분류어,생략
결함원인관리번호,DCMNO,DEFECT CAUSE MANAGEMENT NUMBER,,분류어,생략
결함조치코드,DACD,DEFECTIVE ACTION CODE,,분류어,생략
결함코드,DFCD,DEFECTIVE CODE,,분류어,생략
결함표준관리번호,CSMNO,DEFECT STANDARD MANAGEMENT NUMBER,,분류어,생략
결함회복,DFRV,DEFECT RECOVERY,,,생략
결합,CBNTN,COMBINATION,,,생략
결합범,CTFS,CONCURRENT OFFENCES,,,생략
결합용기,CMBCTN,COMBINATION CONTAINER,,,생략
결합체,ASBL,ASSEMBLY,,,생략
결합체공구,ASBTL,ASSEMBLY TOOL,,,생략
결핵,TB,TUBERCULOSIS,,,생략
결핵일련번호,TBSN,TUBERCULOSIS SERIAL NUMBER,,분류어,생략
겸무,ADPST,ADDITIONAL POST,,,생략
겸영,CBNTHB,COMBINING THE MANAGEMENT OF ANOTHER BUSINESS,,,생략
겸용,CBDUSE,COMBINED USE,,,생략
겸임,ADMSN,ADDITIONAL MISSION,,,생략
겸직,ADDJOB,ADDITIONAL JOB,,,생략
경,PTTY,PETTY,,,생략
경간,SPAN,SPAN,,,생략
경감,RDUCT,REDUCTION,,,생략
경계,BDRY,BOUNDARY,,,생략
경계,SECRTY,SECURITY,,,생략
경계근무,WSVC,WATCH SERVICE,,,생략
경계근무형태코드,SECUWORCD,SECURITY WORK SHAPE CODE,,분류어,생략
경계부대,SCRFC,SECURITY FORCES,,,생략
경계부대코드,SFUCD,SECURITY FORCES UNIT CODE,,,생략
경계부호코드,BDRYSIGNCD,BOUNDARY SIGN CODE,,분류어,생략
경계소송,BNDRYLWST,BOUNDARY LAWSUIT,,,생략
경계작전,SCOP,SECURITY OPERATION,,,생략
경계작전감시초소구분코드,SCOPGPDVCD,SECURITY OPERATION GUARD POST DIVISION CODE,,분류어,생략
경계작전구분코드,SCOPDVCD,SECURITY OPERATION DIVISION CODE,,분류어,생략
경계작전유형코드,SCOPTYCD,SECURITY OPERATION TYPE CODE,,분류어,생략
경계작전지역구분코드,SCOPRGDVCD,SECURITY OPERATION REGION DIVISION CODE,,분류어,생략
경고,WARN,WARNING,,,생략
경과,PASG,PASSAGE,,,생략
경과규정,TSLPRV,TRANSITIONAL PROVISIONS,,,생략
경과기록지,PRGSNT,PROGRESS NOTE,,,생략
경과이자,ACCRDINTR,ACCRUED INTEREST,,,생략
경구,TKMTH,TAKING BY MOUTH,,,생략
경구혈당강하제,OHA,ORAL HYPOGLYCEMIC AGENT,,,생략
경기,GAME,GAME,,,생략
경기,GYEONGGI,GYEONGGI,,,생략
경기도,GGD,GYEONGGI-DO,,,생략
경기도광주시,GWJS,GWANGJUSI,,,생략
경기북부,GGNP,GYEONGGI NORTHERN PART,,,생략
경기장,STDM,STADIUM,,,생략
경대,MIRSTND,MIRROR STAND,,,생략
경도,LNGT,LONGITUDE,,분류어,생략
경도,HRDN,HARDNESS,,,생략
경량,LGHTWGT,LIGHT WEIGHT,,,생략
경량화군수,LL,LEAN LOGISTICS,,,생략
경력,CAREER,CAREER,,,생략
경력사칭,CPN,CARRIER IMPERSONATION,,,생략
경력자,EXPM,EXPERIENCED MAN,,,생략
경력자료,CAREERDTA,CAREER DATA,,,생략
경력직공무원,POCS,PUBLIC OFFICIALS IN CAREER SERVICE,,,생략
경력평정,CREVAL,CAREER EVALUATION,,,생략
경력합산,CRADUP,CAREER ADDING UP,,,생략
경로,RSPC,RESPECT FOR THE OLD,,,생략
경로,ROUTE,ROUTE,루트,분류어,생략
경로번호,PATHNO,PATH NUMBER,,분류어,생략
경로식별코드,RICD,ROUTINE IDENTIFICATION CODE,,분류어,생략
경리,ACCTNG,ACCOUNTING,,,생략
경리지원부대구분코드,ASUDCD,ACCOUNTING SUPPORT UNIT DIVISION CODE,,분류어,생략
경마장,RCTRCK,RACE TRACK,,,생략
경매,AUC,AUCTION,,,생략
경매개시결정,DCCC,DECISION ON THE COMMENCEMENT OF AUCTION,,,생략
경매보증금,GNTM,GUARANTY MONEY OF AUCTION,,,생략
경매청약,SBRPF,SUBSCRIPTION FOR AUCTION,,,생략
경무,PLAFS,POLICE AFFAIRS,,,생략
경미,SLGHT,SLIGHT,,,생략
경범죄,CNTRV,CONTRAVENTION,,,생략
경보,ALERT,ALERT,,,생략
경보기,ALMSGN,ALARM SIGNAL,,,생략
경보망,WRNNT,WARNING NET,,,생략
경보설비,ALMSYS,ALARM SYSTEM,,,생략
경비,GUARD,GUARD,,,생략
경비,EXPN,EXPENSE,,분류어,생략
경비정,PTCRF,PATROL CRAFT,,,생략
경사,INCL,INCLINATION,,,생략
경사각,AOB,ANGLE OF BANK,,분류어,생략
경사궤도,INCLORBT,INCLINED ORBIT,,,생략
경상,ORDN,ORDINARY,,,생략
경상,LTWND,LIGHT WOUND,,,생략
경상가격,CURTPRC,CURRENT PRICE,,,생략
경상남도,GSND,GYEONGSANGNAM-DO,경남,,생략
경상도,GSDO,GYEONGSANG-DO,,,생략
경상북도,GSBD,GYEONGSANGBUK-DO,경북,,생략
경상비,ORDEXP,ORDINARY EXPENDITURE,,,생략
경상사업,ORDNBIZ,ORDINARY BUSINESS,,,생략
경상수지,ORE,ORDINARY REVENUE AND EXPENDITURE,경상거래,,생략
경상이익,ORDPF,ORDINARY PROFIT,,,생략
경상자,LTLWND,LIGHTLY WOUNDED,,,생략
경선기간,ELCPD,ELECTION PERIOD,,,생략
경선일,ELDY,ELECTION DAY,,,생략
경수로,LCR,LIGHT-WATER REACTOR,,,생략
경식,LIGM,LIGHT MEAL,,,생략
경영,MNGT,MANAGEMENT,,,생략
경영방침,BPL,BUSINESS POLICIES,,,생략
경영분석,BA,BUSINESS ANALYSIS,,,생략
경영위임,MNDG,MANAGEMENT DELEGATION,,,생략
경영정보시스템,MIS,MANAGEMENT INFORMATION SYSTEM,"MIS,관리정보체계",,생략
경우,INCASE,IN CASE OF,,,생략
경운기,CULTVT,CULTIVATOR,,,생략
경위,RNW,RIGHT AND WRONG,,,생략
경위도,LNTLT,LONGITUDE AND LATITUDE,,,생략
경위도좌표,GEOCD,GEOGRAPHIC COORDINATES,지리좌표(경위도좌표),,생략
경위서,REPRT,REPORT,,,생략
경유,VIA,VIA,,,생략
경유,LGTOIL,LIGHT OIL,,,생략
경유일자,VIADT,VIA DATE,경유일,,생략
경유지,INTMPNT,INTERMEDIATE POINT,,,생략
경의선,KURL,KYONGUI RAIL LINE,,,생략
경쟁,CMPTN,COMPETITION,,,생략
경쟁가격,CPTPRC,COMPETITIVE PRICE,,,생략
경쟁력,CMPTPW,COMPETITIVE POWER,,,생략
경쟁매매,CTVD,COMPETITIVE TRADE,,,생략
경쟁사,RVCMPN,RIVAL COMPANY,,,생략
경쟁율,CMPETRT,COMPETITION RATE,,,생략
경쟁입찰,CPTBID,COMPETITIVE BIDDING,,,생략
경전술문교,LTR,LIGHT TACTICAL RAFT,,,생략
경정,REVISN,REVISION,,,생략
경정등기,RTRCC,REGISTRATION OF CORRECTION,,,생략
경제,ECNM,ECONOMY,,,생략
경제성,ECNEF,ECONOMICAL EFFICIENCY,,,생략
경제성분석,AOE,ANALYSIS OF ECONOMY,,,생략
경제성장률,EGR,ECONOMIC GROWTH RATE,경제성장율,,생략
경제속도,ECOSPD,ECONOMICAL SPEED,경제속력,,생략
경제수명,EL,ECONOMIC LIFE,,,생략
경제적,ECNMC,ECONOMICAL,,,생략
경제적구매량,EPQ,ECONOMIC PURCHASE QUANTITY,EPQ,,생략
경제적보유재고,ERS,ECONOMIC RETENTION STOCK,경제적보류재고,,생략
경제적수리한계,ERL,ECONOMIC REPAIR LIMITS,,,생략
경제적청구량,EOQ,ECONOMIC ORDER QUANTITY,EOQ,,생략
경제지표,ENMIC,ECONOMIC INDICATOR,,,생략
경제협력개발기구,OECD,ORGANIZATION FOR ECONOMIC COOPERATION AND DEVELOPMENT,OECD,,생략
경조,CONDLC,CONDOLENCE,,,생략
경질,RSHFL,RESHUFFLE,,,생략
경징계,PTDSCPL,PETTY DISCIPLINE,,,생략
경차,LGHVHCL,LIGHT VEHICLES,,,생략
경찰,POLICE,POLICE,,,생략
경찰강제,POLCFRC,POLICE ENFORCEMENT,,,생략
경찰기관,POLCAGNCY,POLICE AGENCY,,,생략
경찰긴급권,POLCEAUTH,POLICE EMERGENCY AUTHORITY,,,생략
경찰서,POLS,POLICE STATION,,,생략
경찰청,NPA,NATIONAL POLICE AGENCY,,,생략
경파,LGTDST,LIGHT DESTROYED,,,생략
경포,LTATL,LIGHT ARTILLERY,,,생략
경하상태,LTCND,LIGHT CONDITION,경하,,생략
경향,TNDNC,TENDENCY,,,생략
경험,EXPRC,EXPERIENCE,,,생략
경험곡선,EXPCRV,EXPERIENCE CURVE,,,생략
경혈,ACPNT,ACUPOINT,혈,,생략
경협,ENMP,ECONOMIC COOPERATION,,,생략
경호구역,GDR,GUARD AREA,,,생략
계,GG,GAUGE,,,생략
계,SBSC,SUBSECTION,,,생략
계근,WGH,WEIGH,,,생략
계급,RANK,RANK,,,생략
계급구분코드,RNKDVCD,RANK DIVISION CODE,,분류어,생략
계급별급여,RNKPY,RANK BY PAY,,,생략
계급정년,TMGRD,TIME IN GRADE,,,생략
계급정년일자,TMGRDT,TIME IN GRADE DATE,계급정년일,,생략
계급직급코드,RNKCLSCD,RANK CLSPST CODE,,분류어,생략
계급코드,RNKCD,RANK CODE,,분류어,생략
계기,INSTRMT,INSTRUMENT,,,생략
계기비행,INSTFLT,INSTRUMENT FLIGHT,,,생략
계기비행규칙,IFR,INSTRUMENT FLIGHT RULES,,,생략
계기비행규칙훈련안경,IFRTG,INSTRUMENT FLIGHT RULES TRAINING GLASSES,,,생략
계기용변성기,MOF,METERING OUT FIT,MOF,,생략
계단,PHASE,PHASE,,,생략
계량,MSRG,MEASURING,,,생략
계량적,QNTIT,QUANTITATIVE,,,생략
계류,MRNG,MOORING,,,생략
계류선,MRDVSL,MOORED VESSEL,,,생략
계류장,MRNGPLC,MOORING PLACE,,,생략
계리,CAA,CALCULATION AND ADJUSTMENT,,,생략
계리일자,CAADT,CALCULATION AND ADJUSTMENT DATE,계리일,,생략
계명,CMDMT,COMMANDMENTS ,,,생략
계몽,ENLTN,ENLIGHTENMENT,,,생략
계발,DVLPMT,DEVELOPMENT,,,생략
계보,GNLGY,GENEALOGY,,,생략
계산,CALC,CALCULATION,,,생략
계산가격,CALCPC,CALCULATION PRICE,,,생략
계산내역,CACPT,CALCULATION PARTICULARS,,,생략
계산법,ARITH,ARITHMETIC,,,생략
계산서,CHCK,CHECK,,,생략
계산연산자종류코드,CALCOPTRKNCD,CALCULATION OPERATOR KIND CODE,,분류어,생략
계상,CNTIN,COUNTING IN,,,생략
계선,LMCRV,LIMITING CURVE,,,생략
계선,LYUP,LAY-UP,,,생략
계속,CTNAT,CONTINUATION,,,생략
계속비,CE,CONTINUING EXPENDITURE,,,생략
계속사업,CTPRJ,CONTINUOUS PROJECT,계속비사업,,생략
계속지역권,CNSS,CONTINUOUS EASEMENT,,,생략
계수,CFCN,COEFFICIENT,,분류어,생략
계수기,COUNTER,COUNTER,,,생략
계시,RVLS,REVEALS ,,,생략
계약,CTRT,CONTRACT,,,생략
계약관,OFCCTR,AN OFFICER WHO IS CHARGE OF CONTACT,,,생략
계약관리,CTRMGT,CONTRACT MANAGEMENT,,,생략
계약구분코드,CTRDVCD,CONTRACT DIVISION CODE,,분류어,생략
계약금,ENTY,EARNEST MONEY,,,생략
계약금액,CTRAMT,CONTRACT AMOUNT,계약액,,생략
계약금액형태코드,CASHPCD,CONTRACT AMOUNT OF MONEY SHAPE CODE,,분류어,생략
계약기간,CNTRCTPD,CONTRACT PERIOD,,,생략
계약기간형태코드,CPRDSHPCD,CONTRACT PERIOD SHAPE CODE,,분류어,생략
계약년도,CTRYR,CONTRACT YEAR,,,생략
계약단가,CTRTUP,CONTRACT UNIT PRICE,,,생략
계약담당공무원,CAO,CONTRACT ADMINISTRATION OFFICER,,,생략
계약대금,CNTRCTPRIC,CONTRACT PRICE,,,생략
계약대금수령지급구분코드,CBRPDVCD,CONTRACT BILL RECEIPT PAYMENT DIVISION CODE,,분류어,생략
계약목적코드,CTRPRCD,CONTRACT PURPOSE CODE,,분류어,생략
계약문서번호,CDNO,CONTRACT DOCUMENT NUMBER,,분류어,생략
계약방법,CTRMTHD,CONTRACT METHOD,,,생략
계약방법코드,CTRMTHCD,CONTRACT METHOD CODE,,분류어,생략
계약번호,CTRNO,CONTRACT NUMBER,,분류어,생략
계약변경사유코드,CTRCHRSCD,CONTRACT CHANGE REASON CODE,,분류어,생략
계약보증금,CTRDPST,CONTRACT DEPOSIT,계약보증금액,,생략
계약부서,CTRDPT,CONTRACT DEPARTMENT,,,생략
계약서,CTRDOC,CONTRACT DOCUMENT,,,생략
계약서구분코드,CTRDCDVCD,CONTRACT DOCUMENT DIVISION CODE,,분류어,생략
계약서류제출자구분코드,CDSDCD,CONTRACT DOCUMENTS SUBMITTER DIVISION CODE,,분류어,생략
계약수량,CNTRCTQY,CONTRACT QUANTITY,,,생략
계약예가형태코드,CAMPSHPCD,CONTRACT ALREADY MADE PRICE SHAPE CODE,,분류어,생략
계약유형코드,CTRTYCD,CONTRACT TYPE CODE,,분류어,생략
계약이행보증,PBOND,PERFORMANCE BOND,"P-BOND,PB",,생략
계약일반조건,GTC,GENERAL TERMS AND CONDITIONS,,,생략
계약일자,CTRDT,CONTRACT DATE,계약일,,생략
계약자,CTRTR,CONTRACTOR,,,생략
계약장교,CTROFCR,CONTRACTING OFFICER,,,생략
계약적출번호,CTRSHPNO,CONTRACT SHIPMENT NUMBER,,,생략
계약주기,CTRCYCL,CONTRACT CYCLE,,,생략
계약주문서번호,COSNO,CONTRACT ORDER SHEET NUMBER,,분류어,생략
계약지급금구분코드,CTRDSBDVCD,CONTRACT DISBURSEMENT DIVISION CODE,,분류어,생략
계약직,CNTTK,CONTRACT WORK,,,생략
계약진행상태코드,CPSCD,CONTRACT PROGRESS STATE CODE,,분류어,생략
계약집행유형코드,CETCD,CONTRACT EXECUTION TYPE CODE,,분류어,생략
계약참여형태코드,CPSHPCD,CONTRACT PARTICIPATION SHAPE CODE,,분류어,생략
계약특수조건,STC,SPECIAL TERMS AND CONDITIONS,,,생략
계엄,GATOD,GUARDING AGAINST THE THREAT OF DANGER,,,생략
계열,SERS,SERIES,,,생략
계열화,SYSZ,SYSTEMATIZATION,,,생략
계원,CLERK,CLERK,,,생략
계장,CHFCLRK,CHIEF CLERK ,,,생략
계절,SESN,SEASON,,,생략
계절성,SNL,SEASONALITY,,,생략
계절성질병,SESIK,SEASONALITY SICKNESS,,,생략
계절성코드,SNLCD,SEASONALITY CODE,,분류어,생략
계절성품목,SNLITM,SEASONALITY ITEM,,,생략
계절성품목식별코드,SIICD,SEASONAL ITEM IDENTIFICATION CODE,,분류어,생략
계절코드,SESNCD,SEASONS CODE,,분류어,생략
계정,ACC,ACCOUNT,,,생략
계정과목,TOA,TITLE OF ACCOUNT,,,생략
계정과목구분코드,TOADCD,TITLE OF ACCOUNT DIVISION CODE,,분류어,생략
계정과목코드,TOACD,TITLE OF ACCOUNT CODE,,분류어,생략
계정상태코드,ACCSTATECD,ACCOUNT STATE CODE,,분류어,생략
계정잔액,ACCBLC,ACCOUNT BALANCE,,,생략
계정코드,ACCTCD,ACCOUNT CODE,,분류어,생략
계정항목,ACNTIEM,ACCOUNT ITEM,,,생략
계좌,ACCNT,ACCOUNT,예금계좌,,생략
계좌구분코드,ACTDCD,ACCOUNT DIVISION CODE,,분류어,생략
계좌번호,ACCNO,ACCOUNT NUMBER,통장번호,분류어,생략
계좌변경금지사유코드,ACTCPRCD,ACCOUNT CHANGE PROHIBITION REASON CODE,,분류어,생략
계좌실명번호,ARNNO,ACCOUNT REAL NAME NUMBER,,분류어,생략
계좌유형코드,ACCNTTCD,ACCOUNT TYPE CODE,,분류어,생략
계좌주,ACNTR,ACOUNTER,,,생략
계측,MSMT,MEASUREMENT,,,생략
계측기,MSRINS,MEASURING INSTRUMENT,,,생략
계측및기호정보,MASINT,MEASUREMENT AND SIGNATURE INTELLIGENCE,,,생략
계층,HRCH,HIERARCHY,,,생략
계층번호,HRCHNO,HIERARCHY NUMBER,,분류어,생략
계통,SYS,SYSTEM,,,생략
계통코드,SYSCD,SYSTEM Code,,분류어,생략
계획,PRGMG,PROGRAMMING,,,생략
계획,PLAN,PLAN,PLAN,,생략
계획가치,PLNVAL,PLANNED VALUE,,,생략
계획결심시행주기,PDECYCLE,PLANNING DECISION AND EXECUTION CYCLE,PDECYCLE,,생략
계획공정률,PLPRGRT,PLAN PROGRESS RATE,계획공정율,,생략
계획금액,PLAMT,PLAN AMTMN,,,생략
계획량,PLNQTY,PLANNED QUANTITY,계획수량,,생략
계획및실적,PLNAR,PLAN AND ACTUAL RESULT,,,생략
계획번호,PLANNO,PLAN NUMBER,,분류어,생략
계획보수공사,SRW,SCHEDULED REPAIR WORK,,,생략
계획비계획구분코드,PNPDVCD,PLAN AND NON-PLANED DIVISION CODE,,분류어,생략
계획서,PLDOC,PLANNING DOCUMENT,,,생략
계획소요,PRGRQM,PROGRAM REQUIREMENTS,,,생략
계획수립,PLNG,PLANNING,,,생략
계획수송,PLNTRS,PLANNED TRANSPORTATION,,,생략
계획수심,PLDPWTR,PLAN DEPTH OF WATER,,,생략
계획실적구분코드,PARDVCD,PLAN ACTUAL RESULT DIVISION CODE,,분류어,생략
계획일자,PLNDT,PLANNING DATE,계획일,,생략
계획자,PRJTR,PROJECTOR,,,생략
계획정비제도,PMS,PLANNED MAINTENANCE SYSTEM,PMS,,생략
계획조정,PLNADJ,PLAN ADJUSTMENT,,,생략
계획창정비,PDM,PROGRAMMED DEPOT MAINTENANCE,,,생략
계획표,SCHTB,SCHEDULE TABLE,,,생략
고,HIGH,HIGH,,,생략
고가,HGHPC,HIGH PRICE,,,생략
고가도로,HLRD,HIGH-LEVEL ROAD,고가차도,,생략
고가치,HV,HIGH VALUE,,,생략
고가치표적,HVT,HIGH VALUE TARGET,,,생략
고가치표적범주코드,HVTTGTCTGCD,HIGH VALUE TARGET CATEGORY CODE,,분류어,생략
고각,ELVTN,ELEVATION,,분류어,생략
고갈,DRYUP,DRYING UP,,,생략
고객,CUST,CUSTOMER,,,생략
고객등급,CSTMRGRAD,CUSTOMER GRADE,,,생략
고객만족경영,CSMGT,CUSTOMER SATISFACTION MANAGEMENT,,,생략
고객불만,CSTMCMPL,CUSTOMER'S COMPLAINT,,,생략
고객사,CTMMNY,CUSTOMER COMPANY,,,생략
고객서비스,CSTSVC,CUSTOMER SERVICE,,,생략
고객수,CSTMRCNT,CUSTOMER COUNT,,,생략
고객지주제,CMSWN,CUSTOMER'S STOCK OWNERSHIP,,,생략
고공,HGAT,HIGH ALTITUDE,,,생략
고공기상,HAW,HIGH ALTITUDE WEATHER,,,생략
고공품,SRWGUD,STRAW GOODS,,,생략
고과,EVLMR,EVALUATION OF MERITS,,,생략
고급,HGRD,HIGH GRADE,,,생략
고단백식,HPDT,HIGH PROTEIN DIET THERAPY,,,생략
고도,ALT,ALTITUDE,,분류어,생략
고도기준선구분코드,ALTBSDVCD,ALTITUDE BASELINE DIVISION CODE,,분류어,생략
고도시험,ALTST,ALTITUDE TEST,,,생략
고도유형부호,ALTTYPSGN,ALTITUDE TYPE SIGN,,분류어,생략
고등,HGGRD,HIGH GRADE,,,생략
고등군사반,OAC,OFFICER`S ADVANCED COURSE,고군반,,생략
고등법원,HCRTJT,HIGH COURT OF JUSTICE,,,생략
고등학교,HGSCHL,HIGH SCHOOL,,,생략
고등학생,HGSCHST,HIGH SCHOOL STUDENT,,,생략
고려,CSDR,CONSIDERATION,,,생략
고려기간,CDRPR,CONSIDERATION PERIOD,,,생략
고리금지법,HTSBL,HIGH INTEREST PROHIBITION LAW,,,생략
고무,RUBR,RUBBER,,,생략
고박장치,ANRDVC,ANCHORING DEVICE,,,생략
고발,ACST,ACCUSATION,,,생략
고발일자,ACSTDT,ACCUSATION DATE,고발일,,생략
고사포,AAGUN,ANTI-AIRCRAFT GUN,,,생략
고살,WLLR,WILLFUL MURDER,,,생략
고소,CMPLNT,COMPLIANT,,,생략
고소권자,PHRFC,PERSON HOLDING A RIGHT TO FILE A COMPLAINT,,,생략
고소인,ACUSR,ACCUSER,고소자,,생략
고소추완,STHN,SUBSEQUENT ACCOMPLISHMENT OF COMPLAINT,,,생략
고소취소,CCLP,CANCELLATION OF COMPLAINT,,,생략
고속,HGHSPD,HIGH SPEED,,,생략
고속도로,EXPHWAY,EXPRESS HIGHWAY,,,생략
고속도로휴게소,ESA,EXPRESSWAY SERVICE AREA,,,생략
고속버스,EXPBUS,EXPRESS BUS,,,생략
고속선,HHDH,HIGH SPEED SHIP,,,생략
고속수송선,HSV,HIGH SPEED VESSEL,,,생략
고속여객선,HDSHP,HIGH SPEED PASSENGER SHIP,,,생략
고속정,PKM,PATROL BOAT KILLER MEDIUM,,,생략
고속지상활주,HITAX,HIGH SPEED TAXIING,,,생략
고속침투,HSIFT,HIGH SPEED INFILTRATION,,,생략
고수익,HGY,HIGH YIELD,,,생략
고순도표백분,HTH,HIGH TEST HYPOCHLORITE,,,생략
고시,EXAM,EXAM,,,생략
고시,NTFCTN,NOTIFICATION,,,생략
고시금액,AMTNTC,AMOUNT OF NOTICE,"고시금,고시가격,고시가,정부고시가격",,생략
고시장,EXMPLC,EXAM PLACE,,,생략
고시장번호,EXMPLCNO,EXAM PLACE NUMBER,,분류어,생략
고아,ORPHAN,ORPHAN,,,생략
고압,HGHPRS,HIGH PRESSURE,,,생략
고압,HGHVLT,HIGH VOLTAGE,고전압,,생략
고압선,HGHTNSLN,HIGH TENSION LINE,,,생략
고액,LGMT,LARGE AMOUNT,,,생략
고엽제,AGTORN,AGENT ORANGE,,,생략
고온,HGHTPRT,HIGH TEMPERATURE,,,생략
고용보험,EMPLYMINSRNC,EMPLOYMENT INSURANCE,,,생략
고용원,EMPLOY,EMPLOYEE,,,생략
고유,PCLRT,PECULIARITY,,,생략
고유가용도,IHRAVL,INHERENT AVAILABILITY,,,생략
고유법,LSDSNT,LAWS DERIVED FROM THE CUSTOMS AND TRADITIONS OF A ,,,생략
고유재산,INRPR,INHERENT PROPERTY,,,생략
고의,INTN,INTENTION,,,생략
고장,BKD,BREAKDOWN,,,생략
고장간평균시간,MTBF,MEAN TIME BETWEEN FAILURES,"MTBF,고장평균시간",,생략
고장률,FAILRT,FAILURE RATE,,,생략
고장선하증권,DFBL,DIRTY FORM BILL OF LADING,,,생략
고장신고,DTQRY,DEFECT INQUIRY,,,생략
고장영향유형코드,BICD,BREAKDOWN INFLUENCE TYPE CODE,,분류어,생략
고장원인,DEFECTCAUSE,DEFECT CAUSE,,,생략
고장원인코드,BCCD,BREAKDOWN CAUSE CODE,,분류어,생략
고장유형,DCTYP,DEFECT TYPE,,,생략
고장유형및영향분석,FMEA,FAILURE MODE AND EFFECT ANALYSIS,,,생략
고장일자,BKDT,BREAKDOWN DATE,고장일,,생략
고장작업,DFTK,DEFECT WORK,,,생략
고장접수,DTRPT,DEFECT RECIEPT,,,생략
고장정비,CRTMTN,CORRECTIVE MAINTENANCE,,,생략
고장탐구및점검,TRSNCK,TROUBLESHOOTING AND CHECKING,,,생략
고장탐구및점검용,FTRSCK,FOR TROUBLESHOOTING AND CHECKING SOMETHING,,,생략
고저각,AOS,ANGLE OF SITE,,,생략
고점성물질,HHRPMR,HIGH HOROSCOPE MATERIAL,,,생략
고정,FXNG,FIXING,,,생략
고정금리,FXDINT,FIXED INTEREST,,,생략
고정부채,FXLABLT,FIXED LIABILITIES,장기부채,,생략
고정비용,FXCST,FIXED COST,,,생략
고정수준,FXLVL,FIXED LEVEL,,,생략
고정안전수준,FSL,FIXED SAFETY LEVEL,,,생략
고정익,FXDWNG,FIXED WING,,,생략
고정익항공기,FWA,FIXED WING AIRCRAFT,,,생략
고정자산,FXAST,FIXED ASSETS,,,생략
고정잔교,FXPIER,FIXED PIER,,,생략
고정표적,FXTG,FIXED TARGET,,,생략
고정환율제도,FXERS,FIXED EXCHANGE RATE SYSTEM,,,생략
고주파,HF,HIGH FREQUENCY,HF,,생략
고지,GOL,GOAL,,,생략
고지,NTFCT,NOTIFICATION,,,생략
고지,HILL,HILL,,,생략
고지대,HLLSCT,HILLY SECTIONS,,,생략
고지서,WRTNTC,WRITTEN NOTICE,,,생략
고지서번호,WNNO,WRITTEN NOTICE NUMBER,,분류어,생략
고지일자,NTCDT,NOTICE DATE,고지일,,생략
고착,FLO,FIX LOCK ON,,,생략
고철,SMTL,SCRAP METAL,,,생략
고체,SOLID,SOLID,,,생략
고체화학물질,SLCL,SOLID CHEMICALS,,,생략
고충,PRDCMT,PREDICAMENT,,,생략
고폭탄,HE,HIGH EXPLOSIVE,HE,,생략
고혈압,HYPTSN,HYPERTENSION,혈압고,,생략
곡률,CRVTR,CURVATURE,,,생략
곡률반경,RDCVT,RADIUS OF CURVATURE,곡률반지름,,생략
곡사,HGALF,HIGH ANGLE FIRE,,,생략
곡사포,HOW,HOWITZER,,,생략
곡사화기,HAFRAM,HIGH ANGLE FIRE ARM,,,생략
곤경,AWRDPS,AWKWARD POSITION,,,생략
곤돌라,GNDL,GONDOLA,,,생략
곤란,DFFCLTY,DIFFICULTY,,,생략
골다공증,OSTEOPRS,OSTEOPOROSIS,,,생략
골동품,CURIOS,CURIOS,,,생략
골목길,ALLEY,ALLEY,,,생략
골밀도,BNDS,BONEDENSITY,,,생략
골재,AGGT,AGGREGATE,,,생략
골절,FRAC,FRACTURE ,,,생략
골프,GOLF,GOLF,GOLF,,생략
골프연습장,GLFPR,GOLF PRACTICE RANGE,,,생략
골프장,GLCRS,GOLF COURSE,,,생략
곱셈,MLTPLC,MULTIPLICATION,,,생략
공,EMPT,EMPTY,빈,,생략
공,PBMT,PUBLIC MATTERS,,,생략
공가,EMPTHS,EMPTY HOUSE,,,생략
공가,OFCHLDY,OFFICIAL HOLIDAY,,,생략
공간,SPACE,SPACE,,,생략
공갈,MNCE,MENACE,,,생략
공개,OPNPBL,OPENING TO THE PUBLIC,,,생략
공개일자,OPPBDT,OPENING TO THE PUBLIC DATE,공개일,,생략
공개첩보,OPINF,OPENING TO THE PUBLIC INFORMATION,,,생략
공개첩보관리번호,OPIMNO,OPENING TO THE PUBLIC INFORMATION MANAGEMENT NUMBER,,분류어,생략
공개첩보대분류코드,OPINFLRGCLSCD,OPENING TO THE PUBLIC INFORMATION LARGE CLASSIFICATION CODE,,분류어,생략
공개첩보중분류코드,OPINFMIDCLSCD,OPENING TO THE PUBLIC INFORMATION MIDDLE CLASSIFICATION CODE,,분류어,생략
공개키기반구조,PKI,PUBLIC KEY INFRASTRUCTURE,PKI,,생략
공격,ATK,ATTACK,,,생략
공격결과구분코드,ATRCLCD,ATTACK RESULT CLASSIFICATION CODE,,분류어,생략
공격결과코드,ATRLTCD,ATTACK RESULT CODE,,분류어,생략
공격기,ATAC,ATTACK AIRCRAFT,,,생략
공격대상구분코드,ATKOBJTYPECD,ATTACK OBJECT DIVISION CODE,,분류어,생략
공격방향,DOA,DIRECTION OF ATTACK,,,생략
공격수준코드,ATKLVLCD,ATTACK LEVEL CODE,,분류어,생략
공격시간충분성,ITTGIT,INADEQUATE TIME TO GO INTERCEPT TIME,,,생략
공격시기코드,ATKPERIDCD,ATTACK PERIOD CODE,,분류어,생략
공격작전,AO,ATTACK OPERATIONS,,,생략
공고,PBLANC,PUBLIC ANNOUNCEMENT,,,생략
공고관리번호,PAMNO,PUBLIC ANNOUNCEMENT MANAGEMENT NUMBER,,분류어,생략
공고구분코드,PADVCD,PUBLIC ANNOUNCEMENT DIVISION CODE,,분류어,생략
공고기관,PBANORG,PUBLIC ANNOUNCEMENT ORGANIZATION,,,생략
공고문,BLTNBRD,BULLETIN BOARD,,,생략
공고번호,PBANCNO,PUBLIC ANNOUNCEMENT NUMBER,,분류어,생략
공고일자,PBANCDT,PUBLIC ANNOUNCEMENT DATE,공고일,,생략
공공,PBL,PUBLIC,,,생략
공공관리주체,PADMINST,PUBLIC ADMINISTRATION INSTITUTION,,,생략
공공기관,PBISTN,PUBLIC INSTITUTION,,,생략
공공단체,PBLGRP,PUBLIC GROUP,,,생략
공공부문,PBLSCT,PUBLIC SECTOR,,,생략
공공요금,PBUTCHG,PUBLIC UTILITY CHARGES,,,생략
공공용지,PBLND,PUBLIC LAND,,,생략
공공위험죄,PBLDCRM,PUBLIC DANGER CRIME,,,생략
공공재,PBGDS,PUBLIC GOODS,,,생략
공공정보,PBLINFO,PUBLIC INFORMATION,,,생략
공공차관,PBLOAN,PUBLIC LOAN,,,생략
공공차관협약,PBCLNAGR,PUBLIC LOAN AGREEMENT,,,생략
공관,EMPTDRUM,EMPTY DRUM,공드럼,,생략
공관로,EPCLN,EMPTY CONDUIT LINE,,,생략
공구,TOOL,TOOL,,,생략
공구기재구분코드,TMAMDCD,TOOL MACHINERY AND MATERIALS DIVISION CODE,,분류어,생략
공군,AF,AIR FORCE,공,,생략
공군구성군사령부,ACCMD,AIR COMPONENT COMMAND,공구사,,생략
공군국내창정비공장작업번호,ADFWRKNO,AIR FORCE DOMESTIC DEPOT MAINTENANCE FACTORY WORK NUMBER,,분류어,생략
공군군무원,AFCVN,AIRFORCE MILITARY CIVILIAN,,,생략
공군기상기지,AFWTHRBS,AF WTHR BASE,,,생략
공군대령,AFCOL,AIR FORCE COLONEL,,,생략
공군대위,AFCAPT,AIR FORCE CAPTAIN,,,생략
공군대장,AFGEN,AIR FORCE GENERAL,,,생략
공군력,AFPW,AIR FORCE POWER,,,생략
공군병,AFCSD,AIRFORCE COMMON SOLDIER,,,생략
공군병장,AFSSGT,AIR FORCE STAFF SERGEANT,,,생략
공군본부,AFHQ,AIR FORCE HEADQUARTERS,공본,,생략
공군부사관,AFNCO,AIRFORCE NONCOMMISSIONED OFFICER,,,생략
공군부서번호,AFDEPTNO,AIR FORCE DEPARTMENT NUMBER,,분류어,생략
공군사격장부호,AFSHTRGSGN,AIR FORCE SHOOTING RANGE SIGN,,분류어,생략
공군사령부번호,AFHDQTRNO,AIR FORCE HEADQUARTERS NUMBER,,분류어,생략
공군상등병,AFSRA,AIR FORCE SENIOR AIRMAN,공군상병,,생략
공군상사,AFSMSGT,AIR FORCE SENIOR MASTER SERGEANT,,,생략
공군샵코드,AFSHOPCD,AIR FORCE SHOP CODE,,분류어,생략
공군소령,AFMAJ,AIR FORCE MAJOR,,,생략
공군소위,AFSNDLT,AIR FORCE SECOND LIEUTENANT,,,생략
공군소장,AFMAJGEN,AIR FORCE MAJOR GENERAL,,,생략
공군원사,AFCMSGT,AIR FORCE CHIEF MASTER SERGEANT,,,생략
공군이등병,AFAMN,AIR FORCE AIRMAN,공군이병,,생략
공군일등병,AFALC,AIR FORCE AIRMAN FIRST CLASS,공군일병,,생략
공군임기제부사관,AFTONO,AIRFORCE TERM OF OFFICE SYSTEM NONCOMMISSIONED OFFICER,,,생략
공군작전사령부,AFOC,AIR FORCE OPERATION COMMAND,,,생략
공군장교,AFCOF,AIRFORCE COMMISSIONED OFFICER,,,생략
공군장기복무,AFLTS,AIRFORCE LONG TIME SERVICE,,,생략
공군전문하사,AFPSG,AIRFORCE SPECIALITY STAFF SERGEANT,,,생략
공군준사관,AFWRT,AIRFORCE WARRANT OFFICER,,,생략
공군준위,AFWO,AIR FORCE WARRANT OFFICER,,,생략
공군준장,AFBGEN,AIR FORCE BRIGADIER GENERAL,,,생략
공군중령,AFLTCOL,AIR FORCE LIEUTENANT COLONEL,,,생략
공군중사,AFMSGT,AIR FORCE MASTER SERGEANT,,,생략
공군중위,AFFSTLT,AIR FORCE FIRST LIEUTENANT,,,생략
공군중장,AFLTGEN,AIR FORCE LIEUTENANT GENERAL,,,생략
공군지상군해군합동작전,AGSJO,AIR GROUND-SEA JOINT OPERATIONS,,,생략
공군지휘통제체계,AFCCS,AIR FORCE COMMAND AND CONTROL SYSTEM,,,생략
공군하사,AFTSGT,AIR FORCE TECHNICAL SERGEANT,,,생략
공군훈련병,AFAB,AIR FORCE AIRMAN BASIC,공군훈병,,생략
공권,GNTRT,GOVERNMENTAL AUTHORITY,,,생략
공권력,PBLPWR,PUBLIC POWER,,,생략
공금,PBLMNY,PUBLIC MONEY,,,생략
공급,SPL,SUPPLY,,,생략
공급가격,SPLPRC,SUPPLY PRICE,공급가,,생략
공급가액,AMTSPL,AMOUNT OF SUPPLY,,,생략
공급계약,SPLCTR,SUPPLY CONTRACT,,,생략
공급망관리,SCM,SUPPLY CHAIN MANAGEMENT,SCM,,생략
공급면적,SPLAR,SUPPLY AREA,,,생략
공급원별코드,PRCD,PROVIDE CODE,,분류어,생략
공급일자,SPLDT,SUPPLY DATE,공급일,,생략
공급자,SPLR,SUPPLIER,공급처,,생략
공급자재고관리,VMI,VENDOR MANAGED INVENTORY,,,생략
공기,ATMSPR,ATMOSPHERE,,,생략
공기,TRMWRK,TERM OF WORKS,공사기간,,생략
공기배관,AIRP,AIR PIPE,,,생략
공기부양상륙정,LCAC,LANDING CRAFT AIR CUSHION,,,생략
공기압축기,AIRCPRE,AIR COMPRESSOR,,,생략
공기업특권,PEPRVLG,PRIVILEGE OF PUBLIC ENTERPRISE,,,생략
공기업특허,LSLCS,LICENSE OF PUBLIC ENTERPRISE,,,생략
공기조화기,AHU,AIR HANDLING UNIT,공조기,,생략
공기총,AIRGUN,AIR GUN,,,생략
공단,PBCO,PUBLIC CORPORATION,,,생략
공단검안,PEXM,PUBLIC CORPORATION EXAMINATION,,,생략
공대공,ATA,AIR-TO-AIR,,,생략
공대공유도탄,AAM,AIR TO AIR MISSILE,,,생략
공대지,AG,AIR-TO-GROUND,,,생략
공동,JONT,JOINT,,,생략
공동계약,JNTCTR,JOINT CONTRACT,,,생략
공동계약일자,JNTCTRDT,JOINT CONTRACT DATE,공동계약일,,생략
공동구조,JTSC,JOINT RESCUE,,,생략
공동담보,JTRY,JOINT SECURITY,,,생략
공동대리,JTNC,JOINT AGENCY,,,생략
공동도급,JUDTK,JOINT UNDERTAKING,,,생략
공동면책,JMLTY,JOINT EXEMPTION FROM LIABLIITY,,,생략
공동발행인,JNWB,JOINT DRAWER OF A BILL,,,생략
공동배서인,JNDRS,JOIN ENDORSER,,,생략
공동보증,JNST,JOINT SECURITY,,,생략
공동보험,JNRC,JOINT INSURANCE,,,생략
공동상속,JNNTC,JOINT INHERITANCE,,,생략
공동생산,COPRD,COPRODUCTION,,,생략
공동서명,COSIGN,COSIGN,,,생략
공동소송,JLTG,JOINT LITIGATION,,,생략
공동수급체,JTNGRP,JOINT TAKING AND GIVING GROUP,,,생략
공동수급협정서,JTNGP,JOINT TAKING AND GIVING PROTOCOL,,,생략
공동시설세,CFCTAX,COMMON FACILITIES TAX,,,생략
공동압류,JNTS,JOINT SEIZURE,,,생략
공동인수인,JCT,JOINT ACCEPTOR,,,생략
공동저당,JMTG,JOINT MORTGAGE,,,생략
공동점유,JPS,JOINT POSESSION,,,생략
공동정범,JRFND,JOINT PRINCIPAL OFFENDER,,,생략
공동지배인,JTNR,JOINT MANAGER,,,생략
공동채무자,JTBT,JOINT DEBTOR,,,생략
공동친권,JNDY,JOINT CUSTODY,,,생략
공동피고인,JTDNT,JOINT DEFENDANT,,,생략
공동해손,GRRG,GENERAL AVERAGE,,,생략
공란,EMTSPC,EMPTY SPACE,,,생략
공람,STTPI,SUBMIT THINGS TO PUBLIC INSPECTION,,,생략
공로,EXPLT,EXPLOIT,,,생략
공로간거리,PTRD,PUBLIC TRAFFIC ROUTE DISTANCE,,,생략
공로자,PSNMRT,PERSON OF MERIT,,,생략
공로주,BNSTK,BONUS STOCK,,,생략
공립,PUBLIC,PUBLIC,,,생략
공매,PBACTN,PUBLIC AUCTION,,,생략
공매도,SRTSKSEL,SHORT STOCK SELLING,,,생략
공명선거,CLNELE,CLEAN ELECTION,,,생략
공모가격,PSSRPC,PUBLIC SUBSCRIPTION PRICE,,,생략
공모금액,PSCPAMT,PUBLIC SUBSCRIPTION AMOUNT,,,생략
공모주,POFSTK,PUBLIC OFFERED STOCK,,,생략
공모후,AFTPSB,AFTER PUBLIC SUBSCRIPTION,,,생략
공무,PBAFR,PUBLIC AFFAIRS,,,생략
공무담임권,RTKCR,RIGHT TO TAKE A PUBLIC SERVICE,,,생략
공무원,PSP,PUBLIC SERVICE PERSONNEL,,,생략
공무원유형코드,PSPTYCD,PUBLIC SERVICE PERSONNEL TYPE CODE,,분류어,생략
공무집행방해죄,OSCTFD,OBSTRUCTION CRIME OF THE PERFORMANCE OF OFFICIAL D,,,생략
공문서,OFCDOC,OFFICIAL DOCUMENT,공문,,생략
공문서번호,OFCDOCNO,OFFICIAL DOCUMENT NUMBER,,분류어,생략
공물경찰,PPRPLCE,PUBLIC PROPERTY POLICE,,,생략
공물관리권,PPMA,PUBLIC PROPERTY MANAGEMENT AUTHORITY,,,생략
공물사용권특허,GYPRS,GOVERNMENT PROPERTY RIGHT OF USING SPECIAL PERMISS,,,생략
공백,BLNK,BLANK,,,생략
공범,COMPLC,COMPLICITY,,,생략
공법,PBLW,PUBLIC LAW,,,생략
공법,MTHCNTR,METHOD OF CONSTRUCTION,,,생략
공병,EGNR,ENGINEER,,,생략
공병교량구분코드,ENBRGSECCD,ENGINEER BRIDGE SECTION CODE,,분류어,생략
공병교량통과구분코드,ENBRGPASCD,ENGINEER BRIDGE PASS SECTION CODE,,분류어,생략
공병임무구분코드,ENMISNCD,ENGINEER MISSION SECTION CODE,,분류어,생략
공병자산유형코드,ENASTSTYPCD,ENGINEER ASSETS TYPE CODE,,분류어,생략
공병정찰,EGNRC,ENGINEER RECONNAISSANCE,,,생략
공보,OCPR,OFFICIAL REPORT,,,생략
공보처,BPRM,BUREAU OF PUBLIC INFORMATION,,,생략
공부,OFCBK,OFFICIAL BOOK,,,생략
공부비치필구분코드,OBFFDCD,OFFICIAL BOOK FURNISHING FINISHED DIVISION CODE,,분류어,생략
공부상면적,OFBKAR,OFFICIAL BOOK AREA,,,생략
공부상지목,LCOB,LAND CATEGORY OF OFFICIAL BOOK,,,생략
공부상지적,OBLR,OFFICIAL BOOK LAND REGISTER,,,생략
공부지,VLNS,VACANT LAND AND SITE,,,생략
공사,CSTWRK,CONSTRUCTION WORK,,,생략
공사감독관,CSTSVR,CONSTRUCTION SUPERVISOR,,,생략
공사감리,SPVS,SUPERVISION,,,생략
공사계약,CNSTCTR,CONSTRUCTION CONTRACT,,,생략
공사담당기술관,TDO,TECHNICAL DESK OFFICER,TDO,,생략
공사대금지급구분코드,CWBPDCD,CONSTRUCTION WORK BILL PAYMENT DIVISION CODE,,분류어,생략
공사립,PBPRV,PUBLIC AND PRIVATE,,,생략
공사명령,WRKMM,WORK COMMAND,,,생략
공사명령서번호,CONO,CONSTRUCTION ORDER NUMBER,,분류어,생략
공사번호,CNSTNO,CONSTRUCTION NUMBER,,분류어,생략
공사비,CNSTCST,CONSTRUCTION COST,,,생략
공사사업구분코드,CWBDCD,CONSTRUCTION WORK BUSINESS DIVISION CODE,,분류어,생략
공사시방서,CSTSPC,CONSTRUCTION SPECIFICATION,,,생략
공사실적액,CCSNT,CONSTRUCTION WORK RESULTS AMOUNT OF MONEY,,,생략
공사완료,CSTCMP,CONSTRUCTION WORK COMPLETION,,,생략
공사자,CNSTRCTR,CONSTRUCTOR,,,생략
공사장,CNSTRST,CONSTRUCTION SITE,,,생략
공사판단번호,CJNO,CONSTRUCTION JUDGMENT NUMBER,,분류어,생략
공사현장,BLDST,BUILDING SITE,,,생략
공사현장구분코드,BDSTDVCD,BUILDING SITE DIVISION CODE,,분류어,생략
공산,PRBLT,PROBABILITY,,,생략
공산오차,PE,PROBABLE ERROR,,,생략
공산품,IDTC,INDUSTRIAL PRODUCTS,,,생략
공상,LOD,LINE OF DUTY,,,생략
공상군경,SCNCDS,SOLDIER OR POLICEMAN INJURED IN THE COURSE OF PERF,,,생략
공석,VCNCY,VACANCY,,,생략
공세,OFNSV,OFFENSIVE,,,생략
공세작전,OFSOPR,OFFENSIVE OPERATIONS,,,생략
공세제공작전,OCAO,OFFENSIVE COUNTER AIR OPERATION,,,생략
공소,ARGNM,ARRAIGNMENT,,,생략
공소권,ATTSTS,AUTHORITY TO INSTITUE A PROSECUTION,,,생략
공소불가분원칙,PIPP,PRINCIPLE OF INDIVISIBILITY OF A PUBLIC PROSECUTIO,,,생략
공소사실,FSRGD,FACTS CHARGED,,,생략
공소시효,PSPPS,PRESCRIPTION OF A PUBLIC PROSECUTION,,,생략
공소장,INDCTMNT,INDICTMENT,,,생략
공수,MNHR,MANHOUR,,분류어,생략
공수,ARLFT,AIR LIFT,,,생략
공수근무지원소,ASSP,AIRLIFT SERVICE SUPPORT POINT,,,생략
공수비행,FYTT,FLYING FOR AIR TRANSPORT,,,생략
공수작전,ARLOP,AIRLIFT OPERATION,,,생략
공수취급소,AT,AIR TERMINAL,,,생략
공수통제본부,ALCC,AIRLIFT CONTROL CENTER,,,생략
공수항공기,ALPLN,AIRLIFT PLANE,,,생략
공시,PBNTC,PUBLIC NOTICE,,,생략
공시송달,SVBTC,SERVICE BY PUBLIC NOTICE,,,생략
공시지가,PBANCM,PUBLIC ANNOUNCEMENT ABOUT THE PRICE OF LAND,,분류어,생략
공식,FRML,FORMAL,,,생략
공식,FML,FORMULA,식,,생략
공실,EMPTYRM,EMPTY ROOM,,,생략
공약,PPLDG,PUBLIC PLEDGE,,,생략
공여,GVNG,GIVING,,,생략
공여구역,GVSCTR,GIVING SECTOR,공여지역,,생략
공여해제반환재산,GCRW,GRANT CANCELLATION RETURN WEALTH,,,생략
공역,AIRSPC,AIRSPACE,,,생략
공역유형부호,ARSPCTYPSGN,AIRSPACE TYPE SIGN,,분류어,생략
공역통제,AC,AIRSPACE CONTROL,,,생략
공역통제계획,ACP,AIRSPACE CONTROL PLAN,,,생략
공역통제계획번호,ACPNO,AIRSPACE CONTROL PLAN NUMBER,,분류어,생략
공역통제명령,ACO,AIRSPACE CONTROL ORDER,"ACO, 공역통제명령서",,생략
공역통제명령번호,ACONO,AIRSPACE CONTROL ORDER NUMBER,,분류어,생략
공역통제반,ACE,AIRSPACE CONTROL ELEMENT,,,생략
공역통제수단,ACM,AIRSPACE CONTROL MEASURES,ACM,,생략
공역통제수단단위코드,ACMUCD,AIRSPACE CONTROL MEASURES UNIT CODE,,분류어,생략
공역통제수단번호,ACMNO,AIRSPACE CONTROL MEASURES NUMBER,,분류어,생략
공역통제수단분류코드,ACMCCD,AIRSPACE CONTROL MEASURES CLASSIFICATION CODE,,분류어,생략
공역통제요청,ACREQ,AIRSPACE CONTROL REQUEST,,,생략
공역통제요청번호,ACRNO,AIRSPACE CONTROL REQUEST NUMBER,,분류어,생략
공역형태코드,ASFRMCD,AIRSPACE FORM CODE,,분류어,생략
공연점유,PBLPSS,PUBLIC POSSESSION,,,생략
공예품,APLDRT,APPLIED ARTS,,,생략
공용,CMNUSE,COMMON USE,,,생략
공용개시,OCBNC,OFFICIAL BUSINESS COMMENCEMENT,,,생략
공용면적,ARCMUS,AREA FOR COMMON USE,,,생략
공용부담,PBLOD,PUBLIC LOADS,,,생략
공용수용,CYPRP,COMPULSORY EXPROPRIATION,,,생략
공용어,CMLANG,COMMON LANGUAGE,,,생략
공용화기,CSW,CREW SERVED WEAPON,,,생략
공용환권,OFCDSW,OFFICIAL BUSINESS CHANGING OLD DEEDS FOR NEW ONES,,,생략
공용환지,RLTBL,REPLOTTING FOR PUBLIC USE,,,생략
공유,PBOWN,PUBLIC OWNERSHIP,,,생략
공유,JNTOWN,JOINT OWNERSHIP,,,생략
공유,SHR,SHARE,,,생략
공유기,LNSH,LINE SHARER,,,생략
공유림,PONFRS,PUBLIC-OWNED FOREST,,,생략
공유물,COWNPR,CO-OWNED PROPERTY,,,생략
공유물분할,COWNPRPT,PARTITION OF CO-OWNED PROPERTY,,,생략
공유상황도,SSMP,SHARED SITUATION MAP,,,생략
공유자,JOWNR,JOINT OWNER,,,생략
공유지,PBLLND,PUBLIC LAND,,,생략
공유지분,JOPTN,JOINT-OWNERSHIP PORTION,,,생략
공유지분율,JOPRT,JOINT-OWNERSHIP PORTION RATE,,,생략
공유토지,PONSHLND,PUBLIC OWNERSHIP LAND,,,생략
공유함,SHRBX,SHARE BOX,,,생략
공익권,PINTRRT,RIGHT OF PUBLIC INTERESTS,,,생략
공익근무요원,PGSM,PUBLIC GOOD SERVICE MEMBER,,,생략
공익법무관,PGLOFCER,PUBLIC GOOD LAW OFFICER,,,생략
공인,AUTH,AUTHORIZATION,,,생략
공인인증서번호,CERTINO,CERTIFICATE NUMBER,,분류어,생략
공인전자주소,SMAIL,#MAIL,,분류어,생략
공인회계사,CPA,CERTIFIED PUBLIC ACCOUNTANT,,,생략
공작,MNV,MANEUVER,,,생략
공작,CSTRTNG,CONSTRUCTIONING,,,생략
공작물,HDCFT,HANDICRAFT,,,생략
공작선,AGSHP,AGENT SHIP,,,생략
공작실,WRKSHOP,WORKSHOP,,,생략
공장,FTRY,FACTORY,,,생략
공장인도방식,EXFTR,EX-FACTORY,"EX-FACTORY,EXFACTORY",,생략
공장인도조건,EXW,EX WORK,,,생략
공장재단,FCTRYFNDT,FACTORY FOUNDATION,,,생략
공장저당,FCTRYMRTG,FACTORY MORTGAGE,,,생략
공적,ACHVMT,ACHIEVEMENT,,,생략
공적,PBLC,PUBLIC,,,생략
공적분야코드,ACHVSPCD,ACHIEVEMENT SPHERE CODE,,분류어,생략
공전법규안,ARCBTBL,AIR COMBAT BILL,,,생략
공정,PROCS,PROCESS,,,생략
공정가격,OFCPRC,OFFICIAL PRICE,,,생략
공정가치,FRVL,FAIR VALUE,공정가액,,생략
공정금리,OCXRS,OFFICIAL FIX INTEREST,,,생략
공정률,PROCRT,PROCESS RATE,공정율,,생략
공정번호,PROCNO,PROCESS NUMBER,,분류어,생략
공정증서,NRLD,NOTARIAL DOCUMENT,,,생략
공제,SBTR,SUBTRACTION,,,생략
공제금액구분코드,SBTRADCD,SUBTRACTION AMOUNT OF MONEY DIVISION CODE,,분류어,생략
공제등록코드,SBTRRCD,SUBTRACTION REGISTRATION CODE,,분류어,생략
공제방법코드,SMCD,SUBTRACTION METHOD CODE,,분류어,생략
공제액,SBTRAMT,SUBTRACTION AMOUNT,공제금액,,생략
공제입력구분코드,SIDCD,SUBTRACTION INPUT DIVISION CODE,,분류어,생략
공제코드,SBTRCD,SUBTRACTION CODE,,분류어,생략
공조회의,CRDMT,COORDINATION MEETINGS,,,생략
공종,CNSTP,CONSTRUCTION TYPE,,,생략
공종구분코드,CTDVCD,CONSTRUCTION TYPE DIVISION CODE,,분류어,생략
공중,AIRBN,AIRBORNE,,,생략
공중,AIR,AIR,,,생략
공중감시,ARSVL,AIR SURVEILLANCE,대공감시,,생략
공중감시감독관,SS,AIR SURVEILLANCE SUPERVISOR,,,생략
공중감시수,SO,SURVEILLANCE OPERATOR,,,생략
공중감시식별무기배정요격,SIWI,SURVEILLANCE IDENTIFICATION WEAPON ASSIGNMENT INTERCEPTION,,,생략
공중감시장교,ASOFCR,AIR SURVEILLANCE OFFICER,,,생략
공중강습,AASLT,AIR ASSAULT,,,생략
공중강습작전,ASO,AIR ASSAULT OPERATION,,,생략
공중교전구역,AEZ,AIR ENGAGEMENT ZONE,,,생략
공중교전구역상태코드,AEZSTATECD,AIR ENGAGEMENT ZONE STATE CODE,,분류어,생략
공중근무자,WITS,WORKERS IN THE SKY,,,생략
공중근무자등급코드,WITSGRDCD,WORKERS IN THE SKY GRADE CODE,,분류어,생략
공중근무자자격코드,WITSQLFCCD,WORKERS IN THE SKY QUALIFICATION CODE,,분류어,생략
공중근무자재분류코드,WITSRECLSCD,WORKERS IN THE SKY RECLASSIFICATION CODE,,분류어,생략
공중급유기,TANKERAIR,TANKER AIRLIFT,,,생략
공중대기,ARALT,AIR ALERT,체공대기,,생략
공중대기대화력전항공전력,XATK,AIRBORNE ALERT ATTACK,"X-ATK,XATK",,생략
공중보급수송,AST,AERIAL SUPPLY TRANSPORTATION,,,생략
공중상황전시,RASP,RECOGNIZED AIR AND SEA PICTURE,,,생략
공중상황전시소프트웨어,ADS,AIR SITUATION DISPLAY SOFTWARE,,,생략
공중우세,ARSPR,AIR SUPERIORITY,,,생략
공중이동수송반,AMTS,AIR MOVEMENT TRAFFIC SECTION,,,생략
공중임무지휘관,AMC,AIRBORNE MISSION COMMANDER,,,생략
공중재급유,ARRFL,AIR REFUELING,,,생략
공중재보급,ARRSPL,AIR RESUPPLY,,,생략
공중전방항공통제관,AFAC,AIRBORNE FORWARD AIR CONTROLLER,AFAC,,생략
공중전투초계,CAP,COMBAT AIR PATROL,"CAP,전투공중초계",,생략
공중전화,PBLTEL,PUBLIC TELEPHONE,,,생략
공중전화기,PBLTELP,PUBLIC TELEPHONE,,,생략
공중조기경보통제기,AEWC,AIRBORNE EARLY WARNING & CONTROL,,,생략
공중조기경보통제체계,AWACS,AIRBORNE EARLY WARNING AND CONTROL SYSTEM,,,생략
공중충돌회피시스템,ACAS,AIRBORN COLLISION AVOIDANCE SYSTEM,,,생략
공중투하,ARDRP,AIR DROP,,,생략
공중투하보급,AIRSPL,AIR SUPPLY,,,생략
공증,NTRACT,NOTARIAL ACT,,,생략
공증문서,ANCC,AUTHENTIC DOCUMENT,,,생략
공증번호,NANO,NOTARIAL ACT NUMBER,,분류어,생략
공지,ANNCMT,ANNOUNCEMENT,선포,,생략
공지,VCTLND,VACANT LAND,,,생략
공지간,ATG,AIR TO GROUND,,,생략
공지번호,NTCNO,NOTICE NUMBER,,분류어,생략
공지사항,NOTICE,NOTICE,,,생략
공지사항게시판,NTBD,NOTICE BOARD,,,생략
공지송신수신기,AGTR,AIR GROUND TRANSMITTER RECEIVER,,,생략
공지자,NTICER,NOTICER,,,생략
공지합동작전,AGO,AIR GROUND JOINT OPERATIONS,,,생략
공직,PBLDTY,PUBLIC DUTY,,,생략
공직선거기간,POELPD,PUBLIC OFFICE ELECTION PERIOD,,,생략
공직자,PBLOFCL,PUBLIC OFFICIAL,,,생략
공차,EPTVHCL,EMPTY VEHICLE,,,생략
공채,PBDBT,PUBLIC DEBT,공채,,생략
공탁,LDGMNT,LODGEMENT,,,생략
공통,CMN,COMMON,COMM,,생략
공통과목,CMNSBJ,COMMON SUBJECT,,,생략
공통병과분류코드,CBRCLSCD,COMMON BRANCH OF SERVICE CLASSIFICATION CODE,,분류어,생략
공통서식,CMNRM,COMMON FORM,,,생략
공통선신호방식,CHGL,COMMON CHANNEL SIGNALING,,,생략
공통운용환경,COE,COMMON OPERATING ENVIRONMENT,,,생략
공통장비,CMEQ,COMMON EQUIPMENT,,,생략
공통코드,CMNCD,COMMON CODE,,,생략
공판,TRIAL,TRIAL,,,생략
공판기일,TIADE,TRIAL DATE,,,생략
공판정,TIACRT,TRIAL COURT,,,생략
공판조서,TRLPRTC,TRIAL PROTOCOL,,,생략
공평,EQUITY,EQUITY,,,생략
공포,BLKFR,BLANK FIRE,,,생략
공포증,PHBA,PHOBIA,,,생략
공포탄,BLKCTR,BLANK CARTRIDGE,,,생략
공표,OFCANC,OFFICIAL ANNOUNCEMENT,,,생략
공학적추정,EGNREST,ENGINEERING ESTIMATION,원가공학적추정,,생략
공한지,VCNTLND,VACANT LAND,,,생략
공항,AIRPORT,AIRPORT,,,생략
공항번호,AIRPTNO,AIRPORT NUMBER,,분류어,생략
공항상주업체,ARTSTPC,AIRPORT STATIONED PERMANENTLY COMPANY,,,생략
공항식별기호,AIS,AERODROME IDENTIFICATION SIGN,,,생략
공항운영자,ARPRTOPRTR,AIRPORT OPERATOR,,,생략
공항육로,AIRLD,AIRPORT LNDRT,,,생략
공항철도,AIRRA,AIRPORT RAILRD,,,생략
공해,PLTN,POLLUTION,,,생략
공해방지,ANTPLT,ANTIPOLLUTION,,,생략
공해방지기,ANTPMCH,ANTIPOLLUTION MACHINE,,,생략
공해합동작전,ASJOP,AIR SEA JOINT OPERATION,,,생략
공황,PANIC,PANIC,PANIC,,생략
공회전,NLDN,NO-LOAD RUNNING,,,생략
공훈,MRIT,MERITS,,,생략
공휴일,HLDY,HOLIDAY,공휴,,생략
과,DPTMT,DEPARTMENT,,,생략
과거,PAST,PAST,,,생략
과거이력,PHST,PAST HISTORY,,,생략
과납,PYMTEXC,PAYMENT IN EXCESS,,,생략
과년도,PSTYR,PAST YEAR,,,생략
과년도지출,DBPFY,DEFRAYMENT BELONGING TO THE PRECEEDING FINANCIAL Y,,,생략
과다,EXCSS,EXCESS,,,생략
과도,FRTNF,FRUIT KNIFE,,,생략
과락,FAIL,FAIL,,,생략
과로,OVRWK,OVERWORK,,,생략
과료,MNOFNE,MINOR FINE,,,생략
과목,SBJ,SUBJECT,,,생략
과목번호,SBJNO,SUBJECT NUMBER,,분류어,생략
과목전용,DVSN,DIVERSION,,,생략
과반수,MJRTY,MAJORITY,,,생략
과보유,OVRHLD,OVER HOLDING,,,생략
과보유자산,OVRAST,OVER ASSETS,,,생략
과부족,OVRSHRT,OVERS AND SHORTS,,,생략
과부하,OVLOD,OVERLOAD,,,생략
과산화수소수,PERXD,HYDROGEN PEROXIDE,,,생략
과세,TXTN,TAXATION,,,생략
과세이연,TXCR,TAXATION CARRYOVER,,,생략
과소,LTTLN,LITTLENESS,,,생략
과속,OVRSPD,OVERSPEED,,,생략
과수원,ORCHRD,ORCHARD,,,생략
과실,MISTK,MISTAKE,,,생략
과실상계,CTVLN,COMPARATIVE NEGLIGENCE,,,생략
과실점유,NLNCS,NEGLIGENCE POSSESSION,,,생략
과실책임,LABFLT,LIABILITY WITH FAULT,,,생략
과실책임주의,PLWF,PRINCIPLE OF LIABILITY WITH FAULT,,,생략
과업,TASK,TASK,"테스크,타스크,태스크",,생략
과오,FALT,FAULT,,,생략
과오급사유코드,FPRCD,FAULT PAY REASON CODE,,분류어,생략
과오급여,FLPY,FAULT PAY,,,생략
과오급여사유수당코드,FRACD,FAULT PAY REASON ALLOWANCE CODE,,분류어,생략
과오급여정산구분코드,FPECDCD,FAULT PAY EXACT CALCULATION DIVISION CODE,,분류어,생략
과오납,OVERPAY,OVERPAYMENT,,,생략
과오지급자료구분코드,FPDDCD,FAULT PAYMENT DATA DIVISION CODE,,분류어,생략
과외,EXTRCL,EXTRACURRICULAR,,,생략
과원,ORCHARD,ORCHARD,,,생략
과잉방위,ELFF,EXCESSIVE SELF-DEFENSE,,,생략
과장,HDDPT,HEAD OF A DEPARTMENT,,,생략
과적,OVCHRG,OVERCHARGE,,,생략
과적차량,OCVHCL,OVERCHARGE VEHICLES,,,생략
과점,OLGP,OLIGOPOLY,,,생략
과정,CRCLM,CURRICULUM,,,생략
과정,PROCES,PROCESS,,,생략
과정모델,PRCMDL,PROCESS MODEL,,,생략
과제,TSK,TASK,,,생략
과징,SURCHRG,SURCHARGE,,,생략
과징금,SRCHRG,SURCHARGE,,,생략
과초과,OVEXD,OVER EXCEED,,,생략
과학,SCNCE,SCIENCE,,,생략
과학화,SCNTFC,SCIENTIFIC,,,생략
관,POV,POINT OF VIEW,,,생략
관,PT,PART,,,생략
관,GOVOFCR,GOVERNMENT OFFICER,,,생략
관,TUBE,TUBE,"튜브,TUBE",,생략
관경,PDMT,PIPE DIAMETER,,,생략
관계,RELSHP,RELATIONSHIP,,,생략
관계구분코드,RDCD,RELATIONSHIP DIVISION CODE,,분류어,생략
관계기관,CRDNS,CONCERNED ORGANS,,,생략
관계기업,RCPY,RELATION COMPANY,,,생략
관계레벨,REV,RELATION LEVEL,,,생략
관계법률,RLW,RELATION LAW,,,생략
관계시설,RLQP,RELATION EQUIPMENT,,,생략
관계중앙행정기관장,STSDR,STATE ADMINISTRATION INSTITUTION LEADER,,,생략
관공서,GOVNOFC,GOVERNMENT AND PUBLIC OFFICES,,,생략
관급,GOVSPL,GOVERNMENT SUPPLY,,,생략
관급계획,GVSPL,GOVERNMENT SUPPLY PLAN,,,생략
관급자재,GVFNPP,GOVERNMENT FURNISHED PROPERTY,,,생략
관급재료,MSPLHN,MATERIAL SUPPLIED BY THE GOVERNMENT,,,생략
관급품,GSITM,GOVERNMENT SUPPLY ITEM,관급물품,,생략
관급품목구분코드,GDDCD,GOVERNMENT DELIVERY DIVISION CODE,,분류어,생략
관능검사,SNSTST,SENSORY TEST,,,생략
관람,VIEWNG,VIEWING,,,생략
관람석,ADTM,AUDITORIUM,,,생략
관련,REL,RELATION,,,생략
관련시설종류번호,RFKNO,RELATION FACILITIES KIND NUMBER,,분류어,생략
관련자,RELPSN,RELATED PERSON,,,생략
관로,PLINE,PIPE LINE,,,생략
관리,MGT,MANAGEMENT,,,생략
관리가격,ADMPRC,ADMINISTERED PRICE,,,생략
관리개선,MGTIMPR,MANAGEMENT IMPROVEMENT,,,생략
관리계획구분코드,MPDVCD,MANAGEMENT PLAN DIVISION CODE,,분류어,생략
관리계획사유코드,MPRCD,MANAGEMENT PLAN REASON CODE,,분류어,생략
관리계획승인기관코드,MPAOCD,MANAGEMENT PLAN APPROVAL ORGAN CODE,,분류어,생략
관리계획진행상태코드,MPPSCD,MANAGEMENT PLAN PROGRESS STATE CODE,,분류어,생략
관리구분,MGTDIV,MANAGEMENT DIVISION,,,생략
관리도,CTRLCHT,CONTROL CHART,,,생략
관리번호,MGTNO,MANAGEMENT NUMBER,,분류어,생략
관리부대장,MGND,MANAGEMENT COMMANDER,,,생략
관리비,MGTEXP,MANAGEMENT EXPENSES,,,생략
관리업,MGBS,MANAGEMENT BUSINESS,,,생략
관리위탁,MGTRST,MANAGEMENT TRUST,,,생략
관리위탁일자,MGTRSTDT,MANAGEMENT TRUST DATE,관리위탁일,,생략
관리자,ADMIN,ADMINISTRATOR,관리인,,생략
관리자입력규격분류코드,MICCD,MANAGER INPUT CLASSIFICATION CODE,,분류어,생략
관리자취급품목,MHITM,MANAGER HANDLING ITEM,,,생략
관리자카드,VADSTCR,VOTING ADMINISTRATOR CARD,,,생략
관리자통제품목,MCITM,MANAGER CONTROL ITEM,,,생략
관리전환,MGTCVS,MANAGEMENT CONVERSION,관리환,,생략
관리전환거리구분코드,MCVSNDSCD,MANAGEMENT CONVERSION DISTANCE SECTION CODE,,분류어,생략
관리정지,MGTSTP,MANAGEMENT STOP,,,생략
관리종결,MGCNC,MANAGEMENT CONCLUSION,,,생략
관리직,ADMPST,ADMINISTRATIVE POSITION,,,생략
관리처분,MGTDPS,MANAGEMENT DISPOSAL,,,생략
관리처분권,MGSHR,MANAGEMENT AND DISPOSITION AUTHORITY,,,생략
관리청,MGTADM,MANAGEMENT ADMINISTRATION,,,생략
관리청지정신청구분코드,MADADCD,MANAGEMENT ADMINISTRATION DESIGNATION APPLICATION DIVISION CODE,,분류어,생략
관리표적,MGTT,MANAGEMENT TARGET,,,생략
관리회계,MGTACC,MANAGEMENT ACCOUNTS,,,생략
관목,SRB,SHRUB,,,생략
관물함,GPBX,GOVERNMENT PROPERTY BOX,,,생략
관민,GNP,GOVERNMENT AND PEOPLE,,,생략
관보,GZT,GAZETTE,,,생략
관사,OFRSD,OFFICIAL RESIDENCE,,,생략
관상용,VWARN,SOMETHING TO VIEW OR ENJOY WITH ADMIRATION,,,생략
관서,GOVOFC,GOVERNMENT OFFICE,,,생략
관서운영경비,GOVOPEXP,GOVERNMENT OPERATION EXPENSE,,,생략
관서장,CGO,CHIEF OF GOVERNMENT OFFICE,,,생략
관세,TRF,TARIFF,,,생략
관세미지급인도조건,DDU,DELIVERED DUTY UNPAID,,,생략
관세율,TRFRT,TARIFF RATE,,,생략
관세지급인도조건,DDP,DELIVERED DUTY PAID,,,생략
관세청지식관리시스템,CKM,KOREA CUSTOMS SERVICE KNOWLEDGE MANAGEMENT,,,생략
관세청통합정보시스템,CDW,CUSTOMS DATA WAREHOUSE,,,생략
관세품목분류코드,CCCNCD,CUSTOMS COOPERATION COUNCIL NOMENCLATURE CODE,,분류어,생략
관세품목분류표,CCCN,CUSTOMS COOPERATION COUNCIL NOMENCLATURE,CCCN,,생략
관세협력이사회,CCC,CUSTOMS COOPERATION COUNCIL,,,생략
관심,INTRST,INTEREST,,,생략
관심지역,AI,AREA OF INTEREST,,,생략
관심지역번호,AINO,AREA OF INTEREST NUMBER,,분류어,생략
관심지점,POI,POINT OF INTEREST,POI,,생략
관심타격지역,TAI,TARGET AREA INTEREST,TAI,,생략
관심타격지역번호,TAINO,TAI NUMBER,,분류어,생략
관여,PTCPT,PARTICIPATION,,,생략
관용,OFFL,OFFICIAL USE,,,생략
관용여권,OFSPT,OFFICIAL PASSPORT,,,생략
관유물,GOVPRPT,GOVERNMENT PROPERTY,관물,,생략
관인,OFFSL,AN OFFICIAL SEAL,,,생략
관장,ENEMA,ENEMA,ENEMA,,생략
관재,PRPTMGT,PROPERTY MANAGEMENT,,,생략
관재관,PRPTMGR,PROPERTY MANAGER,,,생략
관재인,TRSTEE,TRUSTEE,,,생략
관절염,ARTHR,ARTHRITIS,,,생략
관점,APCT,ASPECT,,,생략
관제,CONTROL,CONTROL,,,생략
관제사,ARTCNT,AIR TRAFFIC CONTROLLER,,,생략
관제소,CTRPST,CONTROL POST,,,생략
관제자,CTRLR,CONTROLLER,,,생략
관제탑,CTRTWR,CONTROL TOWER,TWR,,생략
관조정비,CTPMTN,CONTEMPLATION MAINTENANCE,,,생략
관찰,OBSVT,OBSERVATION,,,생략
관찰통제관,OBSVTC,OBSERVER AND CONTROLLER,,,생략
관청,GOVOFFC,GOVERNMENT OFFICE,,,생략
관측,OBSVTN,OBSERVATION,,,생략
관측소,OP,OBSERVATION POST,"OP,감시소",,생략
관측수단구분코드,OBSVTMENSCD,OBSERVATION MEANS SECTION CODE,,분류어,생략
관측시간,OBTIME,OBTIME,,,생략
관측자,OBSRV,OBSERVER,,,생략
관측자최초보고,NBC1,NUCLEAR BIOLOGICAL AND CHEMICAL 1,"NBC1,NBC-1",,생략
관통,PNTR,PENETRATE,,,생략
관통력,PNTPWR,PENETRATION POWER,,,생략
관하,UDJDT,UNDER THE JURISDICTION OF,,,생략
관하번호,UDJDTNO,UNDER THE JURISDICTION OF NUMBER,,분류어,생략
관학,GVCL,GOVERNMENT AND SCHOOL,,,생략
관할,CMPT,COMPETENCE,,,생략
관할경찰서장,JHLC,JURISDICTION CHIEF OF A POLICE STATION,,,생략
관할관청,CPTOFC,COMPETENCE OFFICES,관할청,,생략
관할기관,CMPTINST,COMPETENCE INSTITUTION,,,생략
관할법원,CPTCRT,COMPETENT COURT,,,생략
관할부대장,JDCMD,JURISDICTION OFFICER COMMANDING,,,생략
관할선거구위원회,JRDTT,JURISDICTION ELECTORAL DISTRICT COMMITTEE,,,생략
관할위반,VJDC,VIOLATION OF JURISDICTION,,,생략
관혼상제,FCOC,FOUR CEREMONIAL OCCASIONS,,,생략
괄호,PRTHS,PARENTHESIS,,,생략
광가입자전송장치,FLC,FIBER LOOP CARRIER,,,생략
광고,ADVT,ADVERTISING,,,생략
광고료,ADVTFEE,ADVERTISING FEE,,,생략
광고물,ADVERT,ADVERTISEMENT,,,생략
광단국,OCLR,OPTICAL TERMINAL,,,생략
광대역,BRBD,BROADBAND,,,생략
광도,LUMITS,LUMINOUS INTENSITY,광력,분류어,생략
광명,LIGHT,LIGHT,,,생략
광명제원,LGDT,LIGHT DATA,,,생략
광범위,WDSCP,WIDE SCOPE,,,생략
광분배함,OFTR,OPTICAL FIBER DISTRIBUTION,,,생략
광속단속기,CHOPPER,CHOPPER,,,생략
광업,MNIDST,MINING INDUSTRY,,,생략
광업법,MNLW,MINING LAW,,,생략
광업소,MNGSTN,MINING STATION,,,생략
광역,WDAR,WIDE AREA,,,생략
광역서비스,BRVC,BROAD SERVICE,,,생략
광역시,MTRCTY,METROPOLITAN CITY,,,생략
광역정보통신망,WAN,WIDE AREA NETWORK,WAN,,생략
광열,LNH,LIGHT AND HEAT,,,생략
광열비,LNHEXP,LIGHT AND HEAT EXPENSES,,,생략
광원,SRCLT,SOURCE OF LIGHT,,,생략
광전송,OTTS,OPTICAL TRANSMISSION,,,생략
광주,GWANGJU,GWANGJU,,,생략
광주전남,GJJN,GWANGJU JEOLLANAM-DO,,,생략
광중계기,OTRPTR,OPTICAL REPEATER,,,생략
광증폭야시장비,WANGHTVSN,WIDE AMPLIFY NIGHT VISION DEVICE,,,생략
광천지,MNLSPT,MINERAL SPOT,,,생략
광택제,PLSH,POLISH,,,생략
광학,OPTICS,OPTICS,,,생략
광해배상,CFDTS,COMPENSATION OF DAMAGE DUE TO MINING MINERALS,,,생략
광화문,GWNGWHMN,GWANGWHAMUN,,,생략
광화학,PHTCHM,PHOTOCHEMISTRY,,,생략
교각,BGPR,BRIDGE PIER,,,생략
교골,FWOBG,FRAMEWORK OF A BRIDGE,,,생략
교관,INSTRT,INSTRUCTOR,,,생략
교관,BRGTB,BRIDGE TUBE,,,생략
교내,SKLGRND,SCHOOL GROUNDS,,,생략
교대,ALTR,ALTERNATION,,,생략
교대및대체,ALNIT,ALTERNATION AND INTERCHANGE,,,생략
교도,TCHNG,TEACHING,,,생략
교도소,DSPBRCK,DISCIPLINARY BARRACKS,,,생략
교란,HRSNG,HARASSING,,,생략
교량,BRG,BRIDGE,,,생략
교량번호,BRGNO,BRIDGE NUMBER,,분류어,생략
교량작업자산구분코드,BRGWOKASTSCD,BRIDGE WORK ASSETS SECTION CODE,,분류어,생략
교량전차,AVLB,ARMORED VEHICLE LAUNCHED BRIDGE,,,생략
교량침목,BGSLP,BRIDGE SLEEPER,,,생략
교련,MILTRN,MILITARY TRAINING,,,생략
교류,EXCH,EXCHANGE,,,생략
교리,DCTRN,DOCTRINE,,,생략
교리형판,DTRTP,DOCTRINE TEMPLATE,,,생략
교번,PEMN,PRE EMPLOYEE NUMBER,,분류어,생략
교범,MNL,MANUAL,,,생략
교범번호,MNLNO,MANUAL NUMBER,,분류어,생략
교보재,TRNAD,TRAINING AID,,,생략
교본,TXTBK,TEXTBOOK,,,생략
교부,DLVR,DELIVERY,,,생략
교부금,GRNT,GRANT,,,생략
교부세,DTRFEE,DISTRIBUTION FEE,,,생략
교부송달,DVYC,DELIVERY AND SERVICE,,,생략
교사범,ABTR,ABETTER,,,생략
교섭단체,NTPRT,NEGOTIATING PARTY,,,생략
교수,PROF,PROFESSOR,,,생략
교수법,TCHMTD,TEACHING METHOD,,,생략
교수요원,FTMMR,FACULTY MEMBERS,,,생략
교실,CLSSRM,CLASSROOM,,,생략
교안,TCHPGM,TEACHING PROGRAM,,,생략
교역,TRD,TRADE,,,생략
교외교육,ETRMT,EXTRAMURAL TEACHING,,,생략
교원임용고사,TATEST,TEACHER APPOINTMENT TEST,"임용고사,임용고시",,생략
교육,EDU,EDUCATION,,,생략
교육경력연수,ECRDR,EDUCATION CAREER STUDY AND TRAINING,,,생략
교육과정,CRRCLM,CURRICULUM,"교과과정,커리큘럼",,생략
교육과정번호,CRCLNO,CURRICULUM NUMBER,,분류어,생략
교육기관,EDUFCLT,EDUCATIONAL FACILITIES,교육관,,생략
교육기관번호,EDUFCLTNO,EDUCATIONAL FACILITIES NUMBER,,분류어,생략
교육비,EDUEXP,EDUCATION EXPENSES,교육비용,,생략
교육비공제코드,EDSBTRCD,EDUCATION EXPENSES SUBTRACTION CODE,,분류어,생략
교육사령부,EDUCMD,EDUCATION COMMAND,,,생략
교육생,STDT,STUDENT,,,생략
교육세,EDUTX,EDUCATIONAL TAXES,,,생략
교육용탄약,EDUAMN,EDUCATIONAL AMMUNITION,교탄,,생략
교육장,EDUSPNTD,SUPERINTENDENT OF EDUCATION,,,생략
교육코드,EDUCD,EDUCATION CODE,,분류어,생략
교육평정,EDUEVT,EDUCATION EVALUATION,,,생략
교육훈련,EDUTRN,EDUCATIONAL TRAINING,,,생략
교육훈련비,TLC,TRAINING LABOR COST,,,생략
교장,MILDRGRD,MILITARY DRILL GROUND,,,생략
교재,TCHMTR,TEACHING MATERIALS,,,생략
교전,ENGMT,ENGAGEMENT,,,생략
교전규칙,ROE,RULES OF ENGAGEMENT,,,생략
교전규칙구분코드,ROESECCD,RULES OF ENGAGEMENT SECTION CODE,,분류어,생략
교전상태,BLGRN,BELLIGERENCY,,,생략
교전상태목록전시,ENGSR,ENGAGEMENT STATUS REVIEW,,,생략
교전상태코드,ENGMTSTATECD,ENGMT STATE CODE,,분류어,생략
교전중표적,ENGTR,ENGAGED TRACK,,,생략
교전지역,DEZ,DESIRED ENGAGEMENT ZONE,,,생략
교전통제소,ECS,ENGAGEMENT CONTROL STATION,,,생략
교절,ONESP,ONE SPAN,,,생략
교정,CAC,CERTIFICATION AND CALIBRATION,검교정,,생략
교정시력,CRTEYE,CORRECTED EYESIGHT,,,생략
교정시험편,CACBLC,CALIBRATION BLOCK,,,생략
교정처분,RFDS,REFORMATION DISPOSITION,,,생략
교지,SKLSTE,SCHOOL SITE,,,생략
교직원,SKLSTF,STAFF OF A SCHOOL,,,생략
교차,CROSS,CROSS,,,생략
교차시험,CTST,CROSS TEST,,,생략
교차점,CTP,CUT POINT,,,생략
교차책임,CRSRSPNSBL,CROSSING RESPONSIBILITY,,,생략
교차청약,CSFR,CROSSED OFFER,,,생략
교체,RPLC,REPLACEMENT,,,생략
교체간평균시간,MTBR,MEAN TIME BETWEEN REPLACEMENT,,,생략
교체번호,RPLCNO,REPLACEMENT NUMBER,,분류어,생략
교체일자,RPLCDT,REPLACEMENT DATE,교체일,,생략
교초,BSBDG,BASE OF BRIDGE,,,생략
교통,TRFC,TRAFFIC,,,생략
교통량,TRFVLM,TRAFFIC VOLUME,,,생략
교통로,ROC,ROUTE OF COMMUNICATION,,,생략
교통망,TRFNTW,TRAFFIC NETWORK,,,생략
교통망구분코드,TRFNTWDVSCD,TRAFFIC NETWORK DIVISION CODE,,분류어,생략
교통밀도,TRFDST,TRAFFIC DENSITY,,,생략
교통방해죄,OSCR,OFFENSE OF BLOCKING TRAFFIC,,,생략
교통비,TRFEXP,TRAFFIC EXPENSES,,,생략
교통사고,TRFACDT,TRAFFIC ACCIDENT,,,생략
교통세,TRFTX,TRAFFIC TAX,,,생략
교통통제소,TRFCTRPST,TRAFFIC CONTROL POST,,,생략
교통편,TRSPTN,TRANSPORTATION,,,생략
교통혼잡도구분코드,TRFICNFDGRCD,TRAFFIC CONFUSION DEGREE SECTION CODE,,분류어,생략
교환,EXCHG,EXCHANGE,,,생략
교환국,TELEX,TELEPHONE EXCHANGE,,,생략
교환기,SWTBRD,SWITCHBOARD,,,생략
교환율,RPLFCT,REPLACEMENT FACTOR,,분류어,생략
교환일자,EXCHDT,EXCHANGE DATE,교환일,,생략
교황청,PPLCORT,PAPAL COURT,,,생략
교훈,LSSLND,LESSONS LEARNED,,,생략
교흉고,SZTB,SIZE OF TALLTREE BREAST,,,생략
구,GU,GU,,,생략
구,OLD,OLD,OLD,,생략
구,HLLW,HOLLOW,,,생략
구간,SECT,SECTION,,,생략
구간거리,SCTDST,SECTIONAL DISTANCE,,,생략
구간거리표,SDMK,SECTIONAL DISTANCE MARK,,,생략
구간번호,SECTNO,SECTION NUMBER,,분류어,생략
구간시작,SSTR,SECTION START,,,생략
구간종료,SFNH,SECTION FINISH,,,생략
구강,ORLCVT,ORAL CAVITY,"입속,입안",,생략
구강외과,ORLSGR,ORAL SURGERY,,,생략
구개,PALATE,PALATE,입천장,,생략
구경,CLBR,CALIBER,,분류어,생략
구경코드,CCD,CALIBER CODE,,분류어,생략
구금,IPRSMT,IMPRISONMENT,,,생략
구급,RSCU,RESCUE,,,생략
구급차,AMBL,AMBULANCE,,,생략
구난,SRNRC,SEARCH AND RESCUE,,,생략
구난차량,RCVHCL,RECOVERY VEHICLE,,,생략
구내외,IDPS,INSIDE OR OUTSIDE PREMISES,,,생략
구독자,READER,READER,,,생략
구동,DRV,DRIVE,,,생략
구두,MTHWRD,WORD OF MOUTH,,,생략
구량,RATN,RATION,,,생략
구름,CLOUD,CLOUD,운,,생략
구름량기상코드,CAWCD,CLOUD AMOUNT WEATHER CODE,,분류어,생략
구름량코드,AMOCLDCD,AMOUNT OF CLOUD CODE,,분류어,생략
구리,CU,COPPER,CU,,생략
구매,PCHS,PURCHASE,구입,,생략
구매구분,PCDV,PURCHASE DIVISION,,,생략
구매권,PCHTKT,PURCHASE TICKET,,,생략
구매량,PCHQTY,PURCHASE QUANTITY,,,생략
구매명세서,PCHDSC,PURCHASE DESCRIPTION,,,생략
구매번호,PCHSNO,PURCHASE NUMBER,,분류어,생략
구매서,PURCHSHT,PURCHASE SHEET,,,생략
구매요구서,PO,PURCHASE ORDER,,,생략
구매요청번호,PCHRQNO,PURCHASE REQUEST NUMBER,,분류어,생략
구매일자,PCHSDT,PURCHASE DATE,"구매일,구입일자,구입일",,생략
구매자,PURCHSR,PURCHASER,,,생략
구매처,PURCHSOFC,PURCHASING OFFICE,,,생략
구매판단,EOP,ESTIMATE OF PROCUREMENT,,,생략
구매품목구분코드,PIDVCD,PURCHASE ITEM DIVISION CODE,,분류어,생략
구명,LFSV,LIFESAVING,,,생략
구명선,LFSHP,LIFESHIP,,,생략
구명장비,SURVIVEQ,SURVIVAL EQUIPMENT,,,생략
구명정,LFBT,LIFEBOAT,,,생략
구문,SYTX,SYNTAX,,,생략
구문분석,PSNG,PARSING,파싱,,생략
구분,DVS,DIVISION,,,생략
구분등기,RGSTPRT,REGISTRATION OF PARTITION,,,생략
구분자,SEPR,SEPARATOR,,,생략
구분지상권,PRTSPRF,PARTITIONED SUPERFICIES,,,생략
구비,FULEQP,BE FULLY EQUIPPED,,,생략
구비서류,REQDOC,REQUIRED DOCUMENT,,,생략
구상,CLMCPS,CLAIM FOR COMPENSATION,,,생략
구상권,INDMRT,RIGHT TO INDEMNITY,,,생략
구상금,RECAMT,RECOURSE AMOUNT,,,생략
구상무역,BTRTRD,BARTER TRADE,,,생략
구상일자,CLMCPSDT,CLAIM FOR COMPENSATION DATE,구상일,,생략
구색,ASRTMT,ASSORTMENT,,,생략
구서,EOR,EXTERMINATION OF RATS,,,생략
구성,CPST,COMPOSITION,,,생략
구성번호,CPSTNO,COMPOSITION NUMBER,,분류어,생략
구성비,CPSTRT,COMPOSITION RATE,,,생략
구성시뮬레이션,CSTSIM,CONSTRUCTIVE SIMULATION,,,생략
구성원,MBR,MEMBER,,,생략
구성원번호,MBRNO,MEMBER NUMBER,,분류어,생략
구성원식별번호,MBRIDNO,MEMBER IDENTIFICATION NUMBER,,분류어,생략
구성재,CPSMTR,COMPOSITION MATERIAL,,,생략
구성체,CNSTRT,CONSTRUCT,,,생략
구성품,CPNT,COMPONENT,구성원품,,생략
구세,SALV,SALVATION,,,생략
구속,RSTRNT,RESTRAINT,,,생략
구역,SCTR,SECTOR,"섹션,블럭",,생략
구역감시,SSWOA,SECTOR SURVEILLANCE WEAPON ORDER AND ASSIGNMENT,SSWOA,,생략
구역구분코드,SCTRDVSCD,SECTOR DIVISION CODE,,분류어,생략
구역번호,SCTRNO,SECTOR NUMBER,,분류어,생략
구영,WRDMNG,WARD MANAGEMENT,,,생략
구우편번호,OZIP,OLD ZIP CODE,,분류어,생략
구유지,GULND,GU LAND,,,생략
구입부품,PCSPRT,PURCHASE PART,,,생략
구입재료,PCSMTR,PURCHASE MATERIAL,,,생략
구전,WRDOM,WORD OF MOUTH ,,,생략
구절,PHRS,PHRASE,,,생략
구조,RESCU,RESCUE,,,생략
구조,STRTR,STRUCTURE,,,생략
구조교골,STBDB,STRUCTURE BRIDGE BONE,,,생략
구조교관,RSCIR,RESCUE INSTRUCTOR,,,생략
구조대,RSCUNT,RESCUE UNIT,,,생략
구조물,STRUTR,STRUCTURE,,,생략
구조조정,RSTRT,RESTRUCTURING,,,생략
구좌,AMNACC,AMMUNITION ACCOUNT,,,생략
구좌전환,ACCSWH,AMMUNITION ACCOUNT SWITCHOVER,,,생략
구직,JOBHUNT,JOB HUNTING,,,생략
구청,WRDOFC,WARD OFFICE,,,생략
구청장,DSTLDR,DISTRICT LEADER,,,생략
구체,CNCRTNS,CONCRETENESS,,,생략
구체적,CNCR,CONCRETE,,,생략
구축,BUILD,BUILD,,,생략
구축형태,TPASB,TYPE ASSEMBLY,,,생략
구축효과,COEFT,CROWDING OUT EFFECT,,,생략
구취,HLTS,HALITOSIS,입냄새,,생략
구치소,DTNHS,DETENTION HOUSE,,,생략
구타,BEAT,BEAT ,,,생략
구토,EMSS,EMESIS,,,생략
구판단번호,OLDESTNO,OLD ESTIMATE NUMBER,,,생략
구현,IMP,IMPLEMENTATION,,,생략
구현,RLZTN,REALIZATION,,,생략
구형,ODSYL,OLD STYLE,,,생략
구형,SPHSHP,SPHERICAL SHAPE,,,생략
구호,AID,AID,,,생략
구호소,AIDSTN,AID STATION,,,생략
국가,NATN,NATION,국,,생략
국가관,VONTN,VIEW OF NATION,,,생략
국가기술자격,NTQ,NATION TECHNOLOGY QUALIFICATION,,,생략
국가기술자격등급코드,NTQGCD,NATION TECHNOLOGY QUALIFICATION GRADE CODE,,분류어,생략
국가기술자격직무분야코드,NTQDSCD,NATION TECHNOLOGY QUALIFICATION DUTY SPHERE CODE,,분류어,생략
국가방위요소,NLSQ,NATIONAL DEFENSE REQUISITE,,,생략
국가배상,SCNS,STATE COMPENSATION,,,생략
국가보훈관계법령,NHWMST,NATION THE REWARD OF MERIT RELATION STATUTE,,,생략
국가보훈대상자,NTTTN,NATION PATRIOT AND VETERAN,,,생략
국가보훈처,MPVA,MINISTRY OF PATRIOTS AND VETERANS AFFAIRS,보훈처,,생략
국가부담금,NATIONALOTM,NATION ALLOTMENT,,,생략
국가부호국코드,NCB,NATIONAL CODIFICATION BUREAU CODE,,분류어,생략
국가신용등급,SVCRRTNG,SOVEREIGN CREDIT RATING,,,생략
국가영상정보전파양식,NITF,NATIONAL IMAGERY TRANSMISSION FORMAT,,,생략
국가유공자,MANMRT,MAN OF NATIONAL MERIT,유공자,,생략
국가자격,CTLF,COUNTRY QUALIFICATION,,,생략
국가자격관리자,CQFNR,COUNTRY QUALIFICATION ADMINISTRATIONIST,,,생략
국가자격면허코드,NQLCD,NATION QUALIFICATION LICENSE CODE,,분류어,생략
국가재고번호,NSN,NATIONAL STOCK NUMBER,"재고번호,NSN",분류어,생략
국가재고번호변경코드,NSNCCD,NATIONAL STOCK NUMBER CHANGE CODE,,분류어,생략
국가재고번호식별코드,NSNIDCD,NATIONAL STOCK NUMBER IDENTIFICATION CODE,,분류어,생략
국가재고번호형태코드,NSNSHPCD,NATIONAL STOCK NUMBER SHAPE CODE,,분류어,생략
국가재정,NATFN,NATIONAL FINANCE,,,생략
국가재정운용계획,GFP,GOVERNMENT FINANCE PLAN,국가재정운영계획,,생략
국가재정정보시스템,NAFIS,NATIONAL FINANCE INFORMATION SYSTEM,"NAFIS,살리미",,생략
국가정보목표우선순위,PNIO,PRIORITY OF NATIONAL INTELLIGENCE OBJECTIVE,PNIO,,생략
국가정보원,NIS,NATIONAL INTELLIGENCE SERVICE,국정원,,생략
국가정보자료,CTFMD,COUNTRY INFORMATION DATA,,,생략
국가정보지원계획,NISP,NATION INFORMATION SUPPORT PLAN,,,생략
국가정보지원계획상태코드,NISPSACD,NATION INFORMATION SUPPORT PLAN STATE CODE ,,분류어,생략
국가주요시설등급코드,NMINSGCD,NATION MAIN INSTALLATION GRADE CODE,,분류어,생략
국가중요시설,CMCQ,COUNTRY IMPORTANCE EQUIPMENT,,,생략
국가채권,NATBND,NATIONAL BOND,국채,,생략
국가채무,NATDBT,NATIONAL DEBT,,,생략
국가채무관리계획상태코드,NDMPSCD,NATIONAL DEBT MANAGEMENT PLAN STATE CODE,,분류어,생략
국가품목식별번호,NIIN,NATIONAL ITEM IDENTIFICATION NUMBER,"국가품목식별부호,NIIN,국가식별부호,물품식별번호",분류어,생략
국가필수국제선박,CSPNP,COUNTRY INDISPENSABLE INTERNATIONAL SHIP,,,생략
국경인도조건,DAF,DELIVERED AT FRONTIER,,,생략
국경일,NATHLDY,NATIONAL HOLIDAY,,,생략
국고,NATTRS,NATIONAL TREASURY,,,생략
국고계좌기능코드,NTAFCD,NATIONAL TREASURY ACCOUNT FUNCTION CODE,,분류어,생략
국고금,NATFND,NATIONAL FUNDS,,,생략
국고금수납점,NFRP,NATIONAL FUND RECEIVING PLACE,,,생략
국고보조금,NATSBSD,NATIONAL SUBSIDIES,,,생략
국고수납대리점,NTRA,NATIONAL TREASURY RECEIVING AGENCIES,,,생략
국고수표,NATCHK,NATIONAL CHECK,,,생략
국고채,NTD,NATIONAL TREASURY DEBT,,,생략
국고채무부담행위,NTDO,NATIONAL TREASURY DEBT OBLIGATION,부담행위,,생략
국고채무부담행위요청번호,NTDORNO,NATIONAL TREASURY DEBT OBLIGATION REQUEST NUMBER,,분류어,생략
국공유지,NATPBLND,NATIONAL AND PUBLIC LAND,,,생략
국공채,NTPBND,NATIONAL AND PUBLIC BOND,,,생략
국군기무사령부,DFSC,DEFENSE SECURITY COMMAND,,,생략
국군복지단,MWAGNC,MND WELFARE AGENCY,,,생략
국군의무사령부,AFMC,ARMED FORCES MEDICAL COMMAND,의무사,,생략
국군지휘통신사령부,ROKDCC,REPUBLIC OF KOREA DEFENSE COMMUNICATION COMMAND,,,생략
국기,NLG,NATIONAL FLAG,,,생략
국내,DMST,DOMESTIC,,,생략
국내건의코드,DAVCD,DOMESTIC ADVISE CODE,,분류어,생략
국내여비,DMTREXP,DOMESTIC TRAVELING EXPENSES,,,생략
국내외,DNO,DOMESTIC AND OUTSIDE,,,생략
국내외구분코드,DOCD,DOMESTIC OVERSEAS DIVISION CODE,,분류어,생략
국내조달,INTPRC,INTERNAL PROCUREMENT,내자조달,,생략
국내참여업체,KIP,KOREAN INDUSTRY PARTICIPANT,,,생략
국내창정비,DDMNT,DOMESTIC DEPOT MAINTENANCE,,,생략
국내총생산,GDP,GROSS DOMESTIC PRODUCT,GDP,,생략
국내출장,DMOTRP,DOMESTIC OFFICIAL TRIP,,,생략
국도,NATRD,NATIONAL ROAD,,,생략
국면,SITN,SITUATION,,,생략
국무위원,STMNST,STATE MINISTER,,,생략
국무회의,CBNCNL,CABINET COUNCIL,,,생략
국민건강보험,NHISR,NATIONAL HEALTH INSURANCE,,,생략
국민건강보험료,NHISRBL,NATIONAL HEALTH INSURANCE BILL,,,생략
국민연금,NATPNS,NATIONAL PENSION,,,생략
국민주택,NATHS,NATIONAL HOUSE,,,생략
국민주택채권,NATHSBD,NATIONAL HOUSING BOND,,,생략
국민주택채권액,NHBAMT,NATIONAL HOUSING BOND AMOUNT,,,생략
국민투표,NTLRFD,NATIONAL REFERENDUM,,,생략
국민훈장,OCM,ORDER OF CIVIL MERIT,,,생략
국방,ND,NATIONAL DEFENSE,,,생략
국방개혁조치,DRI,DEFENSE REFORM INITIATIVES,,,생략
국방과학기술진흥정책서,DSTPP,DEFENSE SCIENCE AND TECHNOLOGY PROMOTION POLICY,,,생략
국방군사시설,NDLRYS,NATIONAL DEFENSE AND MILITARY INSTALLATIONS,,,생략
국방군사시설사업,NDNLTS,NATIONAL DEFENSE AND MILITARY INSTALLATIONS PROJEC,,,생략
국방군수목록체계,ADICS,AUTOMATIC DEFENCE INTEGRATED LOGISTICS CATALOGING SYSTEM,,,생략
국방군수통합정보체계,DELIIS,DEFENSE LOGISTICS INTEGRATED INFORMATION SYSTEM,군수통합,,생략
국방규격서,MILSPEC,MILITARY SPECIFICATION,,,생략
국방기본정책서,NDP,NATIONAL DEFENSE PLAN,,,생략
국방기술품질원,DTAQ,DEFENSE AGENCY FOR TECHNOLOGY AND QUALITY,품관소,,생략
국방기획관리제도,PPBEES,"PLANNING, PROGRAMMING, BUDGETING, EXECUTION, EVALUATION SYSTEM",,,생략
국방데이터사전시스템,DDDS,DEFENSE DATA DICTIONARY SYSTEM,DDDS,,생략
국방동원정보체계,DMOBIS,DEFENSE MOBILIZATION INFORMATION SYSTEM,,,생략
국방물자,DFATCL,DEFENSE ARTICLE,,,생략
국방물자정보체계,DMIS,DEFENSE MATERIALS INFORMATION SYSTEM,"국방물자정보시스템,물자정보체계,물자정보시스템,SIS,보급정보체계,보급정보시스템",,생략
국방보급목록제도,DSCS,DEFENSE SUPPLY CATALOGING SYSTEM,,,생략
국방부,MND,MINISTRY OF NATIONAL DEFENSE,,,생략
국방부대코드관리시스템,UCMS,UNIT CODE MANAGEMENT SYSTEM,"UCSM,부대코드시스템",,생략
국방부장관,DFMIN,DEFENSE MINISTER,국방장관,,생략
국방부직할부대,TUDCMND,TROOPS UNDER DIRECT CONTROL OF MND,국직,,생략
국방부직할부대군무원,MDCVN,MINISTRY OF NATIONAL DEFENSE MILITARY CIVILIAN,,,생략
국방부탄약기호,DODAC,DEPARTMENT OF DEFENSE AMMUNITION CODE,DODAC,,생략
국방부훈령,MNDINST,MINISTRY OF NATIONAL DEFENSE INSTRUCTION,국방부령,,생략
국방비,NDEXP,NATIONAL DEFENSE EXPENSES,,,생략
국방사업구분코드,NDBDCD,NATIONAL DEFENSE BUSINESS DIVISION CODE,,분류어,생략
국방수송정보체계,DTIS,DEFENSE TRANSPORTATION INFORMATION SYSTEM,DTIS,,생략
국방시설통합정보체계,DI3S,DEFENSE INSTALLATION INTEGRATION INFORMATION SYSTEM,"시설통합정보체계,시설정보체계",,생략
국방아키텍처,MNDEA,MINISTRY OF NATIONAL DEFENCE-ENTERPRISE ARCHITECTURE,,,생략
국방예산,NDBGT,NATIONAL DEFENSE BUDGET,,,생략
국방일보,KDD,KOREA DEFENSE DAILY,,,생략
국방장비목록편람,DELD,DEFENCE EQUIPMENT LIST DHNDBK,,,생략
국방재정정보시스템,NDFIS,NATIONAL DEFENCE FINANCE INFORMATION SYSTEM,"국방통합재정정보시스템,국방재정정보체계,국방통합재정정보체계,재정통합정보체계,재정정보체계,국방재정",,생략
국방전산정보원,DCIA,DEFENSE COMPUTING INFORMATION AGENCY,,,생략
국방전자조달시스템,DPAMIS,DEFENSE PROCUREMENT MANAGEMENT INFORMATION SYSTEM,"DPAMIS,국방조달관리체계",,생략
국방정보통신망,DISN,DEFENSE INFORMATION SYSTEM NETWORK,국방망,,생략
국방정보판단서,DIE,DEFENSE INTELLIGENCE ESTIMATE,DIE,,생략
국방조직정원체계,OCMS,ORGANIZATION AND CAPACITY MANAGEMENT SYSTEM,,,생략
국방중기계획,DIRP,DEFENSE INTERMEDIATE RANGE PLANNING,,,생략
국방중기계획서,DIRPDOC,DEFENSE INTERMEDIATE RANGE PLANNING DOCUMENT,,,생략
국방취업지원센터,MNDJOB,MINISTRY OF DEFENSE JOB SUPPORT CENTER,,,생략
국방탄약정보체계,DAIS,DEFENSE AMMUNITION INFORMATION SYSTEM,"AIS,국방탄약시스템,탄약정보체계,탄약시스템",,생략
국방통계시스템,NDSTAT,NATIONAL DEFENSE STATISTICS SYSTEM,,,생략
국방품질경영시스템,DQMS,DEFENSE QUALITY MANAGEMENT SYSTEM,,,생략
국번,TELOFCNO,TELEPHONE OFFICE NUMBER,,,생략
국부,LOCAL,LOCAL,,,생략
국비,GOVEXPNDTR,GOVERNMENT EXPENDITURE,,,생략
국사,NATHSTR,NATIONAL HISTORY,,,생략
국산,DMPRD,DOMESTIC PRODUCTION,,,생략
국산대체,DMSBST,DOMESTIC SUBSTITUTION,,,생략
국산대체심사확정구분코드,DSJCDCD,DOMESTIC SUBSTITUTION JUDGMENT CONFIRMATION DIVISION CODE,,분류어,생략
국산화,LOCZN,LOCALIZATION,,,생략
국세,NATTX,NATIONAL TAX,,,생략
국세청,NTS,NATIONAL TAX SERVICE,,,생략
국소,LOCL,LOCAL,,,생략
국어,NTVLNG,NATIVE LANGUAGE,,,생략
국외,ABRD,ABROAD,,,생략
국외건의코드,FAVCD,FOREIGN ADVICE CODE,,분류어,생략
국외범,OSCRM,OVERSEAS CRIMINAL,,,생략
국외여비,ABTREXP,ABROAD TRAVELING EXPENSES,해외여비,,생략
국외영주권여비구분코드,ADTDCD,ABROAD ENIZENSHIP TRAVELING EXPENSES DIVISION CODE,,분류어,생략
국외정보,ONTNIF,OUTSIDE NATION INFORMATION,,,생략
국외조달,FRPRC,FOREIGN PROCUREMENT,해외조달,,생략
국외출장,ABOFTRP,ABROAD OFFICIAL TRIP,해외출장,,생략
국유,GOVOWN,GOVERNMENT OWNERSHIP,,,생략
국유재산,NATPRPT,NATIONAL PROPERTY,,,생략
국유재산결산유형코드,NPCATCD,NATIONAL PROPERTY CLOSING ACCOUNTS TYPE CODE,,분류어,생략
국유재산계약매각유형코드,NPCSTCD,NATIONAL PROPERTY CONTRACT SALE TYPE CODE,,분류어,생략
국유재산계약목적구분코드,NPCPDCD,NATIONAL PROPERTY CONTRACT PURPOSE DIVISION CODE,,분류어,생략
국유재산계약사용자구분코드,NPCUDCD,NATIONAL PROPERTY CONTRACT USER DIVISION CODE,,분류어,생략
국유재산관리계획,NPMP,NATIONAL PROPERTY MANAGEMENT PLAN,,,생략
국유재산관리계획안처리상태코드,NPMPIPSCD,NATIONAL PROPERTY MANAGEMENT PLAN IDEA PROCESS STATE CODE,,분류어,생략
국유재산관리구분코드,NPMDCD,NATIONAL PROPERTY MANAGEMENT DIVISION CODE,,분류어,생략
국유재산관리운용보고서,NPRNORPT,NATIONAL PROPERTY MANAGEMENT AND OPERATING REPORT,,,생략
국유재산관리유형코드,NPMTCD,NATIONAL PROPERTY MANAGEMENT TYPE CODE,,분류어,생략
국유재산관리처분목적코드,NPMDPCD,NATIONAL PROPERTY MANAGEMENT DISPOSAL PURPOSE CODE,,분류어,생략
국유재산관리처분유형코드,NPMDTCD,NATIONAL PROPERTY MANAGEMENT DISPOSAL TYPE CODE,,분류어,생략
국유재산구분코드,NPDCD,NATIONAL PROPERTY DIVISION CODE,,분류어,생략
국유재산대장,NPL,NATIONAL PROPERTY LEDGER,,,생략
국유재산법,NTPTLW,NATIONAL PROPERTY LAW,,,생략
국유재산사용주체코드,MBUNPCD,MAIN BODY OF USING NATIONAL PROPERTY CODE,,분류어,생략
국유재산상세유형코드,NPDTCD,NATIONAL PROPERTY DETAIL TYPE CODE,,분류어,생략
국유재산상세종류코드,NPDKCD,NATIONAL PROPERTY DETAIL KIND CODE,,분류어,생략
국유재산유형코드,NPTCD,NATIONAL PROPERTY TYPE CODE,,분류어,생략
국유재산점유대부유형코드,NPOLTCD,NATIONAL PROPERTY OCCUPATION LOANING TYPE CODE,,분류어,생략
국유재산종류코드,NPKCD,NATIONAL PROPERTY KIND CODE,,분류어,생략
국유재산증감사유코드,NPINDRCD,NATIONAL PROPERTY INCREASE AND DECREASE REASON CODE,,분류어,생략
국유재산증감코드,NPINDCD,NATIONAL PROPERTY INCREASE AND DECREASE CODE,,분류어,생략
국유지,NATLND,NATIONAL LAND,,,생략
국유화,NATLZ,NATIONALIZATION,,,생략
국유화제외구분코드,NEDCD,NATIONALIZATION EXCLUSION DIVISION CODE,,분류어,생략
국유화제외사유코드,NERCD,NATIONALIZATION EXCLUSION REASON CODE,,분류어,생략
국적,NATLT,NATIONALITY,,,생략
국정감사,IPFTM,INSPECTION OF STATE ADMINISTRATION,,,생략
국제,INTNAT,INTERNATIONAL,,,생략
국제간호분류체계코드번호,ICNPCDNO,INTERNATIONAL CLASSIFICATION FOR NURSING PRACTICE CODE NUMBER,,분류어,생략
국제군수,IL,INTERNATIONAL LOGISTICS,,,생략
국제기구,ILN,INTERNATIONAL ORGANIZATION,,,생략
국제기금,ITRLD,INTERNATIONAL FUND,,,생략
국제기금협약,ITLFR,INTERNATIONAL FUND AGREEMENT,,,생략
국제기술협력기구,TCG,TECHNICAL COORDINATION GROUP,,,생략
국제기준,INTRLSTDR,INTERNATIONAL STANDARD,,,생략
국제도산관리인,ILLNG,INTERNATIONAL FAILURE MANAGEMENT,,,생략
국제무역규칙,INCTRM,INCOTERMS,,,생략
국제민간항공기구,ICAO,INTERNATIONAL CIVIL AVIATION ORGANIZATION,ICAO,,생략
국제민간항공기구공항코드,ICAOAIRPTCD,INTERNATIONAL CIVIL AVIATION ORGANIZATION AIRPORT CODE,,분류어,생략
국제사찰,INLHM,INTERNATIONAL BUDDHIST TEMPLE,,,생략
국제상업회의소,ICC,INTERNATIONAL CHAMBER OF COMMERCE,,,생략
국제선박,INTRLSHIP,INTERNATIONAL SHIP,,,생략
국제수지,BLCPMT,BALANCE OF PAYMENT,,,생략
국제입찰,INTBD,INTERNATIONAL BIDDING,,,생략
국제입찰구분코드,IBDCD,INTERNATIONAL BIDDING DIVISION CODE,,분류어,생략
국제입찰제외사유구분코드,IBERDCD,INTERNATIONAL BIDDING EXCLUSION REASON DIVISION CODE,,분류어,생략
국제질병분류,ICD,INTERNATIONAL CLASSIFICATION OF DISEASES,,,생략
국제통화,INTTK,INTERNATIONAL TALK,,,생략
국제통화기금,IMF,INTERNATIONAL MONETARY FUND,IMF,,생략
국제통화코드,INTCURCD,INTERNATIONAL CURRENCY CODE,,분류어,생략
국제표준화기구,ISO,INTERNATIONAL ORGANIZATION FOR STANDARDIZATION,ISO,,생략
국제항해,INLL,INTERNATIONAL SAILING,,,생략
국제해사기구,IMO,INTERNATIONAL MARITIME ORGANIZATION,,,생략
국제협력업무,INTCPBIZ,INTERNATIONAL COOPERATION BUSINESS,,,생략
국제협력연구개발,ICRND,INTERNATIONAL COOPERATIVE RESEARCH AND DEVELOPMENT,,,생략
국제협력의사,ITRCTR,INTERNATIONAL COOPERATION DOCTOR,,,생략
국제화계획지구,INNPLNDTR,INTERNATIONALIZATION PLAN DISTRICT,,,생략
국지,LMTRGN,LIMITED REGION,,,생략
국지공중우세,LCARS,LOCAL AIR SUPERIORITY,,,생략
국지관제,LCLC,LOCAL CONTROL,,,생략
국지기상,LCWTH,LOCAL WEATHER,,,생략
국지도발,LCPRV,LOCAL PROVOCATION,,,생략
국지도발대비상태코드,CPSTATECD,Counter Provocation State Code,,분류어,생략
국책사업,NATPRJ,NATIONAL PROJECT,,,생략
국토,CNTRY,COUNTRY,,,생략
국회,ASSEMBLY,THE NATIONAL ASSEMBLY,,,생략
군,GUN,GUN,,,생략
군,MIL,MILITARY,,,생략
군가,MILTRS,MILITARY SONG,,,생략
군견,MWD,MILITARY WATCH DOG,,,생략
군관,MILOFCR,MILITARY OFFICER,,,생략
군구분코드,MDCD,MILITARY DIVISION CODE,,분류어,생략
군국가구분코드,MILNATNDVCD,MILITARY NATION DIVISION CODE,,분류어,생략
군급,FSP,FEDERAL SUPPLY,,,생략
군급분류코드,FSC,FEDERAL SUPPLY CLASSIFICATION CODE,,분류어,생략
군기,MILDCP,MILITARY DISCIPLINE,,,생략
군납,SGSMIL,SUPPLY OF GOODS AND SERVICE TO THE MILITARY,,,생략
군납품,SPBP,SUPPLIES PROVIDED BY A PURVEYOR,,,생략
군내,INSMIL,INSIDE MILITARY,,,생략
군내군외구분코드,IOMDCD,INSIDE AND OUTSIDE MILITARY DIVISION CODE,,분류어,생략
군단,CORPS,CORPS,,,생략
군단급,CRPCS,CORPS CLASS,,,생략
군대,MILFC,MILITARY FORCES,,,생략
군대부호,WARSBL,WAR SYMBOL,,,생략
군대부호코드,WARSBLCD,WAR SYMBOL CODE,,분류어,생략
군량곡,MPG,MILITARY PROVISIONS GRAIN,,,생략
군무원,MILCVL,MILITARY CIVILIAN,,,생략
군무원유형코드,MCTYCD,MILITARY CIVILIAN TYPE CODE,,분류어,생략
군무원직렬코드,MCSCPCD,MILITARY CIVILIAN SERIAL CLASS OF POSITION CODE,,분류어,생략
군민,MILNCVL,MILITARY PERSONNEL AND CIVILIAN,,,생략
군민간구분코드,MILCIVILDVCD,MILITARY CIVIL DIVISION CODE,,분류어,생략
군번,SRVNO,SERVICE NUMBER,,분류어,생략
군번정렬구분번호,SRVNOSTLNDNO,SERVICE NUMBER STANDING IN LINE DIVISION NUMBER,,분류어,생략
군번줄,SNC,SERVICE NUMBER CHAIN,,,생략
군법,MILW,MILITARY LAW,,,생략
군별,MILDSC,MILITARY DISCRIMINATION,,,생략
군별코드,MILDSCD,MILITARY DISCRIMINATION CODE,,분류어,생략
군복,MTFR,MILITARY UNIFORM,,,생략
군부,MILTR,MILITARY ,,,생략
군비,ARMT,ARMAMENT,,,생략
군사,MILAFR,MILITARY AFFAIRS,,,생략
군사,SLD,SOLDIER,,,생략
군사교육,MILEDU,MILITARY EDUCATION,,,생략
군사구역,MILAR,MILITARY AREA,,,생략
군사기밀,MLSTS,MILITARY SECRETS,,,생략
군사기밀공개,MTYTN,MILITARY SECRET OPEN,,,생략
군사기밀제공설명,MRFX,MILITARY SECRET OFFER EXPLANATION,,,생략
군사령부,MILHQ,MILITARY HEADQUARTERS,,,생략
군사분계선,MDL,MILITARY DEMARCATION LINE,MDL,,생략
군사시설,MILINST,MILITARY INSTALLATIONS,,,생략
군사시설보호구역,ASRTR,ARMY INSTALLATION PROTECTION AREA,,,생략
군사안보지원사령부,DSSC,DEFENSE SECURITY SUPPORT COMMAND,,,생략
군사원조,MILAID,MILITARY AID,군원,,생략
군사원호,MILSPT,MILITARY SUPPORT,,,생략
군사전략정보요구서,MSIR,MILITARY STRATEGIC INTELLIGENCE REQUIREMENT,MSIR,,생략
군사전략정보요구서수집기관번호,MSIRCONO,MILITARY STRATEGIC INTELLIGENCE REQUIREMENT COLLECTION ORGAN NUMBER,,분류어,생략
군사전략정보요구서첩보요구번호,MSIRIDNO,MILITARY STRATEGIC INTELLIGENCE REQUIREMENT INFORMATION DEMAND NUMBER,,분류어,생략
군사정보통합처리체계,MIMS,MILITARY INTELLIGENCE MANAGEMENT SYSTEM,MIMS,,생략
군사좌표,MILGRD,MILITARY GRID,,,생략
군사좌표참조체계,MGRS,MILITARY GRID REFERENCE SYSTEM,MGRS,,생략
군사지도,TLM,TOPOGRAPHIC LINE MAP,,,생략
군사지원계획주소록,MAPAD,MILITARY AID PROGRAM ADDRESS DIRECTORY,,,생략
군사혁신,RMA,REVOLUTION IN MILITARY AFFAIRS,,,생략
군사협조기구,MCE,Military Coordination Element,,,생략
군사활동,MLARAT,MILITARY AFFAIRS ACTIVITY,,,생략
군사활동병종구분코드,MAABOADVCD,MILITARY AFFAIRS ACTIVITY BRANCH OF THE ARMY DIVISION CODE,,분류어,생략
군사활동분석보고서,MAAANLRPT,MILITARY AFFAIRS ACTIVITY ANALYSIS REPORT,,,생략
군사활동유형코드,MAATYCD,MILITARY AFFAIRS ACTIVITY TYPE CODE,,분류어,생략
군사활동주체구분코드,MAAMNBDDVCD,MILITARY AFFAIRS ACTIVITY MAIN BODY DIVISION CODE,,분류어,생략
군세,CTAX,COUNTY TAX,,,생략
군수,LGST,LOGISTICS,,,생략
군수공장분야코드,LGSTFTRSPHCD,LOGISTICS FACTORY SPHERE CODE,,분류어,생략
군수관리,LGSMGT,LOGISTIC MANAGEMENT,,,생략
군수기능,LGSTFCN,LOGISTICS FUNCTIONS,,,생략
군수기획,LGSTPLN,LOGISTICS PLANNING,,,생략
군수목록,LGSTC,LOGISTICS LIST,,,생략
군수물자,LGSTMTR,LOGISTICS MATERIAL,,,생략
군수방침및절차,LPNP,LOGISTICS POLICY AND PROCEDURES,,,생략
군수사령부,LGSCMD,LOGISTIC COMMAND,군수사,,생략
군수사령부저장부대,LCSU,LOGISTIC COMMAND STORAGE UNIT,,,생략
군수산업,LGSTIND,LOGISTICS INDUSTRY,,,생략
군수운영예규,LOGSOP,LOGISTICS STANDARD OPERATING PROCEDURE,,,생략
군수이관,LGSXCTR,LOGISTICS TRANSFER OF CONTROL,,,생략
군수제원점검,LDC,LOGISTICS DATA CHECK,,,생략
군수지원,LS,LOGISTICS SUPPORT,,,생략
군수지원긴요코드,LSCCD,LOGISTICS SUPPORT CRITICAL CODE,,분류어,생략
군수지원단,LGSPGRP,LOGISTICS SUPPORT GROUP,군지단,,생략
군수지원분석,LSA,LOGISTICS SUPPORT ANALYSIS,LSA,,생략
군수지원분석기록,LSAR,LOGISTICS SUPPORT ANALYSIS RECORD,,,생략
군수지원사령부,LSCMD,LOGISTICS SUPPORT COMMAND,군지사,,생략
군수지원체제,LSS,LOGISTICS SUPPORT SYSTEM,,,생략
군수처,LGSTPLC,LOGISTICS PLACE,,,생략
군수체계,LGSTSYS,LOGISTIC SYSTEM,군수시스템,,생략
군수태세보고서,LGSTRPT,LOGISTICS SITUATION REPORT,,,생략
군수판단,LES,LOGISTICS ESTIMATE OF THE SITUATION,,,생략
군수품,WARSPL,WAR SUPPLIES,군수품목,,생략
군수품기능코드,WSFNCD,WAR SUPPLIES FUNCTION CODE,,분류어,생략
군수품소모유형코드,WSCTCD,WAR SUPPLIES CONSUMPTION TYPE CODE,,분류어,생략
군수품조사,INVTINSP,INVENTORY INSPECTION,재셈,,생략
군수품조사관리번호,IIMNO,INVENTORY INSPECTION MANAGEMENT NUMBER,,분류어,생략
군수품조사구분코드,IIDCD,INVENTORY INSPECTION DIVISION CODE,,분류어,생략
군수혁신,RML,REVOLUTION IN MILITARY LOGISTICS,,,생략
군수협조단,LCG,LOGISTICS COORDINATING GROUP,,,생략
군악,MILMSC,MILITARY MUSIC,,,생략
군외,OUTMIL,OUTSIDE MILITARY,,,생략
군외정비,MILMTN,MILITARY MAINTENANCE,,,생략
군용,MILUSE,MILITARY USE,,,생략
군용기,WLN,WAR PLANE,,,생략
군용선,MTYSS,MILITARY VESSELS,,,생략
군용장구,MLTGR,MILITARY GEARS,,,생략
군용지,MILRSV,MILITARY RESERVATION,,,생략
군용화물번호,MFNO,MILITARY FREIGHT NUMBER,,,생략
군원물자,MAM,MILITARY AID MATERIEL,,,생략
군원장비,MILEQ,MILITARY EQUIPMENT,,,생략
군위탁생,MRLHDN,MILITARY SCHOLARSHIP STUDENTS,,,생략
군유지,GUNLND,GUN LAND,,,생략
군의관,MILSRG,MILITARY SURGEON,,,생략
군의문사,ARMYINTRRGTV,ARMY INTERROGATIVE,,,생략
군인,MILPRSN,MILITARY PERSONNEL,,,생략
군인가족,MPFMLY,MILITARY PERSONNEL FAMILY,,,생략
군인계급코드,MILRNKCD,MILITARY RANK CODE,,분류어,생략
군인공제회,MMAA,THE MILITARY MUTUAL AID ASSOCIATION,,,생략
군인공제회가입구분코드,MEDCD,THE MILITARY MUTUAL AID ASSOCIATION ENTRY DIVISION CODE,,분류어,생략
군인기본자세,MPBATD,MILITARY PERSONNEL BASIC ATTITUDE,,,생략
군인신분코드,MPSPCD,MILITARY PERSONNEL SOCIAL POSITION CODE,,분류어,생략
군인연금,MILPNS,MILITARY PENSION,,,생략
군인연금법,MPLW,MILITARY PENSION LAW,,,생략
군작전공역,MOA,MILITARY OPERATION AIRSPACE,,,생략
군장,LDR,LEADER,,,생략
군장기,MSNCMDR,MISSION COMMANDER,,,생략
군장학생,MYCRS,MILITARY SCHOLARSHIPS,,,생략
군종,MILRLGN,MILITARY RELIGION,,,생략
군직접정비,MILDM,MILITARY DIRECT MAINTENANCE,,,생략
군직할,TUDCARMY,TROOPS UNDER DIRECT CONTROL OF ARMY,군직,,생략
군창,MILDPT,MILITARY DEPOT,,,생략
군책임운영기관,MEA,MILITARY EXECUTIVE AGENCY,,,생략
군첩보부대,AMYFNT,ARMY SECRET INFORMATION MILITARY UNIT,,,생략
군청,CNTHBL,COUNTY HALL BUILDING,,,생략
군축,DSARM,DISARMAMENT,,,생략
군표준청구및불출절차,MILSTRIP,MILITARY STANDARD REQUISITIONING AND ISSUE PROCEDURES,,,생략
군항,NVLR,NAVAL PORT,,,생략
굴절,RFRCT,REFRACTION,,,생략
굴착,DGG,DIGGING,,,생략
굴착기,ECVT,EXCAVATOR,,,생략
굵기,THCK,THICKNESS,,분류어,생략
궁도장,ACHSTE,ARCHERY SITE,,,생략
권,TCKT,TICKET,,,생략
권,VOL,VOLUME,,,생략
권,RGT,RIGHT,,,생략
권계면,TRPPS,TROPOPAUSE,,,생략
권력,ATPW,AUTHORITY POWER,,,생략
권리,RGHT,RIGHT,,,생략
권리보전,RIGHTCONSV,RIGHT CONSERVATION ,,,생략
권리보전기조치사유코드,RPARCD,RIGHT PRESERVATION ALREADY ACTION REASON CODE,,분류어,생략
권리자,RGHPSN,RIGHTFUL PERSON,,,생략
권리주,PTNSTK,POTENTIAL SHARES,,,생략
권리질,PLDGRT,PLEDGE OF RIGHTS,,,생략
권리취득,ACQRGH,ACQUISITION OF RIGHT,,,생략
권면액,FCOBL,FACE OF A BILL,,,생략
권선,WNDNG,WINDING,,,생략
권역,REGION,REGION,,,생략
권원,GRNDCLM,THE GROUND OF CLAIM,,,생략
권유,CNVS,CONVASSING,,,생략
권유자,CNVSR,CANVASSER,,,생략
권장사항,COUR,ENCOURAGE,,,생략
권종,BNDUNT,BOND UNIT,,,생략
권한,ATHRT,AUTHORITY,,,생략
권한자,ATHPSN,AUTHORIZED PERSON,,,생략
궐원,PSVCY,POSITION VACANCY,,,생략
궤간,GUGTRCK,THE GAUGE OF A TRACK,,,생략
궤도,TRK,TRACK,,,생략
궤도형,ORBTP,ORBIT TYPE,꿰도형,,생략
궤적,TRCWHL,TRACE OF WHEELS,,,생략
귀,EAR,EAR,,,생략
귀가,RTNHM,RETURNING HOME,,,생략
귀가지,RHAR,RETURNING HOME AREA,,,생략
귀국,RTNCTR,RETURN TO ONES COUNTRY,,,생략
귀국일자,RTNCTRDT,RETURN TO ONES COUNTRY DATE,귀국일,,생략
귀금속,PRCMT,PRECIOUS METALS,,,생략
귀금속표시코드,PMICD,PRECIOUS METAL INDICATION CODE,,분류어,생략
귀대,RTNUNT,RETURN TO ONE`S UNIT,,,생략
귀대일자,RTUNTDT,DATE OF RETURN TO ONE`S UNIT,귀대일,,생략
귀로수송,HRT,HOMEWARD ROUTE TRANSPORT,,,생략
귀빈,VIP,VERY IMPORTANT PERSON,VIP,,생략
귀선,RTTSH,RETURN TO THE SHIP,,,생략
귀소,HMG,HOMING,,,생략
귀속,RVRT,REVERT,,,생략
귀속부서,RVTDP,REVERT DEPARTMENT,,,생략
귀순,SBMSN,SUBMISSION,,,생략
귀순자,DEFTR,DEFECTOR,,,생략
귀영,RTNBRCK,RETURN TO BARRACKS,,,생략
귀중품,VLABL,VALUABLES,,,생략
귀책사유,CSBBL,CAUSES ATTRIBUTABLE,,,생략
귀향,GHME,GOING HOME,,,생략
귀향지,GHAR,GOING HOME AREA,,,생략
귀환,RPTRAT,REPATRIATION,,,생략
귀환경로ID,EGRRUTID,EGRESS ROUTE ID,,,생략
귓속말,WHSP,WHISPER,,,생략
규격,STDRD,STANDARD,,,생략
규격관리,SPCMGT,SPECIFICATION MANAGEMENT,,,생략
규격기능코드,SFCD,SPECIFICATION FUNCTION CODE,,분류어,생략
규격번호,SPECNO,SPECIFICATION NUMBER,,분류어,생략
규격상태코드,SSCD,SPECIFICATION STATUS CODE,,분류어,생략
규격서,SPECDOC,SPECIFICATION DOCUMENT,,,생략
규격서번호,SPCDOCNO,SPECIFICATION DOCUMENT NUMBER,,분류어,생략
규격완화,DEV,DEVIATION,,,생략
규격제정기관코드,SEOCD,SPECIFICATION ESTABLISHED ORGAN CODE,,분류어,생략
규격제정사유코드,SERCD,SPECIFICATION ENACT REASON CODE,,분류어,생략
규격제정코드,SECD,SPECIFICATION ESTABLISHED CODE,,분류어,생략
규격종류코드,KSCD,KIND OF SPECIFICATION CODE,,분류어,생략
규모,SCALE,SCALE,,,생략
규범,NORM,NORM,,,생략
규소,SLCN,SILICON,"실리콘,SI",,생략
규율성,RGLPTY,REGULATION PERSONALITY,,,생략
규정,RGLT,REGULATION,,,생략
규정휴대량,PL,PRESCRIBED LOAD,,,생략
규정휴대량목록,PLL,PRESCRIBED LOAD LIST,,,생략
규제,RSTRCTN,RESTRICTION,,,생략
규제대상품목,CITES,RESTRICTED ITEMS UNDER CITES REGULATIONS,,,생략
규제자,RGLTR,REGULATOR,,,생략
규제품목,RGLITM,REGULATED ITEM,,,생략
규칙,RULE,RULE,,,생략
균,BAC,BACTERIA,,,생략
균등,EQLTY,EQUALITY,,,생략
균분상속,ELDNC,EQUALIZED INHERITANCE,,,생략
균속,BACGEN,BACTERIA GENEALOGIC,,,생략
균열,CRCK,CRACK,,,생략
균일,FLAT,FLAT,,,생략
균형성과지표,BSC,BALANCED SCORE CARD,BSC,,생략
균형유지능력,BMA,BALANCE MAINTENANCE ABILITY,,,생략
그네,SWNG,SWING,,,생략
그늘,SADE,SHADE,,,생략
그래프,GRAPH,GRAPH,,,생략
그래프유형코드,GRAPHTYCD,GRAPH TYPE CODE,,분류어,생략
그래프축구분코드,GRAPHAXSDVCD,GRAPH AXIS DIVISION CODE,,분류어,생략
그래픽,GRPHC,GRAPHIC,,,생략
그레이더,GRADER,GRADER,,,생략
그룹,GRP,GROUP,,,생략
그룹번호,GRPNO,GROUP NUMBER,,분류어,생략
그룹웨어,GRPWR,GROUPWARE,,,생략
그리니치,GREENWICH,GREENWICH,,,생략
그리드,GRID,GRID,,,생략
그림,PICT,PICTURE,,,생략
그림번호,PICTNO,PICTURE NUMBER,,분류어,생략
그림판,PNTBD,PAINT BOARD,,,생략
극,EXTRM,EXTREME,,,생략
극궤도,PLORB,POLAR ORBIT,,,생략
극궤도위성,PLOBST,POLAR ORBITING SATELLITE,,,생략
극복,OVCM,OVERCOME,,,생략
극성,PLRT,POLARITY,,,생략
극초단파,UHF,ULTRAHIGH FREQUENCY,"UHF,마이크로웨이브,MICROWAV",,생략
극한치,LMTVL,LIMITING VALUE,,,생략
근거,BASIS,BASIS,,분류어,생략
근거리통신망,LAN,LOCAL AREA NETWORK,LAN,,생략
근거번호,BASISNO,BASIS NUMBER,,분류어,생략
근거일자,BASISDT,BASIS DATE,근거일,,생략
근골격,MUSKE,MUSCLE AND SKELETON,,,생략
근로,LBR,LABOR,,,생략
근로소득세,ECMT,EARNED INCOME TAX,,,생략
근로자,WRKR,WORKER,,,생략
근린,NGHBRHD,NEIGHBORHOOD,,,생략
근무,WORK,WORK,,,생략
근무경력,WRKCRR,WORK CAREER,,,생략
근무성적평정,WPA,WORK PERFORMANCE APPRAISAL,"근무평정,근평",,생략
근무시간,OFCHR,OFFICE HOURS,"근로시간,노동시간",,생략
근무일수,WRKDY,WORK DAY,근무일,,생략
근무일지,WRKDR,WORK DIARY,,,생략
근무자,WKR,WORKER,,,생략
근무조지휘관,MCCMDR,MISSION CREW COMMANDER,,,생략
근무지,WRKPLC,WORK PLACE,,,생략
근무처,PLCWK,PLACE OF WORK,,,생략
근사,APRXMT,APPROXIMATE,,,생략
근사치,APQTY,APPROXIMATE QUANTITY,,,생략
근속,CTSVC,CONTINUOUS SERVICE,,,생략
근속년수,CSYR,CONTINUOUS SERVICE YEARS,,,생략
근속수당,CTSVCALW,CONTINUOUS SERVICE ALLOWANCE,,,생략
근시,MYOPIA,MYOPIA,,,생략
근안,NRSHR,NEAR SHORE,,,생략
근원,ORGN,ORIGIN,,,생략
근육,MSCL,MUSCLE,,,생략
근육주사,IMINJT,INTRAMUSCULAR INJECTION,,,생략
근저당,FDLTR,FIXED COLLATERAL,,,생략
근적외채널,NRIFRCHN,NEAR INFRARED CHANNEL,,,생략
근점이각,ANOMALY,ANOMALY,,,생략
근접,APRCH,APPROACH,,,생략
근접시험,CLSPT,CLOSEST PROXIMITY TEST,,,생략
근접신관기폭거리,PXMFZDTTDST,PROXIMITY FUZE DETONATOR DISTANCE,,,생략
근접신관자폭시간,PXMFZSLDSTTM,PROXIMITY FUZE SELF-DESTRUCT TIME,,,생략
근접작전,CLSOP,CLOSE OPERATIONS,,,생략
근접정비지원,CLMTSPT,CLOSE MAINTENANCE SUPPORT,,,생략
근접표적,PRXTR,PROXIMITY TRACKS,,,생략
근접표적검토,CLSTR,CLOSE TRACK REVIEW,,,생략
근접표적목록,CTRLST,CLOSE TRACK REVIEW LIST,,,생략
근접항공지원,CAS,CLOSE AIR SUPPORT,CAS,,생략
근접항공지원군구분코드,CASMDCD,CLOSE AIR SUPPORT MILITARY DIVISION CODE,,분류어,생략
근접항공지원요망공격일시코드,CASATKDTTMCD,CLOSE AIR SUPPORT DESIRE ATTACK DATE AND TIME CODE,,분류어,생략
근접항공지원작전,CASO,CLOSE AIR SUPPORT OPERATION,,,생략
근지점,PRGE,PERIGEE,,,생략
근청,LSATT,LISTENING ATTENTIVELY,,,생략
근친혼,NRTVR,NEAR RELATIVE MARRIAGE,,,생략
근태,DLGNLZ,DILIGENCE AND LAZINESS,,,생략
근해,NRSEA,NEAR SEA,,,생략
글,WRTNG,WRITING,,,생략
글꼴,TPFC,TYPEFACE,,,생략
글라이더,GLIDR,GLIDER,,,생략
글번호,WRTNO,WRITING NUMBER,,분류어,생략
금,AMTMNY,AMOUNT OF MONEY,,분류어,생략
금계,FORB,FORBIDDEN DISTRICT OR BOUNDARY,,,생략
금고,SVNBDY,SAVINGS BODY,,,생략
금기,THSPRD,THIS PERIOD,,,생략
금기,TABO,TABOO,,,생략
금년,THSYR,THIS YEAR,,,생략
금년도,CURYR,CURRENT YEAR,"본년도,금년",,생략
금단증상,WSMP,WITHDRAWAL SYMPTOM,,,생략
금리,INTRT,INTEREST RATE,"이율,이자율",분류어,생략
금리선물,INTRTFTR,INTEREST RATE FUTURES,,,생략
금번,THTM,THIS TIME,"이번,금차",,생략
금분기,THQTR,THIS QUARTER,,,생략
금식,NPOS,NOTHING PER OS,,,생략
금액,AMTMN,AMOUNT OF MONEY,,분류어,생략
금액단위코드,AMTUICD,AMOUNT OF MONEY UNIT OF ISSUE CODE,,분류어,생략
금액부족처리코드,AMSSCD,AMOUNT OF MONEY SHORTAGE SHTG CODE,,분류어,생략
금액비율구분코드,AMRDCD,AMOUNT OF MONEY RATE DIVISION CODE,,분류어,생략
금연,STPSMK,STOP SMOKING,,,생략
금요일,FRI,FRIDAY,금,,생략
금월,THMON,THIS MONTH,"본월,이달",,생략
금융,FN,FINANCE,,,생략
금융결제원,KFTC,KOREA FINANCIAL TELECOMMUNICATIONS AND CLEANINGS INSTITUTE,,,생략
금융기관,BNKORG,BANKING ORGAN,,,생략
금융기관대표코드,BNKORCD,BANKING ORGAN REPRESENT CODE,,분류어,생략
금융기관코드,BNKORGCD,BANKING ORGAN CODE,,분류어,생략
금융상품,FNINST,FINANCIAL INSTRUMENTS,,,생략
금일,TODAY,TODAY,오늘,,생략
금전,MONY,MONEY,,,생략
금전배상,MRYMP,MONETARY COMPENSATION,,,생략
금전채권,MTRCLN,MONETARY CLAIN,,,생략
금주,THSWK,THIS WEEK,,,생략
금지,PRHB,PROHIBITION,,,생략
금치산,INCPT,INCOMPETENCY,,,생략
금치산자,IPNSN,INCOMPETENT PERSON,,,생략
금탑산업훈장,GTOIS,GOLD TOWER ORDER OF INDUSTRIAL SERVICE MERIT,,,생략
금품,MNGD,MONEY AND GOODS,,,생략
금형,MOLD,MOLD,,,생략
금후,AFTTHS,AFTER THIS,,,생략
급,CLAS,CLASS,,,생략
급감,RDDC,RAPID DECREASE,,,생략
급경사,SPSLP,STEEP SLOPE,,,생략
급곡,SPCRV,STEEP CURVE,,,생략
급량,FDGV,FOOD GIVE,,,생략
급변,SDNCHN,SUDDEN CHANGE,,,생략
급부,BNFT,BENEFIT,,,생략
급상승,RSESDN,RISE SUDDENLY,,,생략
급성,ACUTE,ACUTE,,,생략
급속,HASTY,HASTY,,,생략
급수,RATING,RATING,,분류어,생략
급수,WTSPL,WATER SUPPLY,,,생략
급수원,WTSPR,WATER SUPPLY RESOURCE,,,생략
급수이기,DGRD,DEGRADE,,,생략
급수장,WSP,WATER SUPPLY POINT,,,생략
급수펌프,FWP,FEED WATER PUMP,,,생략
급식,MLSVC,MEAL SERVICE,,,생략
급식결산,MSCA,MEAL SERVICE CLOSING ACCOUNTS,,,생략
급식구분코드,MLCCD,MEAL CATEGORY CODE,,분류어,생략
급식기준,MBI,MEAL BASES OF ISSUE,,,생략
급식량,MLAMT,MEAL AMOUNT,,,생략
급식의료집행일련번호,MMSESNO,MEAL AND MEDICAL SERVICE EXECUTION SERIAL NUMBER,,분류어,생략
급양,FDSVC,FOOD SERVICE,,,생략
급양대,FSU,FOOD SERVICE UNIT,,,생략
급여,PAY,PAY,,,생략
급여,INS,INSURABLE,,,생략
급여병적,MLRGFPY,MILITARY REGISTER FOR PAY,,,생략
급여액,PAYAMT,PAY AMOUNT,급여금액,,생략
급여재정업무구분코드,PFBDCD,PAY FINANCE BUSINESS DIVISION CODE,,분류어,생략
급여정보체계,PIS,PAY INFORMATION SYSTEM,"급여체계,급여시스템",,생략
급여정지코드,PAYSCD,PAY STOP CODE,,분류어,생략
급여종류코드,PKCD,PAY KIND CODE,,분류어,생략
급여증명서구분코드,CRTDCD,CERTIFICATE DIVISION CODE,,분류어,생략
급유,REFL,REFUELING,,,생략
급유기,TKR,TANKER,,,생략
급유대번호,RSNO,REFUELING STAND NUMBER,,분류어,생략
급유자,FUEPSN,FUELING PERSON,,,생략
급유차,REFLCAR,REFUELING CAR,,,생략
급조폭발물,IED,Improvised Explosive Device,,,생략
급조폭발물기폭형태코드,IEDDTNTSPCD,IMPROVISED EXPLOSIVE DEVICE DETONATION SHAPE CODE,,분류어,생략
급조폭발물상태코드,IEDSCD,IMPROVISED EXPLOSIVE DEVICE STATE CODE,,분류어,생략
급조폭발물유형코드,IEDTYPCD,IMPROVISED EXPLOSIVE DEVICE TYPE CODE,,분류어,생략
급조폭발물피해유형코드,IEDDAMAGECD,IMPROVISED EXPLOSIVE DEVICE DAMAGE TYPE CODE,,분류어,생략
급증,SDNINCS,SUDDEN INCREASE,,,생략
급지,RGNCLS,REGION CLASSIFICATION,,,생략
급지도서구분코드,RCIDCD,REGION CLASSIFICATION ISLANDS DIVISION CODE,,분류어,생략
급지코드,RGNCLSCD,REGION CLASSIFICATION CODE,,분류어,생략
급편고착,HSFXLCN,HASTY FIX LOCK ON,,,생략
급편방어,HSDFN,HASTY DEFENSE,,,생략
급행,EXPSS,EXPRESS,,,생략
긍정,POSTV,POSITIVE ,,,생략
기,MCHN,MACHINE,,,생략
기,UN,UNIT,,,생략
기,PERD,PERIOD,,,생략
기,ARD,ALREADY,,,생략
기가,GIGA,GIGA,,,생략
기각,REJCT,REJECTION,,,생략
기각일자,RJCTDT,REJECTION DATE,기각일,,생략
기간,PRD,PERIOD,PERIOD,분류어,생략
기간내,WNRD,WITHIN PERIOD,,,생략
기간단위코드,PRDUICD,PERIOD UNIT OF ISSUE CODE,,분류어,생략
기간병,SKTNSLD,SKELETON SOLDIER,,,생략
기간손익,PRDPNL,PERIOD PROFIT AND LOSS,,,생략
기갑,ARMR,ARMOR,,,생략
기계,MACHN,MACHINE,,,생략
기계적,MCHNCL,MACHINICAL,,,생략
기계처리품목,MPITM,MACHINE PROCESS ITEM,,,생략
기계화보병,MECHINF,MECHANIZED INFANTRY,,,생략
기계화부대,MECHUNIT,MECHANIZED UNIT,,,생략
기계획,PRPLND,PRE PLANNED,,,생략
기계획감시,PSRV,PRE PLANNED SURVEILLANCE,,,생략
기계획사업,PRPLPRJ,PREPLANNED PROJECT,,,생략
기계획임무,PRPLM,PREPLANNED MISSION,,,생략
기계획전술공수재보급,STAR,SCHEDULED TACTICAL AIRLIFT RESUPPLY,,,생략
기계획지원,PRPLSPRT,PREPLANED SUPPORT,,,생략
기계획통합임무명령서,PREITO,PREPOSITIONAL INTEGRATED TASKING ORDER,,,생략
기계획표적,PRTGT,PREPLANNED TARGET,,,생략
기공,STOMA,STOMA,,,생략
기관,ORGAN,ORGAN,,,생략
기관,EGN,ENGINE,,,생략
기관번호,ORGNO,ORGAN NUMBER,,분류어,생략
기관사,ENOF,ENGINE OFFICER,,,생략
기관서식,ISTFM,INSTITUTION FORM,,,생략
기관위치코드,EPCD,ENGINE POSITION CODE,,분류어,생략
기관장,GAC,GOVERNMENT AGENCY CHIEF,,,생략
기관지,BRCHS,BRONCHUS,,,생략
기관총,MCHNGUN,MACHINE GUN,,,생략
기관코드,ORGCD,ORGAN CODE,,분류어,생략
기관평가,ISTSTM,INSTITUTION ESTIMATION,,,생략
기관포,MACHCANNON,MACHINE CANNON,,,생략
기구,ORG,ORGANIZATION,,,생략
기구,APRTS,APPARATUS,,,생략
기권방지,PRABVT,PREVENTION OF ABSTENTION FROM VOTING,,,생략
기금,FUND,FUND,,,생략
기기,MCHNR,MACHINERY,,,생략
기기번호,MCHNRNO,MACHINERY NUMBER,,분류어,생략
기내,INFLGT,INFLIGHT ,,,생략
기념,CMRT,COMMEMORATION,,,생략
기념비,MUMT,MONUMENT,,,생략
기념일구분코드,ANVCLCD,ANNIVERSARY CLASSIFICATION CODE,,분류어,생략
기능,FCN,FUNCTION,,,생략
기능발휘상태코드,FUNDISTATCD,FUNCTION DISPLAY STATE CODE,,분류어,생략
기능부호,FC,FUNCTION CODES,,,생략
기능부호계층번호,FCHNO,FUNCTION CODES HIERARCHY NUMBER,,분류어,생략
기능분석,FCNANL,FUNCTIONAL ANALYSIS,,,생략
기능시험,FCNTST,FUNCTIONAL TEST,,,생략
기능실,FUNRM,FUNCTIONS ROOM,,,생략
기능실코드,FUNRMCD,FUNCTION ROOM CODE,,분류어,생략
기능유형,FNTP,FUNCTION TYPE,,,생략
기능적,FNCTNL,FUNCTIONAL,,,생략
기능적상태구분코드,FNCTNLSTDVCD,FUNCTIONAL STATE DIVISION CODE,,분류어,생략
기능적피해평가,FDA,FUNCTIONAL DAMAGE ASSESSMENT,,,생략
기능점검,FCNCHK,FUNCTION CHECK,,,생략
기능조직,FCNORG,FUNCTIONAL ORGANIZATION,,,생략
기능직,TCNSRV,TECHNICAL SERVICE,,,생략
기능화군수지원체제,FLSS,FUNCTIONAL LOGISTICS SUPPORT SYSTEM,,,생략
기대,EXPTN,EXPECTATION,,,생략
기대효과,EXPEFT,EXPECTATION EFFECT,,,생략
기도,ATPT,ATTEMPT,,,생략
기도,AIRWAY,AIRWAY ,,,생략
기독교,CRSTN,CHRISTIANITY,,,생략
기동,MNVR,MANEUVER,,,생략
기동로,AVMNV,AVENUE FOR MANEUVER,,,생략
기동복구반,MNVRCT,MANEUVERING RECOVERY TEAM,,,생략
기동부대,MNVUNT,MANEUVERING UNIT,기동대,,생략
기동성,MBL,MOBILITY,,,생략
기동순찰반,MNVPTRLT,MANEUVERING PATROLL TEAM,,,생략
기동장애물종류코드,MNVROBCGCD,MANEUVER OBSTACLES CATEGORY CODE,,분류어,생략
기동장애물진척코드,MNVROBPRGRCD,MANEUVER OBSTACLES PROGRESS CODE,,분류어,생략
기동지원단,MOBSPGR,MOBILE SUPPORT GROUP,,,생략
기동타격부대,SSF,SPECIAL STRIKE FORCE,"기동타격대,타격대",,생략
기동편성,TASKORG,TASK ORGANIZATION,,,생략
기동편성규모코드,TAKRGSCALCD,TASKORGANIZATION SCALE CODE,,분류어,생략
기둥,POLE,POLE,,,생략
기량,TLNT,TALENT,,,생략
기록,RCD,RECORD,,,생략
기록물,RCDNG,RECORDING,,,생략
기록물관리기관장,DLNGTD,DOCUMENTAL MANAGEMENT INSTITUTION LEADER,,,생략
기록물철,DCMN,DOCUMENTARY,,,생략
기록번호,RCORDNO,RCORD NUMBER,,,생략
기록부,RCDBK,RECORD BOOK,,,생략
기록사격,RF,REGISTRATION FIRE,,,생략
기록일자,RCDT,RECORD DATE,기록일,,생략
기록자,RCDR,RECORDER,,,생략
기록지,RCDPPR,RECORDING PAPER,,,생략
기뢰,MINE,MINE,기계수뢰,,생략
기뢰감응방식코드,MINESENSORWAYCD,MINE SENSOR WAY CODE,,분류어,생략
기뢰부설구분코드,MNELAYDVSCD,MINE LAYING DIVISION CODE,,분류어,생략
기뢰설치방식코드,MNEINSTWYCD,MINE INSTALLATION WAY CODE,,분류어,생략
기뢰전함,CNTRMESRSHIP,COUNTERMEASURES SHIP,,,생략
기름,OIL,OIL,오일,,생략
기만,DCPTN,DECEPTION,,,생략
기만기,DECOY,DECOY,,,생략
기만작전,DCTOPR,DECEPTION OPERATION,,,생략
기말,TRMEND,TERM END,,,생략
기말수당,TMEDALW,TERM END ALLOWANCE,,,생략
기말재고,ENVNR,ENDING INVENTORY,,,생략
기명,SIGNNM,SIGN ONE'S NAME,,,생략
기명날인,SGTSL,SIGNATURE AND SEAL,,,생략
기명사채,RGSTDB,REGISTERED DEBENTURE,,,생략
기명식선하증권,STRFBL,STRAIGHT FORM BILL OF LADING,,,생략
기명주식,RGSTST,REGISTERED STOCK,,,생략
기물,OBJECT,OBJECT,,,생략
기물번호,VSLNO,VESSEL NUMBER,,분류어,생략
기반,FNDT,FOUNDATION,,,생략
기반시설,INFST,INFRASTRUCTURE,,,생략
기반시설구분코드,INFSTDVSCD,INFRASTRUCTURE DIVISION CODE,,분류어,생략
기법,TCHN,TECHNIQUES,,,생략
기보,PRERPT,PREVIOUS REPORT,,,생략
기본,BASIC,BASIC,,,생략
기본계약,MNCTR,MAIN CONTRACT,,,생략
기본급,BSCPAY,BASIC PAY,본급,,생략
기본모델,BSMDL,BASIS MODEL,,,생략
기본문,BSSTM,BASIC STATEMENT,,,생략
기본불출품목,BII,BASIC ISSUE ITEM,,,생략
기본설계,BSCDSN,BASIC DESIGN,,,생략
기본어음,BASSBIL,BASIS BILL,,,생략
기본영상,BSCIMG,BASIC IMAGE,,,생략
기본오퍼,BSOFR,BASE OFFER,기본오파,,생략
기본요금,BSRT,BASE RATE,,,생략
기본정보분류코드,BASINFOCLCD,BASIC INFORMATION CLASSIFICATION CODE,,분류어,생략
기본철,MSTFILE,MASTER FILE,,,생략
기본폐기율,BMR,BASIC MORTALITY RATE,,,생략
기본표면,BASSSURFC,BASIS SURFACE,,,생략
기본표적일람번호,BENO,BASIC ENCYCLOPEDIA NUMBER,,분류어,생략
기본형,BSCFRM,BASIC FORM,,,생략
기본휴대량,BL,BASIC LOAD,BL,,생략
기부,DNTN,DONATION,,,생략
기부금,CTRB,CONTRIBUTION,기부금액,,생략
기부금종류코드,CTRBKCD,CONTRIBUTION KIND CODE,,분류어,생략
기부금품,CBMYS,CONTRIBUTION MONEY AND GOODS,,,생략
기부금품모집,CRYRT,CONTRIBUTION MONEY AND GOODS RECRUITMENT,,,생략
기부대상코드,DNTNOCD,DONATION OBJECT CODE,,분류어,생략
기부자,CTRBTR,CONTRIBUTOR,,,생략
기부채납,CTRBACPT,CONTRIBUTED ACCEPTANCE,,,생략
기비축,ARDSTPL,ALREADY STOCKPILED,,,생략
기사,ENGNR,ENGINEER,,,생략
기산,RECKN,RECKONING,,,생략
기산일,IDRK,INITIAL DATE IN RECKONING,,,생략
기상,WTHR,WEATHER,"날씨,일기",,생략
기상개황,GWCND,GENERAL WEATHER CONDITIONS,,,생략
기상관측,WTHOBS,WEATHER OBSERVATION,,,생략
기상관측지점,WOS,WEATHER OBSERVATION SPOT,,,생략
기상대,WSA,WEATHER STATIONS,,,생략
기상대코드,WTSTNCD,WEATHER STATION CODE,,분류어,생략
기상도,WTHCH,WEATHER CHART,,,생략
기상및해양부호코드,WTHRNOCNSICD,WETHER AND OCEAN SIGN CODE,,분류어,생략
기상분석,WTHANL,WEATHER ANALYSIS,,,생략
기상분석대상구분코드,WTHANOBDVCD,WEATHER ANALYSIS OBJECT DIVISION CODE ,,분류어,생략
기상실황,WRCND,WEATHER REAL CONDITION,,,생략
기상영상구분코드,WTHRIMGDVCD,WEATHER IMAGE DIVISION CODE,,분류어,생략
기상예보,WTFCT,WEATHER FORECAST,,,생략
기상예보지역코드,WPRNCD,WEATHER PREDICTION REGION CODE,,분류어,생략
기상요소,MTLEL,METEOROLOGICAL ELEMENTS,,,생략
기상위성,METRGCSTL,METEOROLOGICAL SATELLITE,,,생략
기상정보,WI,WEATHER INTELLIGENCE,,,생략
기상제원,MTRDT,METEOROLOGICAL DATA,,,생략
기상지역코드,WTARCD,WEATHER AREA CODE,,분류어,생략
기상지점코드,WTPSTCD,WEATHER POSITION CODE,,분류어,생략
기상첨부파일종류코드,WTHRATCFKCD,WEATHER ATTACHMENT FILE KIND CODE,,분류어,생략
기상청,KMA,KOREA METEOROLOGICAL ADMINISTRATION,"WEATHER BUREAU,WB",,생략
기상청예보구역코드,KMAPRDSTD,KOREA METEOROLOGICAL ADMINISTRATION PREDICTION SECTOR CODE,,분류어,생략
기상출처구분코드,WTHRSCDVCD,WEATHER SOURCE DIVISION CODE,,분류어,생략
기상코드,WTCD,WEATHER CODE,,분류어,생략
기상특보,WSR,WEATHER SPECIAL REPORT,,,생략
기상특보발표종류코드,WTSRACD,WEATHER SPECIAL REPORT ANNOUNCEMENT CODE,,분류어,생략
기상특보종류코드,WSRKNDCD,WEATHER SPECIAL REPORT KIND CODE,,분류어,생략
기상환,ADRD,ALREADY REDEMPTION,,,생략
기선,BSLN,BASE LINE,,,생략
기성,ACPLS,ACCOMPLISHMENT,,,생략
기성고,ACPPGR,ACCOMPLISHED PROGRESS,,,생략
기성고율,ACPGRT,ACCOMPLISHED PROGRESS RATE,기성율,,생략
기세,SPIRT,SPIRIT,,,생략
기소유예,SSNSC,SUSPENSION OF PROSECUTION,,,생략
기수,NSAPLN,THE NOSE OF AN AIRPLANE,,,생략
기수,TRMNO,TERM NUMBER,,분류어,생략
기수방위교차각,HCA,HEADING CROSSING ANGLE,,,생략
기숙사,BRHS,BOARDING HOUSE,,,생략
기술,TCHNL,TECHNOLOGY,,,생략
기술,DSCR,DESCRIPTION,,,생략
기술개발,EGNRDVL,ENGINEERING DEVELOPMENT,공학개발,,생략
기술검사,TI,TECHNICAL INSPECTION,,,생략
기술검사구분코드,TICCD,TECHNICAL INSPECTION CATEGORY CODE,,분류어,생략
기술검사서,TID,TECHNICAL INSPECTION DOCUMENTS,,,생략
기술교범,TM,TECHNICAL MANUAL,기술교본,,생략
기술교범번호,TMNO,TECHNICAL MANUAL NO.,,분류어,생략
기술구조,TA,TECHNICAL ARCHITECTURE,TA,,생략
기술규격서,TS,TECHNICAL SPECIFICATION,,,생략
기술도서,TCHORD,TECHNICAL ORDER,,,생략
기술도입생산,TIP,TECHNOLOGY IMPORTED PRODUCTION,,,생략
기술료,TCHFEE,TECHNICAL FEE,,,생략
기술료금액,TCAMT,TECHNICAL FEE AMOUNT OF MONEY,,,생략
기술문서번호,TDNO,TECHNOLOGY DOCUMENT NUMBER,,분류어,생략
기술변경,EGNRCHG,ENGINEERING CHANGE,,,생략
기술성능척도,TPMS,TECHNICAL PERFORMANCE MEASURES,,,생략
기술시험평가,DTNE,TECHNOLOGY TEST AND EVALUATION,,,생략
기술용역,TCHSVC,TECHNOLOGY SERVICE,,,생략
기술이전,TCHTRS,TECHNOLOGY TRANSFER,,,생략
기술이전협정서,TTP,TECHNICAL TRANSFER PROTOCOL,,,생략
기술자,TCHEPT,TECHNICAL EXPERT,기술인,,생략
기술자료,TCHDATA,TECHNICAL DATA,,,생략
기술자료묶음,TDP,TECHNICAL DATA PACKAGE,TDP,,생략
기술자료번호,TCHDATANO,TECHNICAL DATA NUMBER,,분류어,생략
기술적,TCHNC,TECHNICAL,,,생략
기술점검대상,TCHKOBJ,TECHNOLOGY CHECK OBJECT,,,생략
기술정보,TCHINT,TECHNICAL INTELLIGENCE,,,생략
기술지시,TD,TECHNICAL DIRECTION,기술통신기술지시,,생략
기술지원,TCHASST,TECHNICAL ASSISTANCE,,,생략
기술지원번호,TANO,TECHNICAL ASSISTANCE NUMBER,,분류어,생략
기술지원협정서,TAA,TECHNICAL ASSISTANCE AGREEMENT,,,생략
기술평가,TCHQVLN,TECHNIQUE EVALUATION,,,생략
기술혁신,TCINVT,TECHNOLOGICAL INNOVATION,,,생략
기술협력생산,TCHCPRD,TECHNOLOGY COOPERATION PRODUCTION,,,생략
기술협력연구개발,TCRND,TECHNOLOGY COOPERATION RESEARCH AND DEVELOPMENT,,,생략
기술훈련,TCHTRN,TECHNICAL TRAINING,,,생략
기아,HUNGR,HUNGER ,,,생략
기안,DRFTNG,DRAFTING,,,생략
기안문,BSCLTR,BASIC LETTER,,,생략
기안일자,DRFTDT,DRAFTING DATE,기안일,,생략
기안자,DRFTR,DRAFTER,,,생략
기압,ARPRS,AIR PRESSURE,대기압,분류어,생략
기압계,BRMTR,BAROMETER,,,생략
기어,GEAR,GEAR,,,생략
기억,MEMR,MEMORY,,,생략
기억장치,MYSTG,MEMORY STORAGE,,,생략
기업,ENTP,ENTERPRISE,,,생략
기업규모구분코드,ESDCD,ENTERPRISE SCALE DIVISION CODE,,분류어,생략
기업어음,CMCPPR,COMMERCIAL PAPER,,,생략
기업용,INDSTRL,INDUSTRIAL,,,생략
기업지원단일창구,G4B,GOVERNMENT FOR BUSINESS,,,생략
기업체재산,CNWTH,COMPANY WEALTH,,,생략
기업특성코드,RSQCD,ENTERPRISE SPECIAL QUALITY CODE,,분류어,생략
기업형책임운영기관,TFEA,TRADING FUND EXECUTIVE AGENCY,,,생략
기업회계,BIZACC,BUSINESS ACCOUNTING,,,생략
기여,CTRBTN,CONTRIBUTION,,,생략
기여금,PAYANNTY,PUBLIC SERVANT MONTHLY PAYMENT FOR PENSION,,,생략
기여금종류구분코드,PSMPFPKDCD,PUBLIC SERVANT MONTHLY PAYMENT FOR PENSION KIND DIVISION CODE,,분류어,생략
기여도,DGRCTRB,DEGREE OF CONTRIBUTION,,,생략
기예,ARTS,ARTS,,,생략
기온,ATPRT,AIR TEMPERATURE,,분류어,생략
기왕증,PRVILL,PREVIOUS ILLNESS,,,생략
기울기,GRDNT,GRADIENT,"구배,경사도",분류어,생략
기일,DUDT,DUE DATE,,,생략
기입등기,RSTRD,REGISTRATION ENTERED,,,생략
기장,ISGN,INSIGNIA,,,생략
기재,MCHMTR,MACHINERY AND MATERIALS,,,생략
기재,RCRD,RECORD,,,생략
기저질환,BASDX,BASE DISEASE,,,생략
기적,SIREN,SIREN,,,생략
기점,RLHD,RAILHEAD,,,생략
기정,ESTB,ESTABLISHED,,,생략
기조,KYNT,KEYNOTE,,,생략
기존,PREXT,PREEXISTENCE,,,생략
기종,KNMCH,KIND OF MACHINE,,,생략
기준,STD,STANDARD,,,생략
기준가격,STDPC,STANDARD PRICE,,,생략
기준금리,SDRT,STANDARD INTEREST,,,생략
기준년,STDYY,STANDARD YEAR,,,생략
기준단가,SUPRC,STANDARD UNIT PRICE,,,생략
기준단위코드,STDUCD,STANDARD UNIT CODE,,분류어,생략
기준량,STDAMT,STANDARD AMOUNT,기준수량,,생략
기준번호,STDNO,STANDARD NUMBER,,분류어,생략
기준병과코드,SBSCD,STANDARD BRANCH OF SERVICE CODE,,분류어,생략
기준부등호,SSGN,STANDARD A SIGN OF INEQUALITY,,,생략
기준부족품목,STDSITM,STANDARD SHORTAGE ITEM,,,생략
기준설계서,BASELINE,BASELINE,,,생략
기준설계서메시지아이디,MID,BASELINE MESSAGE ID,,,생략
기준설계서세트아이디,SID,BASELINE SET ID,,,생략
기준설계서필드아이디,FID,BASELINE FIELD ID,,,생략
기준소득월액결정구분코드,SMIADDCD,STANDARD MONTHLY INCOME AMOUNT DECISION DIVISION CODE,,분류어,생략
기준소득월액구분코드,SMIADCD,STANDARD MONTHLY INCOME AMOUNT DIVISION CODE,,분류어,생략
기준소득월액생성구분코드,SMIACDCD,STANDARD MONTHLY INCOME AMOUNT CREATION DIVISION CODE,,분류어,생략
기준시간,STDTIME,STANDARD TIME,,,생략
기준월,STDMT,STANDARD MONTH,,,생략
기준율,BSCRT,BASIC RATE,,,생략
기준일자,BASDT,BASE DATE,기준일,,생략
기준점,CTRLPNT,CONTROL POINT,,,생략
기준정보관리,BIM,BASIC INFORMATION MANAGEMENT,CI,,생략
기준제한,STDRS,STANDARD RESTRICTION,,,생략
기준초과품목,STDEITM,STANDARD EXCESS ITEM,,,생략
기준치,STDVAL,STANDARD VALUE,,,생략
기준항목데이터번호,STDIDNO,STANDARD ITEM DATA NUMBER,,분류어,생략
기준환율,STDEXRT,STANDARD EXCHANGE RATE,,,생략
기준흘수선,SRLN,STANDARD WATERLINE,,,생략
기증,DONATN,DONATION,,,생략
기지,BASE,BASE,"사이트,SITE",,생략
기지귀환,RTB,RETURN TO BASE,,,생략
기지급금,ARDSBS,ALREADY DISBURSEMENT,,,생략
기지답사보고서,SSFDP,SITE SURVEY FOR DESIGN PURPOSE,,,생략
기지번호,BASENO,BASE NUMBER,,분류어,생략
기지보호구역,STTPRAR,STATION PROTECTION AREA,,,생략
기지수리불가능품목,NRIS,NOT REPAIRABLE ITEM AT STATION,부대수리불가능품목,,생략
기지수리율,PBR,PERCENT OF BASE REPAIR,,,생략
기지조달,BSPRC,BASE PROCUREMENT,,,생략
기채,FLTAT,FLOATATION OF A LOAN,,,생략
기체,PLANE,PLANE,,,생략
기초,TRMST,TERM START,,,생략
기초,BASICS,BASICS,,,생략
기초공사,FDTWRK,FOUNDATION WORK,,,생략
기초금액,BSAMT,BASIS AMOUNT,,,생략
기초복용방법,BTMTH,BASICS TAKING MEDICINE METHOD,,,생략
기초연구,BSCRSCH,BASIC RESEARCH,,,생략
기초예비가격,BSRSPRC,BASIS RESERVE PRICE,"기초예가,기초예비금액",,생략
기초잔액,BSBLC,BASIS BALANCE,,,생략
기층,SUBBS,SUBBASE,,,생략
기침,COUGH,COUGH,,,생략
기타,ETC,ETCETERA,ETC,,생략
기타건수,ETNT,ETC COUNT,,,생략
기타검사,ETINP,ETCETERA INSPECTION,,,생략
기타결과,ETRLT,ETCETERA RESULT,,,생략
기타금액,ETCAMT,ETC AMOUNT,,,생략
기타장치,OTHDVC,OTHER DEVICE,,,생략
기타정보요구,OIR,Other Information Requirements,,,생략
기타처방,ETPRS,ETCETERA PRESCRIPTION,,,생략
기타포괄손익,OTHCINC,OTHER COMPREHENSIVE INCOME,,,생략
기타포괄손익누계액,AOCINC,ACCUMULATED OTHER COMPREHENSIVE INCOME,기타포함손익누계액,,생략
기탁,DPSTN,DEPOSITION,,,생략
기탁금,TRUMNY,TRUST MONEY,,,생략
기탁신용장,ESCRLC,ESCROW LETTER OF CREDIT,,,생략
기통,CYLNDR,CYLINDER,실린더,,생략
기파,SURF,SURF,,,생략
기폭,DTNT,DETONATION,,,생략
기폭장치,DC,DETONATING CHARGE,,,생략
기표,BALLOT,BALLOT,,,생략
기표,CRTCHT,CREATE A CHIT,,,생략
기표용계정코드,CRCHACCTCD,CREATE A CHIT ACCOUNT CODE,,분류어,생략
기표용소관코드,CRCHJCD,CREATE A CHIT JURISDICTION CODE,,분류어,생략
기피,EVSN,EVASION,회피,,생략
기한,TERM,TERM,,,생략
기한부신용장,USCLC,USANCE LETTER OF CREDIT,,,생략
기한이익,BNFTM,BENEFIT OF TIME,,,생략
기한일자,DLDT,DEADLINE DATE,기한일,,생략
기한후배서,EFMY,ENDORSEMENT AFTER MATURITY,,,생략
기함,FLGSP,FLAG SHIP,,,생략
기항,CLATPRT,CALL AT PORT,,,생략
기호,TSTE,TASTE,,,생략
기호,SMBL,SYMBOL,"심벌,심볼,심블",,생략
기호식품,FVFD,FAVORITE FOOD,기호품,,생략
기혼,MARRIED,MARRIED,,,생략
기회,OPPOR,OPPORTUNITY,,,생략
기회비용,OPCST,OPPORTUNITY COST,,,생략
기획,PLNNG,PLANNING,,,생략
기획소요,PLNRQM,PLANNING REQUIREMENT,,,생략
기획예산처,MPB,MINISTRY OF PLANNING AND BUDGET,,,생략
기획자,PLNER,PLANNER,,,생략
기획재정부,MOSF,MINISTRY OF STRATEGY AND FINANCE,"기획예산처,기예처",,생략
기획재정부계정코드,MSFACCTCD,MINISTRY OF STRATEGY AND FINANCE ACCOUNT CODE,,분류어,생략
기획재정부소관코드,MSFJCD,MINISTRY OF STRATEGY AND FINANCE JURISDICTION CODE,,분류어,생략
기후,CLMT,CLIMATE,,,생략
기후현상코드,CLPRSTCD,CLIMATIC PRESENT STATE CODE,,분류어,생략
긴급,UGCY,URGENCY,URGENT,,생략
긴급도,URGDG,URGENCY DEGREE,,,생략
긴급동원,EMMB,EMERGENCY MOBILIZATION,,,생략
긴급동원요청번호,EMMBRQNO,EMERGENCY MOBILIZATION REQUEST NUMBER,,분류어,생략
긴급동원지정자번호,EMAUNO,EMERGENCY MOBILIZATION ASSIGNMENT USER NUMBER,,분류어,생략
긴급복구,EMGRCV,EMERGENCY RECOVERY,,,생략
긴급소요부족목록,CRDL,CRITICAL REQUIREMENT DEFICIENCY LIST,CRDL,,생략
긴급수송,EMGTRS,EMERGENCY TRANSPORTATION,,,생략
긴급재보급,EMGRSPL,EMERGENCY RESUPPLY,,,생략
긴급조달,UGCPRC,URGENCY PROCUREMENT,,,생략
긴급추천재공격구분코드,UGRCMRDVCD,URGENCY RECOMMENDATION REATTACK DIVISION CODE,,분류어,생략
긴급출동,SCRMBL,SCRAMBLE,,,생략
긴급출동서비스,UMS,URGENCY MOVE SERVICE,SOS,,생략
긴급표적,IMDTGT,IMMEDIATE TARGETS,,,생략
긴급표적번호,IMTGNO,IMMEDIATE TARGETS NUMBER,,분류어,생략
긴급표적직무번호,ITDNO,IMMEDIATE TARGETS DUTY NUMBER,,분류어,생략
긴급품목,CRTSPLMTR,CRITICAL SUPPLIES AND MATERIAL,,,생략
긴급항공지원,IAS,IMMEDIATE AIR SUPPORT,,,생략
긴급항공차단,XINT,EMERGENCY INTERDICTION,,,생략
긴요,CRTCL,CRITICAL,,,생략
긴요도,CRTC,CRITICALITY,,,생략
긴요도코드,CRTCCD,CRITICALITY CODE,,분류어,생략
긴요품목,CSM,CRITICAL SUPPLIES AND MATERIAL,,,생략
길가,ROADSD,ROADSIDE,,,생략
길이,LEN,LENGTH,기장,분류어,생략
김치,KIMCHI,KIMCHI,,,생략
깊이,DEPTH,DEPTH,,분류어,생략
까지,UNTIL,UNTIL,,,생략
꼬리,TL,TAIL,,,생략
꼬리말,FTR,FOOTER,,,생략
꼬임,TWST,TWISTING,,,생략
꼬집기,PNCH,PINCH,,,생략
꼭짓점,VRTX,VERTEX,꼭지점,,생략
꽃게,BLCRB,BLUE CRAB,,,생략
꿀벌,HNYB,HONEYBEE,,,생략
끓는점,BOILPT,BOILING POINT ,,,생략
끝,END,END,,,생략
나군,GRPNA,NA GROUP,,,생략
나급,CLSNA,NA CLASS,,,생략
나라장터,G2B,KOREA ON-LINE E-PROCUREMENT SYSTEM,G2B,,생략
나라장터등록번호,G2BNO,KOREA ON-LINE E-PROCUREMENT SYSTEM REGISTRATION NUMBER,,분류어,생략
나라장터물품분류번호,G2BGCNO,G2B GOODS CLASSIFICATION NUMBER,,분류어,생략
나라장터물품식별번호,G2BGINO,G2B GOODS IDENTIFICATION NUMBER,,분류어,생략
나머지,RMDR,REMAINDER,,,생략
나선형개발,SPRDVL,SPIRAL DEVELOPMENT,,,생략
나이아신,NACN,NIACIN,,,생략
나이키,NIKE,NIKE,,,생략
나이키포대링크소프트웨어구성항목,MBDLCSC,MISSILE BATTERY DATA LINK COMPUTER SOFTWARE COMPONENT,,,생략
나이키포대자료연동링크,MBDL,MISSILE BATTERY DATA LINK,,,생략
나지,BRGRD,BARE GROUND,,,생략
나토,NATO,NORTH ATLANTIC TREATY ORGANIZATION,NATO,,생략
나토목록제도,NCS,NATO CODIFICATION SYSTEM,,,생략
나트륨,NA,NATRIUM,NA,,생략
나포,PRIZE,PRIZE,,,생략
낙상,FAL,FALL AND HURT ONESELF,,,생략
낙석,FLLNGRCK,FALLING ROCK,,,생략
낙오,STRGG,STRAGGLING,,,생략
낙오자,STRGL,STRAGGLER,,,생략
낙제,FAILEXM,FAILURE IN AN EXAMINATION,,,생략
낙조류,FOSET,FLOW OF SEA AT EBB TIDE,,,생략
낙진,FLOUT,FALLOUT,,,생략
낙차공,DRPSTRT,DROP STRUCTURE,,,생략
낙찰,SCSBID,SUCCESSFUL BID,,,생략
낙찰가격,SCBDPRC,SUCCESSFUL BID PRICE,"낙찰가,낙찰금액",,생략
낙찰률,SCSBDRT,SUCCESSFUL BID RATE,낙찰율,분류어,생략
낙찰방법코드,SBMCD,SUCCESSFUL BID METHOD CODE,,분류어,생략
낙찰유찰구분,SNHBID,SUCCESSFUL AND HAVING NO BID,낙/유찰구분,,생략
낙찰일자,SCSBIDT,SUCCESSFUL BID DATE,낙찰일,,생략
낙찰자,SCSBDR,SUCCESSFUL BIDDER,,,생략
낙찰하한율,SBLLRT,SUCCESSFUL BID LOWEST LIMIT RATE,,,생략
낙천,FAILAPL,FAILURE IN AN APPLICATION,,,생략
낙탄,KH,KEYHOLING,,,생략
낙하,FALNG,FALLING,,,생략
낙하산,PRCHT,PARACHUTE,,,생략
낙하산번호,PRCHTNO,PARACHUTE NUMBER,,분류어,생략
낙하산병,PRCHTST,PARACHUTIST,,,생략
낙하산유형코드,PRCHTTYCD,PARACHUTE TYPE CODE,,분류어,생략
낙후,FLBHN,FALLING BEHIND,,,생략
낚시어선,FSHHP,FISHING SHIP,,,생략
낚시터,FSHLC,FISHING PLACE,,,생략
난간,RAILNG,RAILINGS ,,,생략
난대,WTZONE,WARM TEMPERATE ZONE,,,생략
난로,FIREPLC,FIREPLACES ,,,생략
난민,REFG,REFUGEE,,,생략
난방,HTNG,HEATING,,,생략
난방취사,HTNCK,HEATING AND COOKING,,,생략
난수,RN,RANDOM NUMBER,,,생략
난시,ASTG,ASTIGMATISM,,,생략
난이도,LVDFF,LEVEL OF DIFFICULTY,,,생략
난지,SBTRPCL,SUBTROPICAL,,,생략
난치성신체특성,ITRCBO,INTRACTABILITY BODY SPECIAL QUALITY,,,생략
날개,WING,WING,,,생략
날인,SNG,SEALING,,,생략
남,SUTH,SOUTH,,,생략
남극조약협의당사국,ATNCBCRN,ANTARCTIC TREATY NEGOTIATION COUNTRY CONCERNED,,,생략
남극조약협의당사국회의,ATNCTRN,ANTARCTIC TREATY NEGOTIATION COUNTRY CONCERNED MEE,,,생략
남극지역,SPRGN,THE SOUTH POLE REGION,,,생략
남극활동감시원,ATCACTSU,ANTARCTICA ACTIVITY SUPERINTENDENT,,,생략
남남갈등,STHNC,SOUTH - SOUTH IDEOLOGICAL CONFLICT,,,생략
남방,STHND,SOUTHERN DIRECTION,,,생략
남부,STHPT,SOUTHERN PART,,,생략
남북,NS,NORTH AND SOUTH,,,생략
남북송유관,SNP,SOUTH-NORTH OIL PIPELINE,,,생략
남북한,SNKOR,SOUTH AND NORTH KOREA,,,생략
남북한구분코드,SNKORDVSCD,SOUTH AND NORTH KOREA DIVISION CODE,,분류어,생략
남북행사비교,SKEC,SOUTH NORTH EVENT COMPARE,,,생략
남북회담,SNVRS,SOUTH-NORTH CONVERSATION,,,생략
남산,NAMSAN,NAMSAN,,,생략
남서,SW,SOUTH WEST,,,생략
남성,MALE,MALE,,,생략
남성검사참고치,MREF,MALE REFERENCE VALUE,,,생략
남위,SLAT,SOUTH LATITUDE,,분류어,생략
남자,MAN,MAN,,,생략
남측인물,SKRP,SOUTH KOREA PERSON,,,생략
남측인물경력,SKPCR,SOUTH KOREA PERSON CAREER,,,생략
남침,IVSKR,INVASION OF THE SOUTH KOREA,,,생략
남편,HUSB,HUSBAND ,,,생략
남한,SK,SOUTH KOREA,,,생략
남해,STHSEA,SOUTHERN SEA,,,생략
납,PB,LEAD,PB,,생략
납기,TMLMPMT,TIME LIMIT FOR PAYMENT,,,생략
납기일자,TMLMTDT,TIME LIMIT FOR PAYMENT DATE,납기일,,생략
납기전,BRDDT,BEFORE DUE DATE,,,생략
납기지연,DTMLFP,DELAYED TIME LIMIT FOR PAYMENT,납기OVER,,생략
납기후,AFTDTE,AFTER DUE DATE,,,생략
납부,PAYMT,PAYMENT,"납입,불입",,생략
납부고지서,WTNTPAY,WRITTEN NOTICE FOR PAYMENT,납부서,,생략
납부구분코드,PAYDVCD,PAYMENT DIVISION CODE,,분류어,생략
납부금,PAYAMNT,PAYMENT AMOUNT,"납입금,불입금,불입금액,불입액,납부금액,납입금액",,생략
납부기한,TRMPAY,TERM FOR PAYMENT,납입기한,,생략
납부방법,PAYMTHD,PAYMENT METHOD,,,생략
납부일자,PAYDT,PAYMENT DATE,"납부일,납입일,납입일자,불입일자,불입일",,생략
납부자,PAYER,PAYER,,,생략
납북자,KPPT,KIDNAPPED PERSON TO NORTH KOREA,,,생략
납세,PAYTX,PAYMENT OF TAXES,,,생략
납세의무,TXLABLT,TAX LIABILITY,,,생략
납세자,TXPYR,TAXPAYER,납세의무자,,생략
납입가장,PDSGUS,PAYMENT DISGUISE,,,생략
납지,PLCDLV,PLACE OF DELIVERY,,,생략
납품,DLVGDS,DELIVERY OF GOODS,,,생략
납품검사,ACPTINSP,ACCEPTANCE INSPECTION,,,생략
납품기한,DLVTRM,DELIVERY TERM,,,생략
납품소요시간,DLT,DELIVERY LEAD TIME,,,생략
납품업체,DLVGBIZ,DELIVERY OF GOODS BUSINESS,,,생략
납품일자,DLVGDT,DELIVERY OF GOODS DATE,납품일,,생략
납품장소,DLVPLC,DELIVERY OF GOODS PLACE,,,생략
납품조서,DLVDOC,DELIVERY OF GOODS DOCUMENT,,,생략
납품통지,DLVNTC,DELIVERY NOTICE,,,생략
낮번,DAYDUTY,DAY DUTY,,,생략
낱,PIECE,A PIECE,,,생략
낱개,EA,EACH,,,생략
낱발,RMAMN,REMAINED AMMUNITION,,,생략
내,WTHN,WITHIN,,,생략
내경,INSDMT,INSIDE DIAMETER,,,생략
내과,INTMDC,INTERNAL MEDICINE,,,생략
내구,DURA,DURABLE ,,,생략
내구성,ENDR,ENDURANCE,,,생략
내구소비재,DCG,DURABLE CONSUMERS GOODS,,,생략
내구수명,SVCLF,SERVICE LIFE,,,생략
내구시간,EDRTM,ENDURANCE TIME,,,생략
내국,DMSTC,DOMESTIC,,,생략
내국선하증권,LCLBL,LOCAL BILL OF LADING,,,생략
내국인,NTV,NATIVE,,,생략
내국환,DMSXCG,DOMESTIC EXCHANGE,,,생략
내금,ONCN,ON ACCOUNT,,,생략
내란,INTDST,INTERNAL DISTURBANCES,,,생략
내륙,INLND,INLAND,,,생략
내면,INSD,INSIDE,,,생략
내복,UNDE,UNDERWEAR ,,,생략
내부,INTNL,INTERNAL,,,생략
내부거래,INSTRS,INSIDE TRANSACTION,,,생략
내부거래제거,ITE,INSIDE TRANSACTION ELIMINATION,,,생략
내부고,INHGT,INTERNAL HEIGHT,,,생략
내부보급,INTSPL,INTERNAL SUPPLY,,,생략
내부연동,INITCNTN,INTERNAL INTERCONNECTION,,,생략
내부코드,INTNLCD,INTERNAL CODE,,분류어,생략
내선,INLN,INNER LINE,,,생략
내성,RSTNT,RESISTANT,,,생략
내수,WTPRF,WATERPROOF,,,생략
내수,DMSDMD,DOMESTIC DEMAND,,,생략
내시경,EDSCP,ENDOSCOPE,,,생략
내신,INID,INSIDE INFORMATION DATA,,,생략
내역,PTCLS,PARTICULARS,,분류어,생략
내역서,DTLSTMT,DETAILED STATEMENT,,,생략
내열재료,HRMTR,HEATING RESISTING MATERIALS,,,생략
내외,INTEXT,INTERIOR AND EXTERIOR,,,생략
내외과,IMNS,INTERNAL MEDICINE AND SURGERY,내/외과,,생략
내외자,DNFCPT,DOMESTIC AND FOREIGN CAPITAL,,,생략
내외장부호,WTHNEXTRSIGN,WITHIN EXTERIOR SIGN,,분류어,생략
내용,CTNT,CONTENT,,분류어,생략
내용년수,DRYR,DURABLE YEARS,"내용연수,내구년수,유효수명,내용연한",,생략
내용유형,CNTYP,CONTENTS TYPE,,,생략
내원,VSTHSP,VISIT HOSPITAL,,,생략
내원구분,VHDV,VISIT HOSPITAL DIVISION,,,생략
내원수단,VHMENS,VISIT HOSPITAL MEANS,,,생략
내원일자,VSTHSPDT,VISIT HOSPITAL DATE,내원일,,생략
내원코드번호,VSTHSPCODENO,VISIT HOSPITALSERIAL NUMBER,,분류어,생략
내일,TOMO,TOMORROW ,,,생략
내자,DMSCPT,DOMESTIC CAPITAL,,,생략
내자구매품,DCCPIT,DOMESTIC CAPITAL PURCHAGE ITEM,,,생략
내자저장품,DCCSIT,DOMESTIC CAPITAL STORAGE ITEM,,,생략
내장,ITRDECO,INTERIOR DECORATION,,,생략
내장용기,ITRDCCNTR,INTERIOR DECORATION CONTAINER,,,생략
내장형소프트웨어,BLTINSW,BUILT-IN SOFTWARE,,,생략
내진,RSERTHQK,AN EARTHQUAKE RESISTANT,,,생략
내진설계,ERDSGN,EARTHQUAKE-RESISTANT DESIGN,,,생략
내피,INSKN,INSIDE SKIN,,,생략
내화구조,FPC,FIRE PROOF CONSTRUCTION,,,생략
내화재료,FRMTR,FIRE RESISTING MATERIALS,,,생략
냄새,SMELL,SMELL,,,생략
냉각,COOL,COOLING,,,생략
냉각수,COOLWT,COOLING WATER,,,생략
냉각탑,COOLTW,COOLING TOWER,냉수탑,,생략
냉난방,CDYSM,COLD AND HEATING SYSTEM,,,생략
냉동,FRZ,FREEZING,,,생략
냉동기,RFGTR,REFRIGERATOR,,,생략
냉매,RFGRNT,REFRIGERANT,,,생략
냉방,ARCND,AIR CONDITIONING,,,생략
냉방기,AIRCON,AIR CONDITIONER,,,생략
냉온요법,INHTHRP,ICE AND HOT THERAPY,,,생략
냉요법,ICETHRP,ICE THERAPY,,,생략
냉장,REFRG,REFRIGERATION,,,생략
냉조풍지대,CLTDR,COLD SALTY WIND AREA,,,생략
냉탕,CBATH,COLD BATH,,,생략
널,NULL,NULL,NULL,,생략
넓이,WDTH,WIDTH,,,생략
네트워크중심전,NCW,NETWORK CENTRIC WARFARE,NCW,,생략
네트워크카드,NETCRD,NETWORK CARD,랜카드,,생략
년,YY,YEAR,연,,생략
년간,YRLY,YEARLY,연간,,생략
년대,ERA,ERA,,,생략
년도,YEAR,YEAR,연도,분류어,생략
년분기월구분코드,YQMDCD,"YEAR, QUARTER, MONTH DIVISION CODE",,분류어,생략
년수,NUMYR,NUMBER OF YEARS,연수,분류어,생략
년월,YRMON,YEAR AND MONTH,,분류어,생략
년제,ANVSR,ANNIVERSARY,,,생략
년중,WLR,WHOLE YEAR,,,생략
년차,ORDYR,ORDER BY YEAR,연차,분류어,생략
년차계획,ANLPLN,ANNUAL PLAN,연차계획,,생략
년한,ANLPRD,ANNUAL PERIOD,,,생략
노거수,OBT,OLD BIG TREE,,,생략
노동,LABOR,LABOR,,,생략
노동자,LBRR,LABORER,,,생략
노드,NODE,NODE,,,생략
노랑,YELLOW,YELLOW,,,생략
노력,EFRT,EFFORT,,,생략
노면,RDSF,ROAD SURFACE,,,생략
노면상태코드,RDSFSTCD,ROAD SURFACE STATE CODE,,분류어,생략
노무,LABR,LABOR,,,생략
노무비,LBCST,LABOR COST,,,생략
노변분배소,RDSTPNT,ROAD DISTRIBUTION POINT,,,생략
노사,LBMGT,LABOR AND MANAGEMENT,,,생략
노상,ONROAD,ON ROAD,,,생략
노상간격,RDITVL,ROAD INTERVAL,시간간격,,생략
노상거리,RDDST,ROAD DISTANCE,,,생략
노상검사제도,LIS,LOAD INSPECTION SYSTEM,,,생략
노상시설,FCRD,FACILITY ON ROAD,,,생략
노상장경,RS,ROAD SPACE,행군장경,,생략
노선,RUTE,ROUTE,,,생략
노선번호,RNO,ROUTE NUMBER,,분류어,생략
노인,ODSN,OLD PERSON,,,생략
노인장기요양보험,LNTRCR,LONGTERMCARE,,,생략
노임,WG,WAGE,,,생략
노점,DWPNT,DEW POINT,,,생략
노점온도,DWPNTTPRT,DEW POINT TEMPERATURE,,,생략
노정,ITNRY,ITINERARY,,,생략
노즐,NZL,NOZZLE,,,생략
노출,EXPSR,EXPOSURE,,,생략
노트,KNT,KNOT,,,생략
노트북,NTBK,NOTEBOOK,,,생략
노폭,WDTOST,WIDTH OF A STREET,,,생략
노획,BTY,BOOTY,,,생략
노획물,BTOBJ,BOOTY OBJECT,,,생략
노후,OBSLT,OBSOLETE,,,생략
노후장비,OBSEQ,OBSOLETE EQUIPMENT,,,생략
녹,RUST,RUST,,,생략
녹는점,MELTPT,MELTING POINT ,,,생략
녹음,SNDREC,SOUND RECORDING,,,생략
녹지,GRZN,GREEN ZONE,,,생략
녹화,REC,RECORDING,,,생략
논,RICFLD,RICE FIELD,,,생략
논리,LOGIC,LOGIC,로직,,생략
논리파일,LGCLFL,LOGICAL FILE,,,생략
논문,THSIS,THESIS,,,생략
논조,TNAGMNT,TONE OF ARGUMENT,,,생략
놀이,PLY,PLAY,,,생략
농경,AGRI,AGRICULTURAL ,,,생략
농구,BSKT,BASKETBALL,,,생략
농구장,BSKTCRT,BASKETBALL COURT,,,생략
농도,DNST,DENSITY,,분류어,생략
농무,AGAFR,AGRICULTURAL AFFAIRS,,,생략
농민,FRMR,FARMER,,,생략
농어촌,FMFSHVLG,FARMING AND FISHING VILLAGE,,,생략
농어촌특별세,STRD,SPECIAL TAX FOR RURAL DEVELOPMENT,농특세,,생략
농업,AGRCT,AGRICULTURE,,,생략
농업협동조합,NH,NATIONAL AGRICULTURAL COOPERATIVES FEDERATION,,,생략
농지,FLND,FARMLAND,,,생략
농지보전,PRSVFLND,PRESERVATION OF FARMLAND,,,생략
농창,AGCWHS,AGRICULTURAL COOPERATIVE`S WAREHOUSE,,,생략
농창번호,ACWNO,AGRICULTURAL COOPERATIVE`S WAREHOUSE NUMBER,,분류어,생략
농촌,FMLG,FARM VILLAGE,,,생략
높이,HGHT,HEIGHT,,분류어,생략
뇌관,DTNR,DETONATOR,,,생략
뇌관장치구분코드,DTNRTPCD,DETONATOR EQUIPMENT DIVISION CODE,,분류어,생략
뇌물,BRIBE,BRIBE,,,생략
뇌성마비,CRBRPLS,CEREBRAL PALSY,,,생략
뇌신경,CLNRV,CRANIAL NERVE,,,생략
뇌염,ENCPHLT,ENCEPHALITIS,,,생략
뇌우,THUSTORM,THUNDER STORM,,,생략
뇌졸중,CBVCACD,CEREBROVASCULAR ACCIDENT,,,생략
뇌파,BRNWV,BRAINWAVE,,,생략
누가,WHO,WHO,,,생략
누계,CMLTOT,CUMULATIVE TOTAL,,,생략
누계번호,CTNO,CUMULATIVE TOTAL NUMBER,,분류어,생략
누년,MNYY,MANY YEARS,,,생략
누락,OVSITE,OVERSIGHT,,,생략
누범,RPOFNS,REPEATED OFFENSE,,,생략
누설,LKGE,LEAKAGE,,,생략
누수,WTLKG,WATER LEAKAGE,,,생략
누에,SILKWRM,SILKWORM,,,생략
누에고치,COCOON,COCOON,,,생략
누워일어나기,SUTSI,SUPINE TO SIT,,,생략
누적,ACML,ACCUMULATE,,,생략
누적액,ACMAT,ACCUMULATION AMOUNT,,,생략
누전,ELCLKG,ELECTRIC LEAKAGE,,,생략
누진,GRDADV,GRADUAL ADVANCE,,,생략
누진세,PRGRTX,PROGRESSIVE TAX,,,생략
누출,LEAK,LEAK,,,생략
누출사고형태코드,LASCD,LEAK ACDT SHAPE CODE,,분류어,생략
누출상태코드,LEAKSTATECD,LEAK STATE CODE,,분류어,생략
누출유형코드,LEAKTYPECD,LEAK TYPE CODE,,분류어,생략
누출핵작용제종류코드,LNAKCD,LEAK NUCLEAR AGONIST KIND CODE,,분류어,생략
눈,EYE,EYE,,,생략
눈,SNOW,SNOW,,,생략
눈감음,EYECL,EYE CLOSED,,,생략
눈뜸,EYEOP,EYE OPEN,,,생략
느릅나무,JPNELM,JAPANESE ELM,,,생략
느티나무,ZKYTR,ZELKOVA TREE,,,생략
늑골,RIB,RIB,,,생략
능동,ACTIV,ACTIVELY,,,생략
능력,ABLT,ABILITY,역량,,생략
능력개발,MPDVLP,MAN-POWER DEVELOPMENT,능력계발,,생략
능력개발번호,MPDNO,MAN-POWER DEVELOPMENT NUMBER,,분류어,생략
능형,LZNG,LOZENGE,,,생략
늦은,LT,LATE,,,생략
니어라인저장장치,NEARLNSTRG,NEARLINE STORAGE,,,생략
니켈,NI,NICKEL,NI,,생략
니코틴의존,NDPN,NICOTINE DEPENDENCY,,,생략
니코틴패치,NPCH,NICOTINE PATCH,,,생략
니트,KNIT,KNIT,,,생략
니트로글리세린,NTRGCR,NITROGLYCERIN,,,생략
니트로글리콜,NTRGCL,NITROGLYCOL,,,생략
다가구주택,MLTDWL,MULTIPLE DWELLINGS,,,생략
다각,MNSDN,MANY SIDENESS,,,생략
다각형,POLGN,POLYGON,,,생략
다군,GRPDA,DA GROUP,,,생략
다급,CLSDA,DA CLASS,,,생략
다기능통합정비,IMFM,INTEGRATED MULTI FUNCTION MAINTENANCE,,,생략
다단,MLTSTG,MULTI STAGE,,,생략
다련장,MTPLC,MULTIPLE LAUNCH,,,생략
다련장로켓탄,MLRS,MULTIPLE LAUNCH ROCKET SHELL,"MLRS, 방사포",,생략
다면,MNSD,MANY SIDES,,,생략
다면진단,MSDIAG,MANY SIDES DIAGNOSIS,,,생략
다면평가제,MSES,MANY SIDES EVALUATION SYSTEM,"다면평가제도,다면평가",,생략
다목적,MLTIPRPS,MULTIPURPOSE,,,생략
다목적상륙주정,LCU,LANDING CRAFT UTILITY,LCU,,생략
다세대주택,MLPXHOU,MULTIPLEX HOUSE ,,,생략
다수,MLTTD,MULTITUDE,,,생략
다수공급자계약,MPDD,MULTIPLE AWARD SCHEDULE,,,생략
다수확,HGYL,HIGH YIELD,,,생략
다습,MHMR,MUCH MOISTURE,,,생략
다실,TEAHOU,TEAHOUSE,,,생략
다운,DOWN,DOWN,,,생략
다운로드,DOWNLD,DOWNLOAD,,,생략
다운스트림,DWSTM,DOWNSTREAM,,,생략
다원적,PLRLISM,PLURALISM,,,생략
다음,NEXT,NEXT,,,생략
다이아몬드,DIA,DIAMOND,,,생략
다이어그램,DGRM,DIAGRAM,,,생략
다인승,MLTBRDG,MULTI BOARDING,,,생략
다자녀,MNYCH,MANY-CHILD,,,생략
다중,MULTI,MULTIPLE,,,생략
다중처리,MLTPRC,MULTIPROCESSING,,,생략
다중통신,MLTCMN,MULTIPLEX COMMUNICATION,,,생략
다출처영상융합체계,MIFS,MULTI SOURCE IMAGERY FUSION SYSTEM,,,생략
다층,MLTFLR,MULTI FLOOR,,,생략
다항식,POLYNM,POLYNOMIAL,,,생략
단,STR,STAIR,,,생략
단,SHORT,SHORT,,,생략
단,ASSCAT,ASSOCIATION,,,생략
단,DEGR,DEGREE,,,생략
단,MERE,MERE,,,생략
단가,UNTPRC,UNIT PRICE,,분류어,생략
단가계약,UCCTR,UNIT COST CONTRACT,,,생략
단가구분코드,UPDCD,UNIT PRICE DIVISION CODE,,분류어,생략
단가제,ITBITBS,ITEM BY ITEM BASIS,,,생략
단거리,SHDTN,SHORT DISTANCE,,,생략
단계,STEP,STEP,스텝,,생략
단계번호,STEPNO,STEP NUMBER,,분류어,생략
단기,SHRTRM,SHORT TERM,,,생략
단기국채,SHTRMBND,SHORT TERM BOND,단국,,생략
단기급여,SRRMS,SHORT-TERM SALARY,,,생략
단기복무,STSRV,SHORT TERM SERVICE,,,생략
단기시효,SHRSP,SHORT-TERM PRESCRIPTION,,,생략
단기임대차,SRRM,SHORT TERM LEASE,,,생략
단내,INSABS,INSIDE AIR BASE,,,생략
단년도,YR1,ONE YEAR,,,생략
단답형,SAQUS,SHORT-ANSWER QUESTIONS,,,생략
단대호,UID,UNIT IDENTIFICATION,,,생략
단독,SINGL,SINGLE,,,생략
단독주주권,ULTSTHRT,UNILATERNAL STOCKHOLDER´S RIGHT,,,생략
단량,UIQ,UNIT ISSUE QUANTITY,,분류어,생략
단련,TRNG,TRAINING,,,생략
단말,TMED,TERMINAL END,,,생략
단말기,TMNL,TERMINAL,"단말,터미널",,생략
단말부대,TMUNT,TERMINAL UNIT,,,생략
단말부대인계,TMUNTHO,TERMINAL UNIT HANDOVER,,,생략
단말부대인수,TMUNTUN,TERMINAL UNIT UNDERTAKING,,,생략
단면,CRSSCT,CROSS SECTION,,,생략
단면도,DRWG,DRAWING,,,생략
단문,SMPSNT,SIMPLE SENTENCE,,,생략
단방향,SIMPLX,SIMPLEX,,,생략
단백질,PROTN,PROTEIN,,,생략
단복,SNGNPLUR,SINGULAR AND THE PLURAL,,,생략
단서,PROVIS,PROVISO,,,생략
단선궤도,SGLTRK,SINGLE TRACK,단선,,생략
단속,CRCKDN,CRACKDOWN,,,생략
단속자,CRMINVG,CRIMINAL INVESTIGATOR,,,생략
단수,NUMSTR,NUMBER OF STAIR,,,생략
단수,CTOFWTSPL,CUT OFF WATER SUPPLY,,,생략
단수,LEVEL,LEVEL,,,생략
단수금액,FRTAMT,FRACTIONAL AMOUNT,단수금,,생략
단순,SIMPL,SIMPLE,,,생략
단순객체접근프로토콜,SOAP,SIMPLE OBJECT ACCESS PROTOCOL,SOAP,,생략
단순승인,ABACPT,ABSOLUTE ACCEPTANCE,,,생략
단순회전,SRTT,SIMPLE ROTATION,,,생략
단식,SMPSYS,SIMPLE SYSTEM,,,생략
단애,CLF,CLIFF,,,생략
단어,WORD,WORD,워드,,생략
단외,OUTABS,OUTSIDE AIR BASE,,,생략
단위,UI,UNIT,,분류어,생략
단위공정,UNTPRCS,UNIT PROCESS,,,생략
단위구분코드,UIDVCD,UNIT DIVISION CODE,,분류어,생략
단위레이더반사면적최대탐지거리,URMDD,UNIT RCS MAXIMUM DETECTION DISTANCE,,,생략
단위레이더반사면적탐지거리,URDD,UNIT RCS DETECTION DISTANCE,,,생략
단위부대,UNTELM,UNIT ELEMENT,,,생략
단위사업,ACTV,ACTIVITY,,,생략
단위사업코드,ACTVCD,ACTIVITY CODE,,분류어,생략
단위요금,PFE,PER FEE,,분류어,생략
단위코드,UICD,UNIT OF ISSUE CODE,,분류어,생략
단음,SRTSND,SHORT SOUND,,,생략
단일,SNGL,SINGLE,,,생략
단일레이더지정모드,PRDTM,PREFERRED RADAR TRACKING MODE,,,생략
단일용기,SCTNR,SINGLENESS CONTAINER,,,생략
단일유기화학물질,SCMST,SINGLE ORGANIC CHEMICAL SUBSTANCE,,,생략
단일화,SIMPLFY,SIMPLIFICATION,,,생략
단자,TMNLS,TERMINALS,,,생략
단자판,TMNPLT,TERMINAL PLATE,,,생략
단자함,TMNBOX,TERMINAL BOX,,,생략
단장,DOYEN,DOYEN,,,생략
단절,BREAK,BREAK,,,생략
단절,DISCNCT,DISCONNECTION,,,생략
단점,DSADVNTG,DISADVANTAGE,,,생략
단정,BOAT,BOAT,,,생략
단정반,BTTM,BOAT TEAM,,,생략
단종,DISCNT,DISCONTINUATION,,,생략
단주,OTTKS,ODD-LOT STOCKS,,,생략
단증,DGRCERT,DEGREE CERTIFICATE,,,생략
단차,STEPLY,STEPPED PULLEY,,,생략
단차,SNGLCAR,SINGLE CAR,,,생략
단차로,SFLRT,SINGLE FLOW ROUTE,,,생략
단체,ASSCATN,ASSOCIATION,,,생략
단축,SHRT,SHORT,,,생략
단축,MNAXIS,MINOR AXIS,,,생략
단파,SHRTWV,SHORTWAVE,,,생략
단파적외채널,SHWIFRCH,SHORTWAVE INFRARED CHANNEL,,,생략
단편명령,FRAGO,FRAGMENTARY ORDER,,,생략
단풍나무,JPNMPL,JAPANESE MAPLE,,,생략
단합대회,RTSTU,RALLY TO STRENGTHEN THE UNITY,,,생략
달,MNTH,MONTH,,,생략
달러,DLR,DOLLAR,"달라,불화,미화,미달러,미달라",,생략
달력,CLD,CALENDAR,월력,,생략
달리기,RUNNG,RUNNING,,,생략
달성,ACHMT,ACHIEVEMENT,,,생략
달성가용도,AVLACH,AVAILABILITY ACHIEVED,성취가용도,,생략
달성도,ACMDGR,ACHIEVEMENT DEGREE,,,생략
달성률,ACMTRT,ACHIEVEMENT RATE,달성율,,생략
담당,RSPSBLT,RESPONSIBILITY,,,생략
담당관,OIC,OFFICER IN CHARGE,,,생략
담당부서,RSDPT,RESPONSIBILITY DEPARTMENT,,,생략
담당자,PSNCHRG,PERSON IN CHARGE,,,생략
담배,TBCO,TABACCO,,,생략
담보,CLTRL,COLLATERAL,,,생략
담보가격,MRTGGPC,MORTGAGE PRICE,,,생략
담보가등기,PRS,PROVISIONAL REGISTRATION FOR SECURITY,,,생략
담보계약,MRTGGCNTRCT,MORTGAGE CONTRACT,,,생략
담보금액,MRTGGAMOUNT,MORTGAGE AMOUNT,,,생략
담보물권,RRGWS,REAL RIGHTS GRANTED BY WAY OF SECURITY,,,생략
담보설정,PUTCLT,PUT ON COLLATERAL,,,생략
담보책임,RBTSY,RESPONSIBILITY FOR SECURITY,,,생략
담임,CSTCR,CLASS TEACHER,,,생략
담합행위,PRARACT,PREARRANGEMENT ACT,,,생략
담화,CLQY,COLLOQUY,,,생략
답글,RPL,REPLY,,,생략
답변,ANSWR,ANSWER,,,생략
답변자,RPLR,REPLIER,,,생략
답변코드번호,ANSCDNO,ANSWER CODE NUMBER,,분류어,생략
답사,EXPLR,EXPLORATION,,,생략
답신,REPLY,REPLY,,,생략
답안,ANSW,ANSWER,답,,생략
답안번호,ANSWNO,ANSWER NUMBER,,분류어,생략
당,PER,PER,,,생략
당겨배정,ADVAPT,ADVANCED APPORTIONMENT,,,생략
당겨배정액,ADAPTAMT,ADVANCED APPORTIONMENT AMOUNT,"당겨액,당겨금액,당겨배정금액",,생략
당구장,BLRDRM,BILLIARD ROOM,,,생략
당기,CTRM,CURRENT TERM,,,생략
당기감소량,CTDQTY,CURRENT TERM DECREASE QUANTITY,당기감소수량,,생략
당기감소액,CTDAMT,CURRENT TERM DECREASE AMOUNT,당기감소금액,,생략
당기순이익,NPCP,NET PROFIT OF CURRENT PERIOD,,,생략
당기증가량,CTIQTY,CURRENT TERM INCREASE QUANTITY,당기증가수량,,생략
당기증가액,CTIAMT,CURRENT TERM INCREASE AMOUNT,당기증가금액,,생략
당김,PULL,PULL,,,생략
당년,THSYY,THIS YEAR,,,생략
당년도,THTYR,THAT YEAR,"당해,당년,당해년도",,생략
당뇨병,DIM,DIABETES MELLITUS,,,생략
당뇨식,DIAD,DIABETIC DIET,,,생략
당비,PRTDUE,PARTY DUE,,,생략
당사국,CNCNRY,CONCERNED COUNTRY,,,생략
당사자적격,STNDSU,STANDING TO SUE,,,생략
당시,ATT,AT THAT TIME,,,생략
당연상인,MHGCWM,MERCHANT WHO ENGAGED IN COMMERCIAL TRANSACTIONS IN,,,생략
당연직,EFC,EX OFFICIO,,,생략
당원,PARTM,PARTY MEMBER,,,생략
당월,THTMON,THAT MONTH,,,생략
당일,THTDY,THAT DAY,,,생략
당좌예금,CURACC,CURRENT ACCOUNT,당좌,,생략
당좌자산,QCKAST,QUICK ASSETS,당좌,,생략
당직근무,CQ,CHARGE OF QUARTERS,당직,,생략
당질,CRBHD,CARBOHYDRATE,,,생략
당첨,PRZWIN,PRIZE WINNING,,,생략
당첨자,PRZWNER,PRIZE WINNER,,,생략
당초,BGNG,BEGINNING,,,생략
당해,PRTINT,PERTINENT,,,생략
닻,ANCHR,ANCHOR,앵카,,생략
대,CPS,CORPS,,,생략
대,PERIOD,PERIOD,,,생략
대,ANTI,ANTI,,,생략
대,STND,STAND,,,생략
대,LRG,LARGE,,,생략
대가,COST,COST,,,생략
대가변제,EVNY,EQUIVALENT REPAYMENT,,,생략
대간첩작전,CRSR,COUNTERESPIONAGE OPERATION,,,생략
대간첩작전보상대책지원금,CRWTPY,COUNTERESPIONAGE OPERATION REWARD COUNTERPLAN SUPP,,,생략
대결,APVMGR,APPROVE FOR THE MANAGER,,,생략
대공,ANTAIR,ANTI AIRCRAFT,,,생략
대공,ATCMMNSM,ANTI COMMUNISM,,,생략
대공감시중앙통제소,GOCC,GROUND OBSERVATION CONTROL CENTER,,,생략
대공육안감시소,AOP,AERIAL OBSERVATION POST,AOP,,생략
대공육안감시소번호,AOPNO,AERIAL OBSERVATION POST NUMBER,,분류어,생략
대공전,AAW,ANTI AIR WARFARE,,,생략
대공제압,SEAD,SUPPRESSION OF ENEMY AIR DEFENSE,"적방공제압,SEAD",,생략
대공중침투작전,AAINFLTOPR,ANTI AIR INFILTRATION OPERATIONS,,,생략
대공포,AAA,ANTI-AIRCRAFT ARTILLERY,,,생략
대공표적,ARTRK,AIR TRACKS,,,생략
대구,DAEGU,DAEGU,,,생략
대구경북,DGGB,DAEGU GYEONGSANGBUK-DO,,,생략
대규모,LRGSCL,LARGE SCALE,,,생략
대그룹,LRGRP,LARGE GROUP,,,생략
대금,BILL,BILL,,,생략
대금지급조건,TOAC,TYPE OF ASSISTANCE CODE,,,생략
대기,AMSP,ATMOSPHERE,,,생략
대기,WAIT,WAIT,,,생략
대기기간,WTPD,WAITING PERIOD,,,생략
대기뢰전,MCM,MINE COUNTERMEASURES,,,생략
대기시간,WAITTM,WAITING TIME,,,생략
대기시간,OSTM,ON-STATION TIME,,,생략
대기안정도분류코드,ATSTCLSCD,ATMOSPHERIC STABILITY CLASSIFICATION CODE,,분류어,생략
대기지역,STNDBYAR,STAND BY AREA,대기장소,,생략
대기차선,WTFF,WAITING TRAFFIC LANE,,,생략
대기품목,STDBYITM,STAND BY ITEM,,,생략
대납,PAYPRX,PAYMENT BY PROXY,,,생략
대납자,PRXPAYER,PAYMENT BY PROXY PERSON,,,생략
대내,INTR,INTERIOR,,,생략
대내외,DMFN,DOMESTIC AND FOREIGN POLICIES,,,생략
대당,PCU,PER COUNTING CUNIT,,,생략
대당장착수량,QPA,QUANTITY PER APPLICATION,,,생략
대대,BN,BATTALION,,,생략
대대번호,BNNO,BATTALION NUMBER,,분류어,생략
대대원,MBRBTL,MEMBER OF BATTALION,,,생략
대대장,BTLCMD,BATTALION COMMANDER,,,생략
대도시,MPLIS,METROPOLIS,,,생략
대량,MASS,MASS,,,생략
대량거래,LGC,LARGE TRANSACTION,,,생략
대량살상무기,WMD,Weapons of Mass Destruction,,,생략
대량유류,BLKPTRL,BULK PETROLEUM,,,생략
대량유류저장시설,BSTNK,BULK STORAGE TANK,,,생략
대량이동식인쇄체계,MPS,MULTIPLE PRINTING SYSTEM,MPS,,생략
대량전상자,MASCAL,MASS CASUALTY,,,생략
대량탈북난민관리번호,MDNKRMNO,MASS DEFECTION FROM NORTH KOREA REFUGEE MANAGEMENT NUMBER,,분류어,생략
대령,COL,COLONEL,,,생략
대류,CNVCTN,CONVECTION ,,,생략
대륙,CNTNT,CONTINENT,,,생략
대륙붕,CNLHF,CONTINENTAL SHELF,,,생략
대륙코드,CTNCD,CONTINENT CODE,,분류어,생략
대리,AGNC,AGENCY,,,생략
대리권,AGCYTH,AGENCY AUTHORITY,,,생략
대리인,AGNT,AGENT,대리자,,생략
대리점,AGENCY,AGENCY,,,생략
대리출납공무원,DCAO,DELEGATED CLASS AGENT OFFICER,,,생략
대면,MTFTF,MEET FACE TO FACE,,,생략
대물,SBST,SUBSTITUTE,,,생략
대물대차,LBSTS,LOAN BY SUBSTITUES,,,생략
대물배상,PDL,PROPERTY DAMAGE LIABILITY,대물배상책임,,생략
대물변제,PAYSBT,PAYMENT IN SUBSTITUTES,,,생략
대미,TWDAMR,TOWARD AMERICA,,,생략
대미문서번호,TADOCNO,TOWARD AMERICA DOCUMENT NUMBER,,분류어,생략
대민,TWDCVLN,TOWARD CIVILIANS,,,생략
대방사무장,ARM,ANTI RADIATION MUNITION,,,생략
대방사무장표적식별체계,ATS,ARM TARGETING SYSTEM,,,생략
대법관,JSTPMC,JUSTICE OF THE SUPREME COURT,,,생략
대법원,SCOURT,THE SUPREME COURT,,,생략
대법원장,CJSMR,CHIEF JUSTICE OF SUPREME COURT,,,생략
대변,CRD,CREDIT,,,생략
대변,FECES,FECES,,,생략
대변기,CLSBWL,CLOSET BOWL,,,생략
대변차변,CRDBT,CREDIT AND DEBIT,"차대변,차대,차변대변",,생략
대변차변구분코드,CRDBTDVCD,CREDIT AND DEBIT DIVISION CODE,,분류어,생략
대별,GNRCL,GENERAL CLASSIFICATION,,,생략
대부,LOANG,LOANING,,,생략
대부계약,LOANCTR,LOAN CONTRACT,,,생략
대부금,LNAMT,LOANING AMOUNT,,,생략
대부료,LOANFEE,LOANING FEE,,,생략
대부일자,LOANDT,LOANING DATE,대부일,,생략
대부자,LOANER,LOANER,,,생략
대분류,LRGCLS,LARGE CLASSIFICATION,,,생략
대분배계통,WSL,WHOLE SALE LEVEL,,,생략
대불금,SBTPAY,SUBSTITUTE PAYMENT,,,생략
대비,PRPRTN,PREPARATION,,,생략
대비,VS,VERSUS,,,생략
대비책,PRCTN,PRECAUTION,,,생략
대사,CMPR,COMPARISON,,,생략
대상,CPSBT,COMPENSATION IN SUBSTITUTES,,,생략
대상,OBJCT,OBJECT,,,생략
대상건수,TRGCNT,TARGET COUNT,,,생략
대상금액,TRGAMT,TARGET AMOUNT,,,생략
대상물,TRGT,TARGET,,,생략
대상번호,OBJNO,OBJECT NUMBER,,분류어,생략
대상신체검사코드,OBJPHMCD,OBJECT PHYSICAL EXAMINATION CODE,,분류어,생략
대상자,TGTPSN,TARGETED PERSON,,,생략
대상청구권,TRGCLM,TARGET CLAIM,,,생략
대상포진,HPZST,HERPES ZOSTER,,,생략
대소사,MATGS,MATTERS GREAT AND SMALL,,,생략
대손,BADBT,BAD DEBTS,,,생략
대손상각,BTD,BAD DEBTS DEPRECATION,,,생략
대손추산,DLPF,THE DEAD LOAN PROFORMA,대손추정,,생략
대손충당금,AFBD,ALLOWANCE FOR BAD DEBTS,대손충당금액,,생략
대수,CNTUNT,COUNTING UNIT,댓수,분류어,생략
대수술,MAJOP,MAJOR OPERATION,,,생략
대습상속,IRCRN,INHERITANCE BY REPRESENTATION,,,생략
대시,DASH,DASH ,,,생략
대안,FRBNK,FAR BANK,,,생략
대여,LEND,LEND,,,생략
대여금,LNDAMT,LEND AMOUNT,대여금액,,생략
대여료,RENTFEE,RENTAL FEE,,,생략
대여번호,LENDNO,LEND NUMBER,,분류어,생략
대여양도목적코드,LATOCD,LEND AND TRANSFER OBJECTIVE CODE,,분류어,생략
대여일자,LENDT,LEND DATE,대여일,,생략
대여자,LENDER,LENDER,,,생략
대역,BAND,BAND,,,생략
대열,SRL,SERIAL,,,생략
대외,EXTNL,EXTERNAL,,,생략
대외군사판매,FMS,FOREIGN MILITARY SALES,FMS,,생략
대외군사판매문서번호,FMSDNO,FOREIGN MILITARY SALES DOCUMENT NUMBER,,분류어,생략
대외군사판매법,FMSACT,FOREIGN MILITARY SALES ACT,,,생략
대외군사판매오퍼요청서번호,FMSLORNO,FOREIGN MILITARY SALES LETTER OF REQUEST NUMBER,,분류어,생략
대외군사판매지원종류코드,FMSSKCD,FOREIGN MILITARY SALES SUPPORT KIND CODE,,분류어,생략
대외비,CFDTL,CONFIDENTIAL,,,생략
대외원조법,FAA,FOREIGN ASSISTANCE ACT,,,생략
대우,TRTM,TREATMENT,,,생략
대우주,CNTRSPC,COUNTER SPACE,,,생략
대원수,GLSIMO,GENERALISSIMO,,,생략
대월,OVRDFT,OVERDRAFT,,,생략
대위,CPT,CAPTAIN,,,생략
대위변제,SUBRGT,SUBROGATION,,,생략
대유형,LRTY,LARGE TYPE,,,생략
대응,CFRTN,CONFRONTATION,,,생략
대응책,CTMS,COUNTERMEASURE,,,생략
대인,AP,ANTI-PERSONNEL,,,생략
대인담보,PRSNLSCR,PERSONAL SECURITY,,,생략
대인배상,BIL,BODILY INJURY LIABILITY,대인배상책임,,생략
대인배상1,BI1,BODILY INJURY 1,대인1,,생략
대인배상2,BI2,BODILY INJURY 2,대인2,,생략
대인용,ANPSN,FOR ANTI-PERSONNEL,,,생략
대인지뢰,ATPSNMN,ANTI PERSONNEL MINES,,,생략
대잠경계,ASS,ANTI SUBMARINE SCREEN,,,생략
대잠전,ASW,ANTI SUBMARINE WARFARE,,,생략
대잠전지원,ASWAS,ANTI SUBMARINE WARFARE ASSISTANCE,,,생략
대잠전참조점자료,ASWRPD,ANTI SUBMARINE WARFARE REFERENCE POINT DATA,,,생략
대잠표적,SBSTR,SUBSURFACE TRACKS,,,생략
대장,LDGR,LEDGER,,,생략
대장,GEN,GENERAL,,,생략
대장물,REG,REGISTER,,,생략
대장번호,LDGRNO,LEDGER NUMBER,,분류어,생략
대장정리필구분코드,LAFDCD,LEDGER ARRANGEMENT FINISHED DIVISION CODE,,분류어,생략
대전,DAEJEON,DAEJEON,,,생략
대전차,ATTNK,ANTI-TANK,,,생략
대전차구,ATD,ANTI-TANK DITCH,,,생략
대전차용,ANTTNK,FOR ANTI-TANK,,,생략
대전차지뢰,ATTNKMN,ANTI TANK MINES,,,생략
대전충남,DJCN,DAEJEON CHUNGCHEONGNAM-DO,,,생략
대절,RSRVD,RESERVED,,,생략
대정보,CI,COUNTER INTELLIGENCE,,,생략
대정보보고서유형코드,CIRPTTYCD,COUNTER INTELLIGENCE REPORT TYPE CODE,,분류어,생략
대정보분석보고서,CIARPRT,COUNTER INTELLIGENCE ANALYSIS REPORT,,,생략
대정보자료구분코드,CIDTADVCD,COUNTER INTELLIGENCE DATA DIVSION CODE,,분류어,생략
대정보자료출처코드,CIDTASRCD,COUNTER INTELLIGENCE DATA SOURCE CODE,,분류어,생략
대조,CONTR,CONTRAST,,,생략
대졸,CLGGRD,COLLEGE GRADUATES ,,,생략
대중교통,TRNT,TRANSIT,,,생략
대중소,LMS,"LARGE, MIDDLE AND SMALL",,,생략
대중화,PLRZ,POPULARIZATION,,,생략
대지,PLTLND,PLOT OF LAND,,,생략
대지,ANTGRND,ANTI GROUND,,,생략
대지면적,PLTAR,PLOT AREA,,,생략
대지속도,GRDSPD,GROUND SPEED,,,생략
대차,TRCK,TRUCK,,,생략
대차,CRNDBSD,CREDIT AND DEBIT SIDE,,,생략
대차,BRWLND,BORROWING AND LENDING,,,생략
대차대조표,BS,BALANCE SHEET,"B/S,BS",,생략
대차료,RNTLFEE,RENTAL FEE,,,생략
대책,MSRS,MEASURES,,,생략
대철항,LRGIRNPK,LARGE IRON PACK,,,생략
대체,ITCHG,INTERCHANGE,,,생략
대체DODIC,SBTDODIC,SUBSTITUTE DODIC,,,생략
대체일자,ITCHGDT,INTERCHANGE DATE,대체일,,생략
대체조달,ALTSPL,ALTERNATIVE SUPPLY,,,생략
대체집행,EBRXY,EXECUTION BY PROXY,,,생략
대체품목,SBTITM,SUBSTITUTE ITEM,"대치품,대체품",,생략
대체품목식별코드,ISACD,INTERCHANGEABLE AND SUBSTITUTE ACTION CODE,,분류어,생략
대출,LENDING,LENDING,,,생략
대출금,LDMY,LOANED MONEY,,,생략
대출금리,LOANINT,LOAN INTEREST,,,생략
대출번호,LNDNGNO,LENDING NUMBER,,분류어,생략
대출일자,LNDNGDT,LENDING DATE,대출일,,생략
대출자,BRWR,BORROWER,,,생략
대충,SPLM,SUPPLEMENT,,,생략
대치,SUBST,SUBSTITUTION,,,생략
대침투,CTRIFT,COUNTER INFILTRATION,,,생략
대침투보고서종류코드,CTRFTRPTKNCD,COUNTER INFILTRATION REPORT KIND CODE,,분류어,생략
대칭,SYMM,SYMMETRY,,,생략
대테러,CTRTRR,COUNTER TERRORISM,,,생략
대통령,PRSDT,PRESIDENT,,,생략
대통령경호실,PSS,PRESIDENTIAL SECURITY SERVICE,,,생략
대통령당선인,ELPRSDNT,PRESIDENT GETTING ELECTED,,,생략
대통령비서실,CWD,OFFICE OF THE PRESIDENT,,,생략
대통령직,PRSDNCY,PRESIDENCY,,,생략
대파,GRTDMG,GREAT DAMAGE,,,생략
대파손실,GRTLOSS,GREAT DAMAGE LOSS,,,생략
대표,RPST,REPRESENT,,,생략
대표계정과목,BCOA,THE BASIS TITLE OF ACCOUNTS,,,생략
대표계정과목코드,BTACD,THE BASIS TITLE OF ACCOUNTS CODE,,분류어,생략
대표단,DLGT,DELEGATION,,,생략
대표소송,RRNVT,REPRESENTATIVE SUIT,,,생략
대표업체구분코드,RPENTDVCD,REPRESENT ENTERPRISE DIVISION CODE,,분류어,생략
대표이사,RPSTDRT,REPRESENTATIVE DIRECTOR,,,생략
대표자,RPSTV,REPRESENTATIVE,,,생략
대표표적여부,PRSTTGTYN,REPRESENT TARGET YES OR NO,,,생략
대피,TKSTR,TAKE SHELTER,,,생략
대피소,SHLTR,SHELTER,,,생략
대피호,BMSLT,BOMB SHELTER,,,생략
대피호형태코드,STRCTYCD,SHELTER TRENCH TYPE CODE,,분류어,생략
대하,LEUKOR,LEUKORRHEA,,,생략
대학,UNIV,UNIVERSITY,,,생략
대학병원,UNVHSPT,UNIVERSITY HOSPITAL,,,생략
대학생,UNVSTD,UNIVERSITY STUDENT,,,생략
대학원,GRDTSCHL,GRADUATE SCHOOL,,,생략
대학원생,GRDTSTD,GRADUATE STUDENT,,,생략
대한민국,KOR,KOREA,"ROK,한국",,생략
대한민국국민,RCFKP,REPUBLIC OF KOREA PEOPLE,,,생략
대한민국법인,RKRRP,REPUBLIC OF KOREA CORPORATION,,,생략
대한민국선박,RCKRH,REPUBLIC OF KOREA SHIP,,,생략
대함전,ASUW,ANTI SURFACE WARFARE,,,생략
대함표적,SFTRK,SURFACE TRACKS,,,생략
대항군,OPFOR,Opposite Force,,,생략
대항방책,OCOA,OPPOSING COURSE OF ACTION,,,생략
대해상침투작전,ASIOPR,ANTI SEA INFILTRATION OPERATION,,,생략
대행,VICEXC,VICARIOUS EXECUTION,,,생략
대행감사,VCCP,VICARIOUS EXECUTION INSPECTION,,,생략
대행감사위탁감사,VCSNP,VICARIOUS EXECUTION INSPECTION _ TRUST INSPECTION,,,생략
대행검사기관,VXTTT,VICARIOUS EXECUTION TEST INSTITUTION,,,생략
대행사,AGNCY,AGENCY,,,생략
대행임무,VXMSN,VICARIOUS EXECUTION MISSION,,,생략
대행자,PROXY,PROXY,,,생략
대형,FMTN,FORMATION,,,생략
대형금속용기,LSMN,LARGE SIZE METAL CONTAINER,,,생략
대형상륙함,LST,LANDING SHIP TANK,LST,,생략
대형상황전시기,LSD,LARGE SCREEN DISPLAY,,,생략
대형용기,BNST,BIG INSTRUMENT,,,생략
대형주,LTK,LARGE STOCK,,,생략
대화,CVST,CONVERSATION,,,생략
대화력전,CFPW,COUNTER FIRE POWER WARFARE,,,생략
대화력전탄종코드,CFPWKNOAMCD,COUNTER FIRE POWER WARFARE KIND OF AMMUNITION CODE,,분류어,생략
대화력표적규모코드,CFPTGSCALCD,COUNTER FIRE POWER TARGET SCALE CODE,,분류어,생략
대화방,CHTRM,CHATTING ROOM,,,생략
대화방번호,CHTRMNO,CHATTING ROOM NUMBER,,분류어,생략
댐,DAM,DAM,,,생략
댓글,CMNT,COMMENT,,,생략
더미테이블,DMMYTBL,DUMMY TABLE,,,생략
덕망,MRINF,MORAL INFLUENCE,,,생략
덕트,DUCT,DUCT,,,생략
덤프,DUMP,DUMP,,,생략
덤핑,DUMPNG,DUMPING,,,생략
데드링크,DELINK,DEAD LINK,,,생략
데몬,DEMON,DEMON,,,생략
데시벨,DCBL,DECIBEL,,,생략
데이터,DATA,DATA,"데이타,DATA",,생략
데이터공유환경,SHADE,SHARED DATA ENVIRONMENT,SHADE,,생략
데이터그램,DTGRM,DATAGRAM,,,생략
데이터링크,DATALINK,DATALINK,,,생략
데이터마트,DTWRH,DATA WAREHOUSE,,,생략
데이터베이스,DB,DATABASE,DB,,생략
데이터베이스관리자,DBA,DATABASE ADMINISTRATOR,,,생략
데이터상세유형코드,DATADTLTYCD,DATA DETAIL TYPE CODE,,분류어,생략
데이터웨어하우스,DW,DATA WAREHOUSE                        ,,,생략
데이터유형코드,DATATYCD,DATA TYPE CODE,,분류어,생략
데이터조작언어,DML,DATA MANAGEMENT LANGUAGE,DML,,생략
데이터처리,DTPRCS,DATA PROCESSING,,,생략
데이터통신,DTMM,DATA COMMUNICATION,,,생략
델타,DLTA,DELTA,DELTA,,생략
델파이기법,DPHTCH,DELPHI TECHNIQUE,,,생략
도,PCTR,PICTURE,,,생략
도,DO,DO,,,생략
도곽선,NTLN,NEAT LINE,,,생략
도관,CDT,CONDUIT,,,생략
도교,GWAY,GANGWAY,,,생략
도구,INSTRMNT,INSTRUMENT,,,생략
도금,PLTNG,PLATING,,,생략
도급,CTRTWRK,CONTRACT FOR WORK,,,생략
도급경비,CTRCST,CONTRACT COST,,,생략
도급계약,INVTCTRT,INVITED CONTRACT,,,생략
도급공사,CTRTCNST,CONTRACT CONSTRUCTION,,,생략
도급업체,CTRTENT,CONTRACT ENTERPRISE,,,생략
도난,ROBR,ROBBERY,,,생략
도내,PRVNCL,PROVINCIAL,,,생략
도달,ARVL,ARRIVAL,,,생략
도덕성,MRLTY,MORALITY,,,생략
도래,ADVNT,ADVENT,,,생략
도량,LENVLM,LENGTH AND VOLUME,,,생략
도량형,WAM,WEIGHTS AND MEASURES,,,생략
도량형코드,WNMCD,WEIGHTS AND MEASURES CODE,,분류어,생략
도로,ROAD,ROAD,,,생략
도로구간,RDSC,ROAD SECTION,,,생략
도로기장,RDLEN,ROAD LENGTH,,,생략
도로기종점,RBEP,ROAD BEGIN AND END POINT,,,생략
도로대화구,RDCRTR,ROAD CRATER,,,생략
도로망,RDNTW,ROAD NETWORK,,,생략
도로망체계,RDNWSYS,ROAD NETWORK SYSTEM,,,생략
도로명,RN,ROAD NAME,,,생략
도로명기본도,RNBM,ROAD NAME BASIC MAP,,,생략
도로명번호,RDNMNO,ROAD NAME NUMBER,,분류어,생략
도로명사업,RDNMBIZ,ROAD NAME BUSINESS,,,생략
도로명시설,RDNMFCT,ROAD NAME FACILITY,,,생략
도로명주소,RDNMADR,ROAD NAME ADDRESS,,,생략
도로명주소데이터베이스,RNAD,ROAD NAME ADDRESS DATABASE,,,생략
도로명주소통합센터,RNAIC,ROAD NAME ADDRESS INTEGRATION CENTER,,,생략
도로명코드,RDNMCD,ROAD NAME CODE,,분류어,생략
도로번호,ROADNO,ROAD NUMBER,,분류어,생략
도로정찰대,ROADRT,ROAD RECONNAISSANCE TEAM,,,생략
도로차선구분코드,RODLANCD,ROAD LANE SECTION CODE,,분류어,생략
도로폭구분코드,RODWDTCD,ROAD WIDTH SECTION CODE,,분류어,생략
도로표면상태코드,ROADSRFCSTCD,ROAD SERFACE STATE CODE,,분류어,생략
도로형태코드,ROADSHAPECD,ROAD SHAPE CODE,,분류어,생략
도매,WHSAL,WHOLESALE,,,생략
도매인,WHLSALR,WHOLESALER,,,생략
도메인,DMN,DOMAIN,DOMAIN,,생략
도메인네임시스템,DNS,DOMAIN NAME SYSTEM,,,생략
도면,DRWNG,DRAWING,,,생략
도면류,DRWKND,DRAWING KIND,,,생략
도면번호,DRWGNO,DRAWING NUMBER,,분류어,생략
도박,GAMBLE,GAMBLE,,,생략
도발,PRVCT,PROVOCATION,,,생략
도보,WLK,WALKING,,,생략
도보교,WWBRDG,WALKWAY BRIDGE,,,생략
도분좌표,DMCORD,DEGREE MINUTES COORDINATE,,분류어,생략
도분초좌표,DMSCORD,DEGREE MINUTES SECOUNDS COORDINATE,,분류어,생략
도산,BKRC,BANKRUPTCY,,,생략
도색,PNTNG,PAINTING,,,생략
도서,BKS,BOOKS,,,생략
도서,ISLND,ISLANDS,,,생략
도서번호,BOOKNO,BOOKS NUMBER,,분류어,생략
도서벽지,IDSRTS,ISLANDS AND REMOTE AREAS,,,생략
도서벽지구분코드,IRPDCD,ISLANDS REMOTE PLACE DIVISION CODE,,분류어,생략
도선,FERRY,FERRY,,,생략
도선사업,FRYB,FREEY BUSINESS,,,생략
도선수습생,PLINTN,PILOT INTERN,,,생략
도선장,FRRSTN,FERRY STATION,나루터,,생략
도선장번호,FSNO,FERRY STATION NUMBER,,분류어,생략
도섭,FORD,FORD,,,생략
도섭장,FDGST,FORDING SITE,,,생략
도수,MNBR,MEASUREMENT NUMBER,,,생략
도시,ILLS,ILLUSTRATION,,,생략
도시,TOWN,TOWN,,,생략
도시계획,CTPLN,CITY PLANNING,,,생략
도시계획시설코드,CPICD,CITY PLANNING INSTALLATION CODE,,분류어,생략
도시기반시설,CTIFR,CITY INFRASTRUCTURE,,,생략
도시요소,DITEM,DISPLAY ITEM,,,생략
도시요소유형코드,DITEMTYPECD,DISPLAY ITEM TYPE CODE,,분류어,생략
도시요소종류코드,DITEMKNDCD,DITEM KIND CODE,,분류어,생략
도시화,UBNZTN,URBANIZATION,,,생략
도시화구분코드,UBNZTNCD,URBANIZATION SECTION CODE,,분류어,생략
도엽,MPSHT,MAP SHEET,,,생략
도엽번호,MPSHTNO,MAP SHEET NUMBER,,분류어,생략
도예,POTRY,POTTERY ,,,생략
도우미,HLPR,HELPER,,,생략
도움,HELP,HELP,,,생략
도움말,HLP,HELP,,,생략
도유지,DOLND,DO LAND,,,생략
도입,INTRO,INTRODUCTION,,,생략
도입일자,INTRODT,INTRODUCTION DATE,도입일,,생략
도장,SEAL,SEAL,인장,,생략
도전,CHLAG,CHALLENGE,,,생략
도전선,EFW,ELECTRIC FIRING WIRE,,,생략
도주,ESCP,ESCAPE,,,생략
도착,ARRVL,ARRIVAL,,,생략
도착률,ARRVLRT,ARRIVAL RATE,,,생략
도착역,ARVLSTN,ARRIVAL STATION,종료역,,생략
도착일자,ARVLDT,ARRIVAL DATE,도착일,,생략
도착지,DSTN,DESTINATION,착지,,생략
도착지코드,AACD,ARRIVAL AREA CODE,,분류어,생략
도착항,PTARVL,PORT OF ARRIVAL,,,생략
도착항지역,OUTBND,OUT-BOUND,OUT-BOUND,,생략
도축,BUTCH,BUTCHERY,,,생략
도출,DDUC,DEDUCTION,,,생략
도태,PHSOUT,PHASEOUT,,,생략
도태계획,PHSOPLN,PHASEOUT PLANNING,,,생략
도태일자,PHSOUTDT,PHASEOUT DATE,도태일,,생략
도파민,DPMN,DOPAMINE,DOPAMINE,,생략
도폭,DTNG,DETONATING,,,생략
도폭선,DTNCRD,DETONATING CORD,,,생략
도표,CHART,CHART,,,생략
도표번호,CHTNO,CHART NUMBER,,분류어,생략
도피,EVS,EVASION,,,생략
도피탈출,EANDE,EVASION AND ESCAPE,,,생략
도하,RVRCRS,RIVER CROSSING,,,생략
도하지점,CRST,CROSSING SITE,,,생략
도하지점번호,CRSTNO,CROSSING SITE NUMBER,,분류어,생략
도해,EXPDGM,EXPLANATORY DIAGRAM,,,생략
도형,FGR,FIGURE,,,생략
도형종류코드,FGRKNCD,FIGURE KIND CODE,,분류어,생략
도화,SQUIB,SQUIB,,,생략
도화선,FRWR,FIRING WIRE,,,생략
독려,NCRGD,ENCOURAGED ,,,생략
독립,INDP,INDEPENDENCE,,,생략
독립공채,INDS,INDEPENDENCE BONDS,,,생략
독립부대,SPRUNT,SEPARATE UNIT,,,생략
독립운용,SPOPR,SEPARATE OPERATING,,,생략
독립채무,INDPNDNCDET,INDEPENDENCE DEBT,,,생략
독립채산제,SAS,SELF-SUPPORTING ACCOUNTING SYSTEM,,,생략
독서실,READRM,READING ROOM,,,생략
독촉,URGE,URGE,,,생략
독촉일자,URGEDT,URGE DATE,독촉일,,생략
독촉장,RMND,REMINDER,,,생략
독해,RDNG,READING,,,생략
돌격,ASLT,ASSAULT,,,생략
돌격상태코드,ASLTSTATECD,ASSAULT STATE CODE,,분류어,생략
돌봄,CARE,CARE,,,생략
돌풍,GUST,GUST,,,생략
돌핀,DOLPHN,DOLPHIN,,,생략
동,EAST,EAST,,,생략
동,DONG,DONG,,분류어,생략
동가,SMPRC,SAME PRICE,,,생략
동거,COHBT,COHABIT,,,생략
동거점,ESTPS,EAST POSITION,,,생략
동결,FRZN,FROZEN,,,생략
동결일자,FRZNDT,FROZEN DATE,동결일,,생략
동결코드,FR,FROZEN CODE,,분류어,생략
동경,ESTLN,EAST LONGITUDE,,분류어,생략
동계,WNTSN,WINTER SEASON,,,생략
동공,PUPIL,PUPIL,,,생략
동기,MOTV,MOTIVE,,,생략
동기,SNCNZ,SYNCHRONIZATION,,,생략
동기생,CLSMT,CLASSMATE,,,생략
동기식전송망,SNNRK,SYNCHRONOUS NETWORK,,,생략
동기화,SNCZT,SYNCHRONIZATION,,,생략
동남,EASTSUTH,EAST SOUTH,,,생략
동남아,SEASIA,SOUTH-EAST ASIA,,,생략
동남아국가연합,ASEAN,ASSOCIATION OF SOUTH-EAST ASIAN NATIONS,,,생략
동내의,WTRUDW,WINTER UNDERWEAR,,,생략
동년,SMYR,SAME YEAR,,,생략
동등,EQVLT,EQUIVALENT,,,생략
동력,PWR,POWER,,,생략
동력반,PWSCT,POWER SECTION,,,생략
동력선,PWRBOT,POWERBOAT,,,생략
동력수상레저기구,PALU,POWER AQUATIC LEISURE UTENSILS,,,생략
동력어선,PWRFSBT,POWER FISHERBOAT,,,생략
동력원,PWSRC,POWER SOURCE,,,생략
동료,CLG,COLLEAGUE,,,생략
동류전용,CNBL,CANNIBALIZATION,,,생략
동류전용일자,CNBLDT,CANNIBALIZATION DATE,동류전용일,,생략
동맹,ALLNC,ALLIANCE,,,생략
동맹군전쟁예비물자,WRSA,WAR RESERVE STOCKS FOR ALLIES,WRSA,,생략
동물성,ANMLT,ANIMALITY,,,생략
동물원,ZOO,ZOO,,,생략
동반,ACPN,ACCOMPANY,,,생략
동보통신,MLTADRCL,MULTI ADDRESS CALLING,,,생략
동봉,NCLSE,ENCLOSE,,,생략
동부,ESTPT,EASTERN PART,,,생략
동사,VERB,VERB,,,생략
동사무소,DONGOFC,OFFICE OF A DONG,,,생략
동산,MVAST,MOVABLE ASSETS,,,생략
동산물권,RROM,REAL RIGHTS OVER MOVABLES,,,생략
동산질,PLDGMOV,PLEDGE OF MOVABLES,,,생략
동상,STATU,STATUE ,,,생략
동석,STGR,SIT TOGHTER,,,생략
동수,UNTBD,UNIT FOR BUILDING,,분류어,생략
동승,RDTGTR,RIDING TOGETHER,,,생략
동승자,FLWPSG,FELLOW PASSENGER,,,생략
동시,SMTM,SAME TIME,,,생략
동시개설신용장,BBLC,BACK TO BACK LETTER OF CREDIT,,,생략
동시교전,SMTEG,SIMULTANEOUS ENGAGEMENTS,,,생략
동시동원,CMOB,CONCURRENT MOBILIZATION,,,생략
동시전송,SMTMTRNS,SAME TIME TRANSMISSION,,,생략
동시조달수리부속,CSP,CONCURRENT SPARE PARTS,CSP,,생략
동시조달수리부속산정모델,OASIS,OPTIMAL ALLOCATION OF SPARES FOR INITIAL SUPPORT,,,생략
동심,CNCTR,CONCENTRIC,,,생략
동심원,CNTCC,CONCENTRIC CIRCLE,,,생략
동업,SMTRD,SAME TRADE,,,생략
동영상,VDO,VIDEO,,,생략
동요,UNSTTLE,UNSETTLE,,,생략
동원,MOB,MOBILIZATION,,,생략
동원계획,MBPLN,MOBILIZATION PLAN,,,생략
동원단계,MBP,MOBILIZATION PHASE,,,생략
동원단계코드,MBPCD,MOBILIZATION PHASE CODE,,분류어,생략
동원대상코드,MOBOBJCD,MOBILIZATION OBJECT CODE,,분류어,생략
동원령,MBORD,MOBILIZATION ORDER,,,생략
동원미지정,MOBUND,MOBILIZATION NOT DESIGNATION,,,생략
동원방법코드,MOBMTDCD,MOBILIZATION METHOD CODE,,분류어,생략
동원범위코드,MOBSCD,MOBILIZATION SCOPE CODE,,분류어,생략
동원병,MOBCS,MOBILIZED COMMON SOLDIER,,,생략
동원부대유형코드,MOBUTCD,MOBILIZATION UNIT TYPE CODE,,분류어,생략
동원부문코드,MOBSCTNCD,MOBILIZATION SECTION CODE,,분류어,생략
동원소요,MBRQM,MOBILIZATION REQUIREMENT,,,생략
동원시기코드,MOBTMCD,MOBILIZATION TIME CODE,,분류어,생략
동원업체구분코드,MOBENTDVCD,MOBILIZATION ENTERPRISE DIVISION CODE,,분류어,생략
동원운영구분코드,MOBOPRDVCD,MOBILIZATION OPERATION DIVISION CODE,,분류어,생략
동원일,MOBDAY,MOBILIZATION DAY,,분류어,생략
동원일시구분코드,MBDDCD,MOBILIZATION DAY HOUR DIVISION CODE,,분류어,생략
동원일자관리일련번호,MSNO,MANAGEMENT SERIAL NUMBER,,분류어,생략
동원자원,MBRSRC,MOBILIZATION RESOURCES,,,생략
동원자원구분코드,MBRSRCDVSCD,MOBILIZATION RESOURCE DIVISION CODE,,분류어,생략
동원지정,APNTMB,APPOINTMENT FOR MOBILIZATION,,,생략
동원지정번호,AMOBNO,APPOINTMENT FOR MOBILIZATION NUMBER,,분류어,생략
동원편성,MBORG,MOBILIZATION ORGANIZATION,,,생략
동원품목일련번호,MOBITMSN,MOBILIZATION   ITEM SERIAL NUMBER,,분류어,생략
동원형태코드,MOBSHPCD,MOBILIZATION SHAPE CODE,,분류어,생략
동원회선종류코드,MCRCTKNDCD,MOBILIZATION CIRCUIT KIND CODE,,분류어,생략
동원훈련물자,MEM,MOBILIZATION EXERCISE MATERIEL,,,생략
동위원소,ISTP,ISOTOPE,,,생략
동의,AGR,AGREE,,,생략
동의부대,DONGUI,DONGUI UNIT,924의료지원단,,생략
동의서,WRTCST,WRITTEN CONSENT,,,생략
동의어,SYNONM,SYNONYM,,,생략
동의일자,AGRDT,AGREE DATE,동의일,,생략
동일,IDNT,IDENTITY,,,생략
동일검사,IINP,IDENTITY INSPECTION,,,생략
동작,MVMNT,MOVEMENT,,,생략
동적,DYNM,DYNAMIC,,,생략
동전,COIN,COIN,,,생략
동절기,WNTTM,WINTER TIME,,,생략
동종,SMKND,SAME KIND,,,생략
동체,FSLG,FUSELAGE,,,생략
동통,ACHE,ACHE,,,생략
동파,FRZBUR,FROZEN TO BURST,,,생략
동하절기,WSTM,WINTER OR SUMMER TERM,,,생략
동해,ETSA,EAST SEA,,,생략
동해활동,ESACT,EAST SEA ACTIVITY,,,생략
동행,GOTGTR,GOING TOGETHER,,,생략
동행인,TGRPN,TOGETHER PERSON,,,생략
동향,TRND,TREND,,,생략
동향,ETING,FACING EAST,,,생략
동호,SMTST,SAME TASTE,,,생략
동호수,NUMBDHS,NUMBER OF BUILDING AND HOUSE,,,생략
동호회,CLUB,CLUB,,,생략
두개내압,ICP,INTRACRANIAL PRESSURE,ICP,,생략
두께,THCKNS,THICKNESS,,분류어,생략
두바이,DUBAI,DUBAI,,,생략
두발,HAIR,HAIR ,,,생략
두절,JAMD,JAMMED ,,,생략
둘레,CIRC,CIRCUMFERENCE,,,생략
뒤,BACK,BACK,,,생략
뒷자리,LSTDGT,LAST DIGIT,뒤자리,,생략
드럼,DRUM,DRUM,,,생략
드레싱,DRSNG,DRESSING,,,생략
드레인,DRAIN,DRAIN,DRAIN,,생략
드레인일자,DRAINDT,DRAIN DATE,DRAIN일자,,생략
득실,GNSLSS,GAINS AND LOSSES,,,생략
득점,SCORE,SCORE,,,생략
득표,POLL,POLL,,,생략
듣기,LSTN,LISTENING,,,생략
들것,STCHR,STRETCHER,,,생략
등,LAMP,LAMP,램프,,생략
등고,ISMTRY,ISOMETRY,,,생략
등고선,CNTRLN,CONTOUR LINE,,,생략
등급,GRD,GRADE,"등위,CLASS",분류어,생략
등급구분코드,GRADEDVCD,GRADE DIVISION CODE,,분류어,생략
등기,REGST,REGISTRATION,,,생략
등기권리증,REGCERT,REGISTRATION CERTIFICATE,등기필증,,생략
등기번호,REGNO,REGISTRATION NUMBER,,분류어,생략
등기부,RGSTR,REGISTER,,,생략
등기부등본,CCR,CERTIFIED COPY OF THE REGISTER,,,생략
등기소,REGOFC,REGISTRY OFFICE,등기기관,,생략
등기소유자구분코드,RODCD,REGISTRATION OWNER DIVISION CODE,,분류어,생략
등기신청구분코드,RADCD,REGISTRATION APPLICATION DIVISION CODE,,분류어,생략
등기용지,RTL,REGISTRY FOLIO,,,생략
등기원인일자,REGCSDT,REGISTRATION CAUSE DATE,등기원인일,,생략
등기일자,REGDT,REGISTRATION DATE,등기일,,생략
등기촉탁서,EDR,ENTRUSTING DOCUMENT FOR REGISTRATION,,,생략
등기필,FNSREG,FINISHED REGISTRATION,,,생략
등기필일자,FNSREGDT,FINISHED REGISTRATION DATE,등기필일,,생략
등기필지,REGBKLOT,REGISTRATION BOOK LOT,,,생략
등길이,BACKLEN,BACK LEN,,,생략
등대,LIGHS,LIGHTHOUSE,,,생략
등락,FLCTS,FLUCTUATIONS,,,생략
등락율,FLCTSRT,FLUCTUATIONS RATE,,,생략
등록,RGST,REGISTRATION,,,생략
등록건수,RSCT,REGISTER COUNT,,,생략
등록관청,RGRFC,REGISTRATION GOVERNMENT OFFICE,,,생략
등록기준지,RODVRC,RECORD OF DIVORCE,,,생략
등록번호,RGSTNO,REGISTRATION NUMBER,,분류어,생략
등록사업자,RTRMN,REGISTRATION BUSINESSMAN,,,생략
등록세,RGSTAX,REGISTRATION TAX,,,생략
등록순서,SNO,SEQUENCE NUMBER,,,생략
등록업체,RTPR,REGISTRATION ENTERPRISE,,,생략
등록요청번호,RRNO,REGISTRATION REQUEST NUMBER,,분류어,생략
등록일자,RGSTDT,REGISTRATION DATE,등록일,,생략
등록자,REGSTR,REGISTRAR,,,생략
등록증,COR,CERTIFICATE OF REGISTRATION,,,생략
등록지,REGPLC,REGISTRATION PLACE,,,생략
등록포로,RGPOW,REGISTRATED PRISONER OF WAR,,,생략
등본,ATSTCP,ATTESTED COPY,,,생략
등산,MTNRNG,MOUNTAINEERING ,,,생략
등산로,PMNTN,PATH UP A MOUNTAIN,,,생략
등압면,ISBRSF,ISOBARIC SURFACE,,,생략
등유,KRSN,KEROSENE,,,생략
등재,RGSTRT,REGISTRATION,,,생략
등재일자,REGSTDT,REGISTRATION DATE,등재일,,생략
등판,CLMB,CLIMBING,,,생략
등판능력,GRDAB,GRADE ABILITY,,,생략
등화,LPLGT,LAMP LIGHT,,,생략
디렉터리,DIR,DIRECTORY,디렉토리,,생략
디바이스,DVC,DEVICE,,,생략
디스크,DISK,DISK,,,생략
디젤기관,DSLEGN,DIESEL ENGINE,"디젤,디젤엔진",,생략
디지타이저,DGTZER,DIGITIZER,,,생략
디지털,DGTL,DIGITAL,,,생략
디지털수치화,DGTZTN,DIGITIZATION,,,생략
디지털원패스,DOP,DIGITALONEPASS,,,생략
디지털저작권관리,DRM,DIGITAL RIGHTS MANAGEMENT,,,생략
디지털저작권보호권한,DRMR,DRM RIGHT,,,생략
디지털저작권보호정책,DRMP,DRM POLICY,,,생략
디지털전문처리체계,DMHS,DIGITAL MESSAGE HANDLING SYSTEM,,,생략
디지털카메라,DIGCAM,DIGITAL CAMERA,,,생략
디지털콘텐츠,DGTLCNTNTS,DIGITAL CONTENTS,,,생략
디지털화,DGTZ,DIGITIZE,,,생략
디코더,DCDR,DECODER,,,생략
디폴트,DFLT,DEFAULT,,,생략
디핑소나,DIPPINGSONAR,DIPPING SONAR,,,생략
땅굴,GRDTNL,GROUND TUNNEL,,,생략
땅굴관리사단구분코드,GRDTNLMNDVCD,GROUND TUNNEL MANAGEMENT DIVISION CODE,,분류어,생략
땅굴탐지축선번호,GTDANO,GROUND TUNNEL DETECT AXIS NUMBER,,분류어,생략
땅굴현황,GRTNSTS,GROUND TUNNEL PRESENT STATUS,,,생략
또는,OR,OR,,,생략
뚜껑,LID,LID,캡,,생략
뜀걸음,RUNWALK,RUN WALK,,,생략
라군,GRPRA,RA GROUP,,,생략
라급,CLSRA,RA CLASS,,,생략
라디오,RDIO,RADIO,,,생략
라디오버튼,RDBTN,RADIOBUTTON,,,생략
라면,RAMN,RAMYON,,,생략
라벨,LABEL,LABEL,레이블,,생략
라벨그룹번호,LABELGRPNO,LABELGROUP NUMBER,,분류어,생략
라벨출력,LPRT,LABEL PRINT,,,생략
라우터,ROUTER,ROUTER,,,생략
라우팅,ROUTNG,ROUTING,,,생략
라이닝,LING,LINING ,,,생략
라이브,LIVE,LIVE,,,생략
라이브캅,LIVECOP,LIVECOP,,,생략
란체스터,LNCHSTR,LANCHESTER,,,생략
래드,RAD,RADIATION ABSORBED DOSE,"RAD,라드",,생략
래스터,RST,RASTER,,,생략
래프팅,RAFTNG,RAFTING,,,생략
랙,RACK,RACK,,,생략
램프,RAMP,RAMP,RAMP,,생략
량,CRRGE,CARRIAGE,,,생략
량,QNTY,QUANTITY,,분류어,생략
러닝셔츠,UDSHRT,UNDERSHIRT,런링,,생략
러시아,RSSIA,RUSSIA,,,생략
런업,RNUP,RUN UP,,,생략
레귤레이터,REGLT,REGULATOR,,,생략
레이더,RADAR,RADIO DETECTION AND RANGE,"RADAR,레이다,전탐레이더",,생략
레이더경보수신기,RWR,RADAR WARNING RECEIVER,,,생략
레이더기능코드,RADARFCNCD,RADIO DETECTION AND RANGE FUNCTION CODE,,분류어,생략
레이더미사일운용계획,SHOTPLAN,SHOTPLAN,,,생략
레이더반사면적,RCS,RADAR CROSS SECTION,,,생략
레이더번호,RADARNO,RADIO DETECTION AND RANGE NUMBER,,분류어,생략
레이더부호,RADARSGN,RADIO DETECTION AND RANGE SIGN,,,생략
레이더영상,RDRIMG,RADAR IMAGERY,,,생략
레이더자료감시장비,RDU,RADAR DISPLAY UNIT,,,생략
레이더자료처리,RDP,RADAR DATA PROCESSING,,,생략
레이더접근관제장치,RAPCON,RADAR APPROACH CONTROL,,,생략
레이더종류코드,RADARKNDCD,RADAR KIND CODE,,분류어,생략
레이더통제장비,RCE,RADAR CONTROL EQUIPMENT,,,생략
레이더특성목록,RCL,RADAR CHARACTERISTIC LIST,RC,,생략
레이더포착범위도,RCM,RADAR COVERAGE MAP,,,생략
레이더포착범위도사용,RCMU,RADAR COVERAGE MAP UTILITY,레디어포착범위도처리,,생략
레이아웃,LYOT,LAYOUT,,,생략
레이어,LAYR,LAYER,,,생략
레이저,LASER,LIGHT AMPLIFICATION BY SIMULATED EMISSION OF RADIATION,,,생략
레인보우바,RBBAR,RAINBOWBAR,,,생략
레일,RAIL,RAIL,,,생략
레지던트,RSDET,RESIDENT,,,생략
레코드,RECORD,RECORD,자료항목,,생략
레코드건수,RCDCNT,RECORD COUNT,,,생략
레코드번호,RCDNO,RECORD NUMBER,,분류어,생략
레티놀,RTNL,RETINOL,,,생략
렌더러,RENDRR,RENDERER,,,생략
렌즈,LENS,LENS,,,생략
렌터카,RNTCAR,RENT CAR,,,생략
력,POWER,POWER,,,생략
령,OD,ORDINANCE,,,생략
로,ROUT,ROUTE,,,생략
로고,LOGO,LOGO,,,생략
로그,LOG,LOG,LOG,,생략
로그번호,LOGNO,LOG NUMBER,,분류어,생략
로그아웃,LOGOUT,LOGOUT,로그오프,,생략
로그인,LOGIN,LOGIN,"로그온,LOGIN,LOG IN,로깅",,생략
로그인사용자,LNUSR,LOGIN USER,,,생략
로더,LOADER,LOADER,,,생략
로드맵,LDMAP,LOAD MAP,,,생략
로드밸런스,LNC,LOAD BALANCE,,,생략
로딘,LDNE,LODINE,LODINE,,생략
로딩,LDNG,LOADING,,,생략
로로,RORO,RO-RO(ROLL-ON/ROLL-OFF),,,생략
로봇,ROBOT,ROBOT,,,생략
로열티,RYT,ROYALTY,,,생략
로컬,LCL,LOCAL,,,생략
로컬전술영역,LCTCS,LOCAL TACTICAL SQUARE,,,생략
로컬파일,LCFL,LOCAL FILE,,,생략
로켓,RKT,ROCKET,,,생략
로켓추진식탄두,RAP,ROCKET ASSISTED PROJECTILE,"로켓보조사거리연장탄,RAP",,생략
로크레마틱스,RHCHRM,RHOCHREMATICS,,,생략
로터,RTR,ROTOR,,,생략
로트,LOT,LOT,"롯트,LOT",,생략
로트번호,LOTNO,LOT NUMBER,,분류어,생략
로프,ROPE,ROPE,,,생략
롤링,RLLNG,ROLLING,,,생략
료,CHRG,CHARGE,,분류어,생략
루틴,ROUTN,ROUTINE,ROUTINE,,생략
루프,LOOP,LOOP,,,생략
루프백,LPBCK,LOOPBACK,,,생략
루프장치,LOOPDEVICE,LOOP DEVICE,,,생략
류,CLSF,CLASSIFICATION,,,생략
률,RT,RATE,,분류어,생략
리,LI,LI,,,생략
리더십,LDSHIP,LEADERSHIP,,,생략
리도카인,LDCN,LIDOCAINE,LIDOCAINE,,생략
리모델링,RMDING,REMODELING,,,생략
리모컨,RMCN,REMOCON(REMOTE CONTROL),,,생략
리본,RIBBON,RIBBON,,,생략
리스,LEASE,LEASE,,,생략
리스구분코드,LSDVCD,LEASE DIVISION CODE,,분류어,생략
리스료,LSFEE,LEASE FEE,,,생략
리콜,RECALL,RECALL,,,생략
리터,L,LITER,"LT,L,LI",,생략
리파지토리,RPSTR,REPOSITORY,,,생략
리프레시,REFRESH,REFRESH,,,생략
링,RING,RING,,,생략
링크,LINK,LINK,,,생략
마감,CLOSE,CLOSE,,,생략
마감일자,CLSDT,CLOSING DATE,마감일,,생략
마감전,BFRL,BEFORE CLOSING,,,생략
마감정보,CLIF,CLOSE INFORMATION,,,생략
마감후,AFTCS,AFTER CLOSING,,,생략
마개,STPR,STOPPER,,,생략
마군,GRPMA,MA GROUP,,,생략
마그네슘,MGN,MAGNESIUM,,,생략
마급,CLSMA,MA CLASS,,,생략
마대자루,GNSCK,GUNNY SACK,,,생략
마력,HP,HORSEPOWER,,분류어,생략
마련,PREPRT,PREPARATION,,,생략
마름모,TRPZ,TRAPEZOID,,,생략
마모,WEAR,WEAR,,,생략
마비,PRLYS,PARALYSIS,,,생략
마스크,MSK,MASK,,,생략
마스터,MASTER,MASTER,"마스타,MASTER,M/S",,생략
마스터번호,MASTERNO,MASTER NUMBER,,분류어,생략
마약,NCTC,NARCOTIC,,,생략
마우스,MOUSE,MOUSE ,,,생략
마이크,MCRPHN,MICROPHONE,,,생략
마이크로필름,MCRFLM,MICROFILM,,,생략
마일,MILE,MILE,MILE,,생략
마일리지,MLG,MILEAGE,,,생략
마일즈,MILES,MULTIPLE INTEGRATED LASER ENGAGEMENT SYSTEM,,,생략
마진,MARGIN,MARGIN,,,생략
마취,ANTHS,ANESTHESIA,,,생략
마취가산,ANAD,ANESTHESIA ADDITION,,,생략
마취기록지,ANERD,ANESTHESIA RECORD,,,생략
마취제,ANTHC,ANESTHETIC,,,생략
마취총,TRQGN,TRANQUILIZER GUN,,,생략
마취코드번호,ANTHSCODENO,ANESTHESIA  CODENO,,분류어,생략
마케팅,MARKT,MARKETING,,,생략
막차,LTCAR,LAST CAR,,,생략
만,FLL,FULL,,,생략
만기,EXPRTN,EXPIRATION,,,생략
만기금액,EPNT,EXPIRE AMOUNT,,,생략
만기상환,MATRDM,REDEMPTION AT MATURITY,,,생략
만기일자,EXPRDT,EXPIRATION DATE,만기일,,생략
만기전역,FTSD,FULL TIME SERVICE DISCHARGE,만기제대,,생략
만기후,AFTEXP,AFTER EXPIRATION,,,생략
만료,TMNT,TERMINATION,,,생략
만료일자,TMNTDT,TERMINATION DATE,만료일,,생략
만성,CHRNC,CHRONIC,,,생략
만수,BFLWTR,BEING FILLED WITH WATER,,,생략
만장일치,UANMTY,UNANIMITY,,,생략
만재,FLLD,FULL LOAD,,,생략
만재흘수선,FLDT,FULL LOAD DRAFT LINE,,,생략
만점,PFSCR,PERFECT SCORE,,,생략
만조,HTIDE,HIGH TIDE,고조,,생략
만족,STFC,SATISFACTION,,,생략
만족도,STFCLVL,SATISFACTION LEVEL,,,생략
만찬참석자,DINPRE,DINNER PRESENT,,,생략
말,CLSE,CLOSE,,,생략
말,WRD,WORD,,,생략
말라리아,MLRA,MALARIA,,,생략
말목,NDNEK,END NECK,,,생략
말소,ERSR,ERASURE,,,생략
말소등기,CCGST,CANCELLATION REGISTRATION,,,생략
말소일자,ERSRDT,ERASURE DATE,말소일,,생략
말일,LY,LAST DAY,,,생략
말초신경계,PNS,PERIPHERAL NERVOUS SYSTEM,,,생략
망,NETWK,NETWORK,,,생략
망각,OBLIVION,OBLIVION,,,생략
망간,MANG,MANGANESE ,,,생략
망라,ICEVT,INCLUDE EVERYTHING,,,생략
망정보서비스,NISRV,NETWORK INFORMATION SERVICE,NIS,,생략
망태,GBION,GABION,,,생략
망향의동산,NMHC,NATIONAL MANG-HYANG CEMETERY,,,생략
맞벌이,WRKTGTR,WORKING TOGETHER,,,생략
매각,SALE,SALE,,,생략
매각일자,SALEDT,SALE DATE,매각일,,생략
매개변수추정,PARAEST,PARAMETRIC ESTIMATION,,,생략
매년,EVEYR,EVERY YEAR,,,생략
매뉴얼,MANUAL,MANUAL,"메뉴얼,MANUAL",,생략
매니폴드,MNFD,MANIFOLD,"메니폴트,다기관",,생략
매도,SLNDLV,SALE AND DELIVERY,,,생략
매도금액,SLMT,SELL AMOUNT,,,생략
매도율,SLRT,SELLING RATE,,,생략
매도일자,SLDLDT,SALE AND DELIVERY DATE,매도일,,생략
매도증서,SALNT,SALES NOTES,,,생략
매매,TRDNG,TRADING,,,생략
매매기준율,TRDBSRT,TRADING BASIC RATE,매매기준률,,생략
매몰,BURY,BURYING,,,생략
매몰원가,SUNKCST,SUNK COST,,,생략
매몰형,BRYTP,BURYING TYPE,,,생략
매복,AMBS,AMBUSH,,,생략
매복작전,AMBOP,AMBUSH OPERATION,,,생략
매복조,AMBEL,AMBUSH ELEMENT,,,생략
매설지선,UDGRDWR,UNDERGROUND WIRING,,,생략
매수,NUMSHT,NUMBER OF SHEETS,,분류어,생략
매수결정통지서,NUMLVDC,NUMBER OF LEAVES FOR DECISION NOTICE,,,생략
매수자,BUYER,BUYER,,,생략
매수청구권,PRCHCLM,PURCHASE CLAIM,,,생략
매수합병,MNA,MERGE AND ACQUISITION,,,생략
매연,SMOKE,SMOKE,,,생략
매일,DAILY,DAILY,,,생략
매입,BUYNG,BUYING,,,생략
매입률,BUYRT,BUYING RATE,매입율,,생략
매입상환,PCSRDM,REDEMPTION BY PURCHASE,,,생략
매입세액,INPUTX,INPUT TAX,,,생략
매입신용장,NLC,NEGOTIATION LETTER OF CREDIT,,,생략
매입지정신용장,NRLC,NEGOTIATION RESTRICTED LETTER OF CREDIT,,,생략
매장,BRAL,BURIAL,,,생략
매질,MEDM,MEDIUM,,,생략
매체,MEDIA,MEDIA,미디어,,생략
매체형태,MDATP,MEDIA TYPE,,,생략
매출,SALES,SALES,,,생략
매출금액,SALAMT,SALE AMOUNT,,,생략
매출액,SALEAMT,SALES AMOUNT,"매출금,매출금액",,생략
매출원가,CSTSL,COST OF SALES,,,생략
매출총이익,GRSPF,GROSS PROFIT,,,생략
매취,PCHACQ,PURCHASE AND ACQUISITION,,,생략
매트릭스,MTRX,MATRIX,,,생략
매핑,MPNG,MAPPING,매칭,,생략
매회,ECHTM,EACH TIME,,,생략
맥박,PLSE,PULSE,,,생략
맨홀,MNHL,MANHOLE,,,생략
맹인,BLIND,BLIND,,,생략
맹지,LNDLCK,LANDLOCKED,,,생략
머리,HD,HEAD,,,생략
머리둘레,HDCRCM,HEAD CIRCUMFERENCE,,,생략
머리말,PRFC,PREFACE,,,생략
먼지,DUST,DUST,,,생략
멀티캐스트,MLTCST,MULTICAST,,,생략
메가폰,MGPON,MEGAPHONE,,,생략
메뉴,MENU,MENU,,,생략
메뉴권한,MNATH,MENU AUTHORITY,,,생략
메뉴번호,MENUNO,MENU NUMBER,,분류어,생략
메모,MEMO,MEMO,,,생략
메모리,MEMRY,MEMORY,,,생략
메소드,MTHD,METHOD,,,생략
메시지,MSG,MESSAGE,"메세지,MSG,MESSAGE",,생략
메시지번호,MSGNO,MESSAGE NUMBER,,분류어,생략
메시지우선순위코드,MPRICD,MESSAGE PRIORITY CODE,,분류어,생략
메인메뉴,MNMNU,MAIN MENU,,,생략
메인프레임,MANFRM,MAINFRAME,,,생략
메카니칼씰,MCSL,M/C SEAL,"메카니컬시일,메카니컬씰",,생략
메타,MTA,META,,,생략
메타데이터,META,META DATA,,,생략
메타세쿼이아,MTSEQ,METASEQUOIA,,,생략
메탄,CH4,METHANE,,,생략
면,SDE,SIDE,,,생략
면,MYEON,MYEON,,,생략
면담,ITVW,INTERVIEW,,,생략
면세,DUTY FREE,DUTY FREE,,,생략
면세기관,EPMTT,EXEMPTION FROM TAXATION INSTITUTION,,,생략
면세대상자,EPMPS,EXEMPTION FROM TAXATION PERSON,,,생략
면수,NOPG,NUMBER OF PAGES,,,생략
면역,IMUT,IMMUNITY,,,생략
면역처방,IMPRS,IMMUNITY PRESCRIPTION,,,생략
면장,FLLCS,FLIGHT LICENSE,,,생략
면적,AREA,AREA,,분류어,생략
면접,INTVW,INTERVIEW,,,생략
면접관,INTVWR,INTERVIEWER,,,생략
면접시험,ORLTST,ORAL TEST,,,생략
면접시험일자,ITVWDT,INTERVIEW DATE,"면접일,면접시험일,면접일자",,생략
면제,EXMPT,EXEMPTION,,,생략
면제일자,EXMPTDT,EXEMPTION DATE,면제일,,생략
면제자,ACQTR,ACQUITER,,,생략
면직,DSMS,DISMISSAL,면임,,생략
면직일자,DSMSDT,DISMISSAL DATE,"면직일,면임일자,면임일",,생략
면허,LCNS,LICENSE,"라이선스,라이센스",,생략
면허생산,LCSPRD,LICENSE PRODUCTION,,,생략
면허증,LCNSE,LICENSE,,,생략
면회,MEET,MEETING,,,생략
멸균,STGST,STERILIZATION,,,생략
멸균식,STML,STERILIZATION MEAL,,,생략
멸실,DSTRLS,DESTRUCTION AND LOSS,,,생략
명,NM,NAME,,분류어,생략
명단,ROLL,ROLL OF NAMES,,,생략
명도,EVCTN,EVICTION,,,생략
명동,RMBL,RUMBLING,,,생략
명령,ORD,ORDER,,,생략
명령관계코드,ORDRELSHPCD,ORDER RELATIONSHIP CODE,,분류어,생략
명령면,ORDGO,ORDER GET OFF,,,생략
명령명,ORDCM,ORDER COMMAND,,,생략
명령문,INSTSTMT,INSTRUCTION STATEMENT,,,생략
명령번호,ORDNO,ORDER NUMBER,,분류어,생략
명령보,ORDAS,ORDER ASSIGNMENT,,,생략
명령서,ORDRSHT,ORDER SHEET,,,생략
명령어,CMD,COMMAND,CMD,,생략
명령일자,ORDDT,ORDER DATE,명령일,,생략
명령자,ORDRR,ORDERER,,,생략
명령지,ODLI,ORDER LETTER OF INSTRUCTION ,,,생략
명령하달구분코드,ORDLDVCD,ORDER DELIVERY DIVISION CODE,,분류어,생략
명문,XLCMPSTN,EXCELLENT COMPOSITION,,,생략
명부,LSTNM,LIST OF NAMES,,,생략
명세,DTLS,DETAILS,,,생략
명세서,DTLSTMNT,DETAILED STATEMENT,,,생략
명세서대분류코드,DSLCLSCD,DETAILED STATEMENT LARGE CLASSIFICATION CODE,,분류어,생략
명세서묶음번호,DTLSTMNTBNNO,DETAILED STATEMENTBUNDLENUMBER,,분류어,생략
명세서중분류코드,DSMCLSCD,DETAILED STATEMENT MIDDLE CLASSIFICATION CODE,,분류어,생략
명시,CLRST,CLEAR STATEMENT,,,생략
명시이월비,EECF,EXPLICIT EXPENDITURE CARRIED FORWARD,명시이월,,생략
명예,HNR,HONOR,,,생략
명예가족,HNRFML,HONOR FAMILY,,,생략
명예심,DSFFM,DESIRE FOR FAME,,,생략
명예전역,HNRDCHG,HONORABLE DISCHARGE,의원명예,,생략
명예진급,BRVT,BREVET,,,생략
명예퇴직,VLTRSN,VOLUNTARY RESIGNATION,,,생략
명예퇴직수당,SVRPAY,SERVERANCE PAY,,,생략
명의,NME,NAME,,,생략
명의변경,NMCHANGE,NAME CHANGE,,,생략
명의수탁자,NMTRUSTEE,NAME TRUSTEE,,,생략
명의신탁,TTLTRST,TITLE TRUST,,,생략
명의신탁약정,NMTGG,NAME COMMITTING ENGAGEMENT,,,생략
명의자,NMLPSN,NOMINAL PERSON,,,생략
명일,TMRW,TOMORROW,,,생략
명절,FSTVHLDY,FESTIVAL HOLIDAY,,,생략
명중,DRTHT,DIRECT HIT,,,생략
명중률,HTRT,HIT RATE,,분류어,생략
명중유도전자장비,EOIR,ELECTRO OPTICS INFRARED,,,생략
명중유도전자장비ID,EOIREQPID,EOIR EQUIPMENT ID,,,생략
명찰,NMTG,NAMETAGS ,,,생략
명치,PTSTMK,PIT OF STOMACH,,,생략
명칭,TTL,TITLE,,분류어,생략
명패,NMPLT,NAMEPLATE,,,생략
명함,NCRD,NAME CARD,,,생략
모,MTHR,MOTHER,,,생략
모DODIC,PDODIC,PARENT DODIC,,,생략
모국,NCNY,NATIVE COUNTRY,,,생략
모금,MYS,MONEY RAISING,,,생략
모기,MQT,MOSQUITO,,,생략
모기지,HMBS,HOME BASE,,,생략
모니터,MNTR,MONITOR,,,생략
모니터링,MONTR,MONITORING,,,생략
모델,MODEL,MODEL,MODEL,,생략
모델링,MDING,MODELING,,,생략
모델번호,MODELNO,MODEL NUMBER,,분류어,생략
모뎀,MODEM,MODEM,,,생략
모듈,MODUL,MODULE,,,생략
모드,MODE,MODE,MODE,,생략
모드4성능,M4C,MODE 4 CAPABILITY,,,생략
모래,SAND,SAND ,,,생략
모바일,MOBILE,MOBILE,,,생략
모바일서비스시스템,MSSYS,MOBILE SERVICE SYSTEM,,,생략
모방,IMTN,IMITATION,모조,,생략
모방품,IMTITM,IMITATION ITEM,모조품,,생략
모범,MODL,MODEL,,,생략
모범병,MDLSLD,MODEL SOLDIER,,,생략
모병,RCTG,RECRUITING,,,생략
모병관,RCRTOFCR,RECRUITING OFFICER,,,생략
모색,GROPE,GROPE,,,생략
모선,MRSHP,MOTHER SHIP,,,생략
모선사,MTHOPT,MOTHER OPERATOR,,,생략
모성,MTINST,MATERNAL INSTINCT,,,생략
모수,PP,POPULATION PARAMETER,,,생략
모순,CNTRDCT,CONTRADICTION,,,생략
모스,MORSE,MORSE,,,생략
모양,SHPE,SHAPE,,,생략
모유,MHRSM,MOTHER'S MILK,,,생략
모의,SIM,SIMULATION,,,생략
모의사격통제사,IFS,ILLUSTRATED FIRE UNIT SIMULATOR,,,생략
모의시험,TREXM,TRIAL EXAMINATION,,,생략
모의연습,DRY,DRY RUN,DRY,,생략
모의조종사,IPS,ILLUSTRATED PILOT SIMULATOR,,,생략
모의표적,SMLTR,SIMULATED TRACKS,,,생략
모의훈련,SIMLTN,SIMULATION,,,생략
모의훈련파일,SEF,SIMULATION EXERCISE FILE,,,생략
모임,MEETNG,MEETING ,,,생략
모자이크,MOSC,MOSAIC,,,생략
모집,RCRT,RECRUITMENT,,,생략
모집설립,RCRESTBL,RECRUITMENT ESTABLISHMENT,,,생략
모집인수,RCRUNDT,RECRUITMENT UNDERTAKING,,,생략
모집종사자,RCRENP,RECRUITMENT ENFILADE PERSON,,,생략
모체,PRNT,PARENT,,,생략
모체부대,PUNT,PARENT UNIT,,,생략
모체장비,PEQ,PARENT EQUIPMENT,모장비,,생략
모터,MTR,MOTOR,,,생략
모포,BLNKT,BLANKET,,,생략
모함,TDSH,TENDER SHIP,,,생략
모험대차,VNTBRLD,VENTURE BORROWING AND LENDING,,,생략
모형,REPLICA,REPLICA,,,생략
목,MOK,MOK,,,생략
목,NECK,NECK,,,생략
목격자,WTNS,WITNESS,,,생략
목구멍,THROAT,THROAT,,,생략
목구조,WDSTRT,WOOD STRUCTURE,,,생략
목련,MGNL,MAGNOLIA,,,생략
목록,CTLG,CATALOGUE,"리스트,LIST",분류어,생략
목록번호,CTLGNO,CATALOGUE NUMBER,,분류어,생략
목록진행구분코드,LPRGCD,LIST PROGRESS CODE,,분류어,생략
목록화,CDFCTN,CODIFICATION,,,생략
목발,CRCHS,CRUTCHES,,,생략
목요일,THUR,THURSDAY,목,,생략
목욕,BATH,BATH,,,생략
목용탕,BTHHOU,BATHHOUSE,,,생략
목재,WOOD,WOOD,,,생략
목재포장의뢰번호,WDPRQNO,WOOD PACKING REQUEST NUMBER,,분류어,생략
목적,PRPS,PURPOSE,,,생략
목적지,AIMPLC,AIM PLACE,,,생략
목조,WUDCRV,WOOD-CARVING,,,생략
목진지,NCKPST,NECK POSITION,,,생략
목차,TBLOCTNTS,TABLE OF CONTENTS,,,생략
목차경로,CNTNTPTH,CONTENT PATH,,,생략
목초,FORAGE,FORAGE,,,생략
목침목,WDTIE,WOODEN TIE,나무침목,,생략
목표,GOAL,GOAL,타겟,,생략
목표가격,TGTPRC,TARGET PRICE,목표가,,생략
목표비용,TGCST,TARGET COST,,,생략
목표운용가용도,TPOPRAVL,TARGET OPERATIONAL AVAILABILITY,,,생략
목표회계년도,TFY,TARGET FISCAL YEAR,목표회계연도,,생략
목형,WDNPTR,WOODEN PATTERN,,,생략
몰리브덴,MO,MOLYBDENUM,MO,,생략
몰수,CFSTN,CONFISCATION,,,생략
몸체,BODY,BODY,,,생략
못,NAIL,NAIL,,,생략
묘목,YNGPLNT,YOUNG PLANT,,,생략
묘사,REPRST,REPRESENTATION,,,생략
묘소,GRVYRD,GRAVEYARD,,,생략
묘역,BNDGRV,BOUNDARIES OF GRAVE,,,생략
묘지,BGRND,BURIAL GROUND,,,생략
무,NIL,NIL,,,생략
무감각,INSBLT,INSENSIBILITY,,,생략
무개형,UNCVDTYP,UNCOVERED TYPE,,,생략
무결성,ITGRT,INTEGRITY,,,생략
무고장선하증권,CFBL,CLEAN FORM BILL OF LADING,,,생략
무고죄,CLMNY,CALUMNY,,,생략
무공,MTRACH,MILITARY ACHIEVEMENTS,,,생략
무공포장,MTMRMD,MILITARY MERIT MEDAL,,,생략
무공훈장,ORDMLMR,ORDER OF MILITARY MERIT,,,생략
무과실책임,LBLYT,LIABILITY WITHOUT FAULT,,,생략
무관,MILATCH,MILITARY ATTACHE,,,생략
무관부,MILAD,MILITARY ATTACHE DEPARTMENT,,,생략
무관후보생,MYCRC,MILITARY OFFICER CADET,,,생략
무궁화,SHRNRS,ROSE OF SHARON,,,생략
무궁화대훈장,GOMGH,GRAND ORDER OF MUGUNGHWA,,,생략
무권대리,UNATHRRP,UNAUTHORIZED REPRESENTATION,,,생략
무급,UNPAID,UNPAID,,,생략
무기,WPN,WEAPON,,,생략
무기교전지대,WEZ,WEAPON ENGAGEMENT ZONE,,,생략
무기명사채,UNRGSTDBT,UNREGISTERED DEBENTURE,,,생략
무기명주권,BRSK,BEARER STOCK,,,생략
무기명증권,UNRSCR,UNREGISTERED SECURITY,,,생략
무기명채권,UNRGSTBND,UNREGISTERED BOND,,,생략
무기배정장교,WAO,WEAPONS ASSIGNMENT OFFICER,,,생략
무기번호,WPNNO,WEAPON NUMBER,,분류어,생략
무기수출통제법,AECA,ARMS EXPORT CONTROL ACT,,,생략
무기체계,WS,WEAPON SYSTEM,,,생략
무기체계구분코드,WSDVCD,WEAPON SYSTEM DIVISION CODE,,분류어,생략
무기체계대분류코드,WSLCD,WEAPON SYSTEM LARGE CLASSIFICATION CODE,,분류어,생략
무기체계채택물자,SPLDWT,SUPPLIES SELECTED AS PART OF WEAPONS SYSTEM,,,생략
무기태세,WRP,WEAPONS READINESS POSTURE,,,생략
무기통제,WPCTR,WEAPON CONTROL,,,생략
무기통제관,MCD,MISSILE CONTROL DIRECTOR,,,생략
무기통제사,WD,WEAPONS DIRECTOR,,,생략
무기통제상태,WCS,WEAPONS CONTROL STATUS,,,생략
무능력자,INCOMPT,INCOMPETENT,,,생략
무단,WTPMS,WITHOUT PERMISSION,,,생략
무단점유,SQUAT,SQUAT,,,생략
무담보,UNMRTG,UNMORTGAGE,,,생략
무담보사채,UNSCRDBT,UNSECURED DEBENTURE,,,생략
무도,CHVLRY,CHIVALRY,,,생략
무도단증번호,CHDGCRTNO,CHIVALRY DEGREE CERTIFICATE NUMBER,,분류어,생략
무동력,WPS,WITHOUT POWER SOURCE,,,생략
무력,PWLS,POWERLESSNESS,,,생략
무력화,NTRZT,NEUTRALIZATION,,,생략
무릎,KNEE,KNEE,,,생략
무명,ANONMS,ANONYMOUS ,,,생략
무반동총,RCLRFL,RECOILLESS RIFLE,,,생략
무배당,WHDVN,WITHOUT DIVIDEND,,,생략
무사,FINE,FINE ,,,생략
무사고,ACDTFR,ACCIDENT FREE,,,생략
무상,FREE,FREE,,,생략
무상계약,GRTSCNTRCT,GRATUITOUS CONTRACT,,,생략
무상관리전환구분코드,FMCDVCD,FREE MANAGEMENT CONVERSION DIVISION CODE,,분류어,생략
무상대부,FRLOAN,FREE LOAN,무상대출,,생략
무상원조,GRNTAID,GRANT AID,,,생략
무상주,BSST,BONUS STOCK,,,생략
무상증자,FSWHR,FREE ISSUE OF NEW SHARE,,,생략
무상취득,FRACQ,FREE ACQUISITION,,,생략
무선,WRLS,WIRELESS,,,생략
무선랜,WRSLN,WIRELESS LAN,,,생략
무선통신,WLMC,WIRELESS COMMUNICATION,,,생략
무시,IGNR,IGNORE,,,생략
무엇을,WHAT,WHAT,,,생략
무역,TRADE,TRADE,,,생략
무역대리점,AGNTRD,AGENCY FOR TRADE,,,생략
무역수지,BOT,BALANCE OF TRADE,,,생략
무연,SMKLS,SMOKELESS,,,생략
무이자,NINTR,NO INTEREST,,,생략
무인,UNMAND,UNMANNED,,,생략
무인항공기,UAV,UNMANNED AERIAL VEHICLE,UAV,,생략
무임승차,FRDE,FREE RIDE,,,생략
무작위,RANDOM,RANDOM,,,생략
무장,ARMNG,ARMING,,,생략
무장간첩,AEPAG,ARMED ESPIONAGE AGENT,,,생략
무장사정거리표적거리,WPRTR,WEAPON RANGE VS. TARGET RANGE,,,생략
무장상태목록전시,WPSTR,WEAPON STATUS REVIEW,,,생략
무장적합성,WPSTB,WEAPON SUITABILITY,,,생략
무장정비대대,ARMTSQDR,ARMING MAINTENANCE SQUADRON,무대,,생략
무장처,AMPL,ARMING PLACE,,,생략
무장탄약보유,AAH,ARMING AMMUNITION HOLDING,,,생략
무장탄약지원장비,ARASE,ARMING AMMUNITION SUPPORT EQUIPMENT,,,생략
무장투하가능시간입력창,TOTWIN,TOT WINDOW,,,생략
무장투하기동,ROLLOUT,ROLLOUT,,,생략
무장할당,WPENG,WEAPON ENGAGEMENT,,,생략
무장효과,AE,ARMING EFFECT,,,생략
무적자,PWRD,PERSON WITHOUT A REGISTERED DOMICILE,,,생략
무전기,RDIOTCV,RADIO TRANSCEIVER,,,생략
무전기번호,RDIOTCVNO,RADIO TRANSCEIVER NUMBER,,분류어,생략
무점포,NSTR,NONSTORE,,,생략
무정전전원공급장치,UPS,UNINTERRUPTIBLE POWER SUPPLY,,,생략
무제한,UNLIMIT,UNLIMITEDNESS,,,생략
무죄,INCNC,INNOCENCE,,,생략
무주,BOWLS,BEING OWNERLESS,,,생략
무주부동산,OWLEST,BEING OWNERLESS REAL ESTATE,,,생략
무주택,HMLS,HOMELESS,,,생략
무체재산,INTPRPT,INTANGIBLE PROPERTY,무체,,생략
무통장,NBKK,NO BANKBOOK,,,생략
무한책임,UNLMLBL,UNLIMITED LIABILITY,,,생략
무한책임사원,UNLIMPRTN,PARTNER WITH UNLIMITED LIABILITY,,,생략
무허가,NOPMT,NO PERMIT,,,생략
무형고정자산,INTFXAST,INTANGIBLE FIXED ASSETS,,,생략
무형전투력,ICBPW,Intangible Combat Power,,,생략
무효,INVLD,INVALID,,,생략
무효화,MKIVLD,MAKE INVALID,,,생략
묶음,BNDL,BUNDLE,뭉치,,생략
문,PIEC,PIECE,,,생략
문,WRTNGS,WRITINGS,,,생략
문,DOOR,DOOR,,,생략
문과,LBART,LIBERAL ARTS,,,생략
문교,RAFT,RAFT,,,생략
문구,PHRSE,PHRASE,,,생략
문란,DSRDR,DISORDER,,,생략
문맹,ILTRCY,ILLITERACY,,,생략
문서,DOC,DOCUMENT,DOC,,생략
문서과,DOCCNTR,DOCUMENT CENTER,,,생략
문서관리,DOCMNGMT,DOCUMENTATION MANAGEMENT,,,생략
문서번호,DN,DOCUMENT NUMBER,,분류어,생략
문서보존관리기관,DCMNNT,DOCUMENT CONSERVATION MANAGEMENT INSTITUTION,,,생략
문서분류번호,DOCCLSFNO,DOCUMENT CLASSIFICATION NUMBER,,분류어,생략
문서식별코드,DIC,DOCUMENT IDENTIFICATION CODE,,분류어,생략
문서양식번호,DCMTMPNO,DOCUMENT TEMPLATE NUMBER,,분류어,생략
문서연관첩보유형코드,DOCRLINFTYCD,DOCUMENT RELATION INFORMATION TYPE CODE,,분류어,생략
문서참조번호,MRN,MESSAGE REFERENCE NUMBER,,분류어,생략
문서채번일련번호,DGENSN,DOCUMENT / RANDOM NUMBER GENERATE / SERIAL NUMBER,,분류어,생략
문서함,DOCBX,DOCUMENT BOX,,,생략
문서형식정의,DTD,DOCUMENT TYPE DEFINITION,DTD,,생략
문수,GNCNT,NUMBERS OF GUN,,분류어,생략
문언,PHRNG,PHRASING,,,생략
문의,INQR,INQUIRY,,,생략
문의성,INQPRP,PROPENSITY OF INQUIRY,,,생략
문의일자,INQRDT,INQUIRY DATE,문의일,,생략
문자,CHR,CHARACTER,글자,분류어,생략
문자열,CHARST,CHARACTER STRING,,,생략
문자형,CRTYP,CHARACTER TYPE,,,생략
문장,SNTNC,SENTENCE,,,생략
문제,PRBLM,PROBLEM,,,생략
문제번호,PRBLMNO,PROBLEM NUMBER,,분류어,생략
문제점,PROBLM,PROBLEM,,,생략
문진,MEDINTRV,A MEDICAL EXAMINATION BY INTERVIEW,,,생략
문진표,MEVTB,A MEDICAL EXAMINATION BY INTERVIEW TABLE,,,생략
문책,CNSRE,CENSURE,,,생략
문항,QESITM,QUESTION ITEM,,,생략
문헌,LTRT,LITERATURE,,,생략
문헌정보구분코드,LTRTCD,LITERATURE INTELLIGENCE DIVISION CODE,,분류어,생략
문화,CULTR,CULTURE,,,생략
문화재,CLTAST,CULTURAL ASSETS,,,생략
문화재보전지구,CAPR,CULTURAL ASSETS PRESERVATION REGION,문화재보존지역,,생략
물,THING,THING,,,생략
물,WATER,WATER,,,생략
물가,PRCS,PRICES,,,생략
물가변동률,PFR,PRICE FLUCTUATION RATE,,,생략
물가상승률,IFLRT,INFLATION RATE,물가상승율,,생략
물가종목코드,PRCKNDCD,PRICES KIND CODE,,분류어,생략
물건,THNG,THING,,,생략
물곬,DRN,DRAIN,물골,,생략
물권,RLRGT,REAL RIGHT,,,생략
물동,MTRMOB,MOBILIZATION OF MATERIALS,,,생략
물동량,TRFFC,TRAFFIC,,,생략
물때,TIDTM,TIDE TIME,,,생략
물때높이상태코드,TIDTMHTSACD,TIDE TIME HEIGHT STATE CODE,,분류어,생략
물량,AMTMTR,AMOUNT OF MATERIALS,,분류어,생략
물량장,MDP,MATERIAL DISTRIBUTION PLACE,,,생략
물류,PHDSTB,PHYSICAL DISTRIBUTION,,,생략
물류관리비,PDME,PHYSICAL DISTRIBUTION MANAGEMENT EXPENSES,,,생략
물리,PHSC,PHYSICS,,,생략
물리모델,PHYMDL,PHYSICAL MODEL,,,생략
물리적,PYSCL,PHYSICAL,,,생략
물리치료,PHSTHRP,PHYSICAL THERAPY,물리요법,,생략
물리치료교육,PEDU,PHYSICAL THERAPY EDUCATION,,,생략
물리치료처방,PPRS,PHYSICAL THERAPY PRESCRIPTION,,,생략
물매,PTC,PITCH,,,생략
물물교환,BRTR,BARTER,,,생략
물이용부담금,WTUSMN,WATER USE BURDEN MONEY,물이용부담금액,,생략
물자,MTRL,MATERIAL,,,생략
물자관리코드,MMCD,MATERIAL MANAGEMENT CODE,,분류어,생략
물자근무지원,MSS,MATERIAL SERVICE SUPPORT,,,생략
물자기능코드,MFCD,MATERIAL FUNCTION CODE,,분류어,생략
물자대,MTRCST,MATERIAL COST,,,생략
물자동원,MTRMB,MATERIAL MOBILIZATION,,,생략
물자동원분류코드,MMOBCCD,MATERIAL MOBILIZATION CLASSIFICATION CODE,,분류어,생략
물자동원자원유형코드,MMOBRTCD,MATERIAL MOBILIZATION RESOURCE TYPE CODE,,분류어,생략
물자동원장비구분코드,MTMBEQDVCD,MATERIAL MOBILIZATION EQUIPMENT  DIVISION CODE,,분류어,생략
물자보안등급코드,MPSGCD,MATERIAL PHYSICAL SECURITY GRADE CODE,,분류어,생략
물자비,MTRRT,MATERIAL RATE,,,생략
물자소요,MTRQM,MATERIEL REQUIREMENT,,,생략
물자수송비지불조건코드,MTEPCCD,MATERIAL TRANSPORTATION EXPENSE PAYMENT CONDITION CODE,,분류어,생략
물자인도명세서,DLVLST,DELIVERY LISTING,"DL,D/L",,생략
물자저장창고코드,SPCD,STORAGE POSITION CODE,,분류어,생략
물자처리코드,MDSCD, MATERIAL PROCESS CODE,,,생략
물자취급장비,MHE,MATERIEL HANDLING EQUIPMENT,,,생략
물자판매국가군코드,MSCFCD,MATERIAL SELL NATION MILITARY CODE,,분류어,생략
물적담보,MTGBND,MORTGAGE BOND,,,생략
물적자원,MTRSUR,MATERIAL RESOURCES,,,생략
물적편성주의,MRLZ,MATERIAL ORGANIZATION ATTENTION,,,생략
물질,SBSTC,SUBSTANCE,,,생략
물컷점,HTFDWT,HEIGHT OF A FILLED WATER IN A TANK,,,생략
물탱크,WTRTNK,WATER TANK,,,생략
물품,GDS,GOODS,,,생략
물품관리,MTRMGT,MATERIEL MANAGEMENT,,,생략
물품관리공무원,MMO,MATERIEL MANAGING OFFICER,,,생략
물품관리관,MTMGTMGR,MATERIEL MANAGEMENT MANAGER,,,생략
물품관리운용보고서,MNORPT,MATERIEL MANAGEMENT AND OPERATING REPORT,,,생략
물품관리유형코드,MMTCD,MATERIEL MANAGEMENT TYPE CODE,,분류어,생략
물품금액구분코드,GAMDCD,GOODS AMOUNT OF MONEY DIVISION CODE,,분류어,생략
물품납품통지구분코드,GDNDCD,GOODS DELIVERY NOTICE DIVISION CODE,,분류어,생략
물품납품통지진행상태코드,GDNPSCD,GOODS DELIVERY NOTICE PROGRESS STATE CODE,,분류어,생략
물품목록,LSFGD,LIST OF GOODS,,,생략
물품목록정보,ITGD,INFORMATION ABOUT LIST OF GOODS,,,생략
물품번호,GDSNO,GOODS NUMBER,,분류어,생략
물품변동사유코드,GFRCD,GOODS FLUCTUATION REASON CODE,,분류어,생략
물품변동세부사유코드,GFDRCD,GOODS FLUCTUATION DETAILS REASON CODE,,분류어,생략
물품분류번호,GCNO,GOODS CLASSIFICATION NUMBER,,분류어,생략
물품상태코드,MCCD,MATERIAL CONDITION CODE,,분류어,생략
물품성질코드,INCD,ITEM NATURE CODE,,분류어,생략
물품유형별,GTYP,GOOD TYPE,,,생략
물품출납공무원,MAO,MATERIEL ACCOUNTING OFFICER,,,생략
뮤추얼펀드,MLFD,MUTUAL FUND,,,생략
미,NT,NOT,,,생략
미개발,UNDVLOP,UNDEVELOPMENT,,,생략
미결,PNDC,PENDENCY,,,생략
미결산,UNBALNC,UNBALANCED,,,생략
미결재,UNSNCT,UNSANCTION,,,생략
미결제,UNSTLD,UNSETTLED,,,생략
미계획,NPLN,NOT PLAN,,,생략
미고지,NNTC,NOT NOTICE,,,생략
미공개,NPBLC,NON-PUBLIC,,,생략
미공군해상사전배치선단,USAFPS,US AIR FORCE PREPOSITIONING SHIPS,,,생략
미공제구분코드,NSDCD,NOT SUBTRACTION DIVISION CODE,,분류어,생략
미국,USA,UNITED STATES OF AMERICA,"미연방,미",,생략
미국국가규격서,ANSI,AMERICAN NATIONAL STANDARD INSTITUTE,ANSI,,생략
미국국립지리정보국,NGA,NATIONAL GEOSPATIAL INTELLIGENCE AGENCY,,,생략
미국내륙,USINL,USA INLAND,,,생략
미국방군수정보체계,DLIS,DEFENSE LOGISTICS INFORMATION SYSTEM,,,생략
미국방부,DOD,DEPARTMENT OF DEFENSE,"DOD,미국국방부,펜타곤,미국방성,국방성",,생략
미국방부군수본부,DLA,DEFENSE LOGISTICS AGENCY,"DLA,미DLA",,생략
미국방부문서양식,DDFORM,DOD FORMS,,,생략
미국방부획득체계,DODAS,DEPARTMENT OF DEFENSE ACQUISITION SYSTEM,,,생략
미국방수송체계,DTS,DEFENSE TRANSPORTATION SYSTEM,,,생략
미국방에너지지원본부,DESC,DEFENSE ENERGY SUPPORT CENTER,,,생략
미국방조달규정,DAR,DEFENSE ACQUISITION REGULATION,,,생략
미국방표준,MILSTD,MILITARY STANDARD,,,생략
미국재료시험협회,ASTM,AMERICAN SOCIETY FOR TESTING AND MATERIALS,,,생략
미군,USARMY,U.S. ARMY,USARMY,,생략
미군문서번호,USADOCNO,U.S. ARMY DOCUMENT NUMBER,,분류어,생략
미군사원조,USAMAID,US ARMY MILITARY AID,미군원,,생략
미군시설,USAINST,USARMY INSTALLATION,,,생략
미군용표준서,USMS,US MILITARY STANDARD,,,생략
미군증원전력구분코드,USAPCLCD,UNITED STATES OF AMERICA AUGMENTATION POWER CLASSIFICATION CODE,,분류어,생략
미군탄약,USAMN,USARMY AMMUNITION,,,생략
미기상,MCRCM,MICROCLIMATE,,,생략
미납,NPAY,NONPAYMENT,,,생략
미납금,NPAYMN,NONPAYMENT MONEY,"미납금액,미납액",,생략
미납금액,NPYAMOUNT,NONPAYMENT AMOUNT,,,생략
미납자,DFLTR,DEFALUTER,,,생략
미니,MINI,MINI,,,생략
미니스텝구분코드,MNSTPCD,MINI STEP SECTION CODE,,분류어,생략
미달,SHRTG,SHORTAGE,,,생략
미담,BUTYSTORY,BEAUTIFUL STORY,,,생략
미들웨어,MDWR,MIDDLEWARE,,,생략
미등기,NREG,NOT REGISTRATION,,,생략
미래,FUTURE,FUTURE,,,생략
미래부대계획,FUNTPLN,FUTURE UNIT PLAN,,,생략
미량,VSMAMT,VERY SMALL AMOUNT,,,생략
미리보기,PRVW,PREVIEW,,,생략
미만,UNDR,UNDER,,,생략
미보상,NCPSTN,NOT COMPENSATION,,,생략
미보유,NOPOS,NON-POSSESSION,,,생략
미복구,YTRTD,YET TO BE RESTORED,,,생략
미비,UNPRPRD,UNPREPARED,,,생략
미비서류,UNDOC,UNPREPARED DOCUMENTS,,,생략
미비자,UNPRPSN,UNPREPARED PERSON,,,생략
미사일,MSSL,MISSILE,,,생략
미사일감지기구분코드,MSSLSNSRDVCD,MISSILE SENSOR DIVISION CODE,,분류어,생략
미사일방어경보체계,MIDAS,MISSILE DEFENSE ALARM SYSTEM,,,생략
미사일사격결과코드,MSSLFIRRLTCD,MISSILE FIRING RESULT CODE,,분류어,생략
미사일사령부,MICOM,MISSILE COMMAND,,,생략
미사일식별코드,MSSLIDTFCD,MISSILE IDENTIFICATION CODE,,분류어,생략
미사일알람경보,MWS,MISSILE WARNING SYSTEM,,,생략
미사일이벤트코드,MSSLEVNTCD,MISSILE EVENT CODE,,분류어,생략
미사일임무수행상태코드,MSLMSNEXCSCD,MISSILE MISSION EXECUTION STATUS CODE,,분류어,생략
미사일임무통제상태코드,MSLMSNCTRSCD,MISSILE MISSION CONTROL STATUS CODE,,분류어,생략
미사일장착발수,MSLMNTEQAMM,MISSILE MOUNTING OF EQUIPMENT AMMUNITION,,,생략
미사일정보가공상태코드,MSSLPEDSTACD,MISSILE INFORMATION PROCESSING STATE CODE,,분류어,생략
미사일정보출처구분코드,MSSLIOSCD,MISSILE INTELLIGENCE OF  SOURCE CODE,,분류어,생략
미사일종류코드,MSSLKNDCD,MISSILE KIND CODE,,분류어,생략
미사일추적기전자방해방어책기능유무,SECCFEAN,SEEKER ELECTRONIC COUNTER COUNTERMEASURES FUNCTION EXISTENCE AND NONEXISTENCE,,,생략
미사일추적기추적각도,SKRTRCANG,SEEKER TRACE ANGLE,,,생략
미사일특성목록,MSLCRL,MISSILE CHARACTERISTIC LIST,,,생략
미사일항적유형코드,MSSLTRATYCD,MISSILE TRACK TYPE CODE,,분류어,생략
미사일회피기동,OUTMOVE,OUT MOVE,,,생략
미산출코드,NCCD,NOT CALCULATION CODE,,분류어,생략
미상,UNKN,UNKNOWN,,,생략
미상환,NRED,UNREDEEMED,,,생략
미생물,MCROGN,MICROORGANISM,,,생략
미생물검사,MINP,MICROORGANISM INSPECTION,,,생략
미성년,MNRTY,MINORITY,,,생략
미세,MINU,MINUTENESS,,,생략
미세먼지,PTCMT,PARTICULATE MATTER,,,생략
미수,ATPTD,ATTEMPTED,,,생략
미수금,UCLAMT,UNCOLLECTED AMOUNT,미수금액,,생략
미수납,NTRCT,NOT RECEIPTANCE,,,생략
미수령,NRCPT,NOT RECEIPT,,,생략
미수입금,ATRMY,ATTEMPTED RECEIPTS OF MONEY,,,생략
미수채권,UCLBND,UNCOLLECTED BOND,,,생략
미승인,NAPRV,NOT APPROVAL,,,생략
미시행,NENF,NOT ENFORCEMENT,,,생략
미식,USASTY,AMERICAN STYLE,,,생략
미신,SUPRST,SUPERSTITION,,,생략
미신고,UNRPT,UNREPORTED,,,생략
미아,LSTCH,LOST CHILD,,,생략
미연,BFRHP,BEFORE HAPPENS,,,생략
미연방구매처,GSA,GENERAL SERVICES AGENCY,GSA,,생략
미예측,NFRCST,NON FORECAST,,,생략
미완,INCMPL,INCOMPLETION,,,생략
미육군사전배치재고,APS,US ARMY PREPOSITIONED STOCKS,,,생략
미육군해상사전배치선단,USAMPS,US ARMY PREPOSITIONING SHIPS,,,생략
미인가,NAUTH,NOT AUTHORIZE,,,생략
미인가자,NATHPSN,NOT AUTHORIZED PERSON,,,생략
미인도,UNDLVR,UNDELIVERED,,,생략
미입금사유코드,NRRCD,NOT RECEIPTS OF MONEY REASON CODE,,분류어,생략
미작성,NTWRT,NOT WRITE,,,생략
미적용,NAPL,NOT APPLY,,,생략
미전용,EXUSEUSA,EXCLUSIVE USE IN U.S. ARMY,,,생략
미접착,NNADH,NON ADHESION,,,생략
미정산,NTEXCAL,NOT EXACT CALCULATION,,,생략
미주,AMRCA,AMERICA,,,생략
미증원항공기기지구분코드,USRFACBSDCD,UNITED STATES OF AMERICA REINFORCE AIRCRAFT DIVISION CODE,,분류어,생략
미지,MIJI,MEACONING INTRUSION JAMMING AND INTERFERENCE,,,생략
미지급,UNPD,UNPAID,미지불,,생략
미지급금,ACRAMT,ACCRUED AMOUNT,미지급금액,,생략
미지원,NSPPRT,NOT SUPPORT,,,생략
미지정,UNDSGNTN,UNDESIGNATED,,,생략
미지출,NDSBS,NOT DISBURSEMENT,,,생략
미집행,NEXC,NON-EXECUTION,,,생략
미참석,NTATND,NOT ATTENDANCE,,,생략
미처리,NONDL,NON-DEALING,,,생략
미출력,NPRNT,NOT PRINT,,,생략
미측,USASD,THE UNITED STATES ARMY SIDE,,,생략
미측영상보고서분류코드,USSDIMRPCLCD,THE UNITED STATES ARMY SIDE IMAGE REPORT CLASSIFICATION CODE,,분류어,생략
미측첩보구분코드,USASDINFDVCD,THE UNITED STATES ARMY SIDE INFORMATION DIVISION CODE,,분류어,생략
미탑승,NTBDNG,NOT BOARDING,,,생략
미태평양사령부,PACOM,PACIFIC COMMAND,태평양사,,생략
미태평양사정보자동화처리소,PASK,PACOM AUTOMATED DATA PROCESSOR SERVE SITE-KOREA,PASS-K,,생략
미터,MT,METER,MT,,생략
미표준전문양식,USMTF,US MESSAGE TEXT FORMAT,"USMTF,미국표준전문양식",,생략
미풍양속,ESMC,ESTABLISHED SOCIAL MORALS AND CUSTOMS,,,생략
미필,UNFNS,UNFINISHED,,,생략
미필사유코드,UFNSRSCD,UNFINISHED REASON CODE,,분류어,생략
미합동군사업무단,JUSMAGK,THE JOINT UNITED STATES MILITARY ASSISTANCE GROUP-KOREA,"JUSMAG-K,주한미합동군사지원단",,생략
미항공기동사령부,AMCMD,AIR MOBILITY COMMAND,"AMC,미군항공기동사령부",,생략
미해결,UNSOLV,UNSOLVED,,,생략
미해군해상사전배치선단,USNVPS,US NAVY PREPOSITIONING SHIPS,,,생략
미해병해상사전배치선단,USMRPS,US MARITIME PREPOSITIONING SHIPS,,,생략
미화단가,USDPRC,US DOLLAR UNIT PRICE,,,생략
미확인,UNCFMD,UNCONFIRMED,,,생략
미확인신용장,ULC,UNCONFIRMED LETTER OF CREDIT,,,생략
미확정,NYCFM,NOT YET CONFIRMATION,,,생략
미환급,NTRFD,NOT REFUNDING,,,생략
미활용,UNUSD,UNUSED,,,생략
미활용군용지,UNUSDMR,UNUSED MILITARY RESERVATION,,,생략
미회수,NRTRV,NOT RETRIEVAL,,,생략
미흡,INSF,INSUFFICIENCY,,,생략
민,PPL,PEOPLE,,,생략
민간,CIVIL,CIVIL,,,생략
민간관리주체,CLDNT,CIVIL ADMINISTRATION ENTITY,,,생략
민간박명종,EVCT,END EVENING CIVIL TWILIGHT,,,생략
민간박명초,BMCT,BEGIN MORNING CIVIL TWILIGHT,,,생략
민간선박,CIVSHIP,CIVIL SHIP,,,생략
민간위탁,ETSVN,ENTRUSTMENT TO CIVILIAN,,,생략
민간인,CVIL,CIVILIAN,민,,생략
민간자본활용,PFI,PRIVATE FINANCE INITIATIVES,,,생략
민간투자사업BLT,BLT,BUILD LEASE TRANSFER,,,생략
민간투자사업BOO,BOO,BUILD OWN OPERATE,,,생략
민간투자사업BTL,BTL,BUILD TRANSFER LEASE,,,생략
민간투자사업BTO,BTO,BUILD TRANSFER OPERATE,,,생략
민간투자사업DBFO,DBFO,DESIGN BUILD FINANCE AND OPERATE,,,생략
민간투자사업ROO,ROO,REHABILITATE OWN OPERATE,,,생략
민간투자사업ROT,ROT,REHABILITATE OPERATE TRANSFER,,,생략
민감,SNSTV,SENSITIVENESS,,,생략
민감표적,STGT,SENSITIVE TARGETS,,,생략
민감표적구분코드,SNSTGTDVCD,SENSITIVENESS TARGET DIVISION CODE,,분류어,생략
민감표적승인관리번호,STAMNO,SENSITIVE TARGETS APPROVAL MANAGEMENT NUMBER,,분류어,생략
민군,MLTMN,MILITIA MAN,,,생략
민군겸용기술,DUT,DUAL USE TECHNOLOGY,,,생략
민군겸용기술사업,TPJCMU,TECHNOLOGY PROJECTS FOR JOINT CIVILIAN AND MILITAR,,,생략
민군작전,CMO,CIVIL-MILITARY OPERATIONS,,,생략
민방위,CVLDFS,CIVIL DEFENSE,,,생략
민법,BRGRC,BURGERLICHES RECHT,,,생략
민사,CVLAFR,CIVIL AFFAIRS,,,생략
민사사건,CVCS,CIVIL CASE,,,생략
민사소송,CVLST,CIVIL SUIT,,,생략
민사작전사령부,CMOC,CIVIL-MILITARY OPERATIONS COMMAND,CMOC,,생략
민사재판권,CJRC,CIVIL JURISDICTION,,,생략
민사조정,CLRR,CIVIL ARBITRATION,,,생략
민사책임,CVTY,CIVIL LIABILITY,,,생략
민사회사,NCCCPY,NONCOMMERCIAL COMPANY,,,생략
민수,CVLRQM,CIVIL REQUIREMENT,민간소요,,생략
민수용물자일련번호,CRUMSNO,CIVIL REQUIREMENT USE MATERIAL SERIAL NUMBER,,분류어,생략
민수차종분류코드,CRKOCCCD,CIVIL REQUIREMENT KIND OF CAR CLASSIFICATION CODE,,분류어,생략
민수품목,CTITM,CIVILIAN TYPE ITEM,,,생략
민심,PPLFLNG,POPULAR FEELINGS,,,생략
민영,PRVMG,PRIVATE MANAGEMENT,,,생략
민영창,CVLDPT,CIVIL DEPOT,민창,,생략
민원,CVLAPL,CIVIL APPEAL,,,생략
민원인,CVAPSN,CIVIL APPEALED PERSON,,,생략
민유지,PRVLND,PRIVATE LAND,,,생략
민자,PVTCPT,PRIVATE CAPITAL,,,생략
민족,ETHNIC,ETHNIC,,,생략
민주,DMCRC,DEMOCRACY,,,생략
민주적,DMCRTC,DEMOCRATIC,,,생략
민주정치,DMTFG,DEMOCRATIC FORM OF GOVERNMENT,,,생략
민주주의,DMCRCY,DEMOCRACY,,,생략
민주평화통일자문회의,ACDPU,ADVISORY COUNCIL ON DEMOCRATIC AND PEACEFUL UNIFIC,,,생략
민주화,DMCRTZ,DEMOCRATIZATION,,,생략
민주화운동,DCRZV,DEMOCRATIZATION MOVEMENT,,,생략
민통선,CVPRSLN,CIVILIAN PASSAGE RESTRICTION LINE,,,생략
밀,WHEAT,WHEAT,,,생략
밀도,DNSTY,DENSITY,,분류어,생략
밀리그램,MG,MILLIGRAM,MG,,생략
밀리리터,ML,MILLILITER,ML,,생략
밀봉,HMSEAL,HERMETIC SEAL,,,생략
밀접,INTMT,INTIMATE,,,생략
밀집,CRWD,CROWD,,,생략
밀항단속법,SACL,STOW-AWAY CONTROL LAW,,,생략
및,N,AND,,,생략
밑그림,RGHSKCH,ROUGH SKETCH,,,생략
밑줄,UDLN,UNDERLINE,,,생략
바깥쪽,OUT,OUTSIDE,,,생략
바늘,NEDL,NEEDLE,NEEDLE,,생략
바닥,FLTPT,FLAT PART,,,생략
바닥면적,FLAR,FLOOR AREA,,,생략
바람,WIND,WIND,,,생략
바로가기,GLAN,GLANCE ,,,생략
바리케이드,BARCAD,BARRICADE,,,생략
바우처,VOUCH,VOUCHERS ,,,생략
바위,ROCK,ROCK,,,생략
바이러스,VIRS,VIRUS,,,생략
바이탈,VITAL,VITALS ,,,생략
바이트,BYTE,BYTE,,,생략
바인더,BNDR,BINDER,,,생략
바지,BARGE,BARGE,"바지선,바지함",,생략
바지능력,BABL,BARGE ABILITY,,,생략
바코드,BARCD,BAR CODE,BARCODE,,생략
바코드번호,BARCDNO,BAR CODENUMBER,,분류어,생략
바퀴,WHEEL,WHEEL,,,생략
바탕,NTR,NATURE,,,생략
바탕,BCKGRD,BACKGROUND,,,생략
박격포,MORT,MORTAR,,,생략
박막,THNFLM,THIN FILM,,,생략
박명,TWLT,TWILIGHT,,,생략
박모,DUSK,DUSK,,,생략
박사,DOCTR,DOCTORATE,,,생략
박수,APPLS,APPLAUSE ,,,생략
박스,BOX,BOX,"BOX,함,상자",,생략
박스번호,BOXNO,BOX NUMBER,,분류어,생략
박스수,BOXQTY,BOX QUANTITY,,,생략
반,SECTN,SECTION,,,생략
반,HLF,HALF,,,생략
반,BAN,BAN,,분류어,생략
반,GRUP,GROUP,,,생략
반격,CNTT,COUNTERATTACK,,,생략
반경,RADS,RADIUS,반지름,분류어,생략
반기,HFYR,HALF YEAR,반년,분류어,생략
반기코드,HFYRCD,HALF YEAR CODE,,분류어,생략
반납,RTN,RETURN,,,생략
반납고지서,WTNTRTN,WRITTEN NOTICE FOR RETURN,,,생략
반납량,RTNQTY,RETURN QUANTITY,반납수량,,생략
반납문서번호,RTNDOCNO,RETURN DOCUMENT NUMBER,,분류어,생략
반납예정번호,RTPRANO,RETURN PREARRANGEMENT NUMBER,,분류어,생략
반납일자,RTNDT,RETURN DATE,반납일,,생략
반납자,RTNPSN,RETURN PERSON,,,생략
반납증빙서,CERTRTN,CERTIFICATE OF RETURN,반납증,,생략
반납증빙서번호,CORNO,CERTIFICATE OF RETURN NUMBER,,분류어,생략
반납지,RTNAR,RETURN AREA,,,생략
반납폐기,RTDU,RETURN DISUSE,,,생략
반납품,RTNITM,RETURN ITEM,반납품목,,생략
반대,RRS,REVERSE,,,생략
반돌격,CNTAT,COUNTERATTACK,,,생략
반땅크,ATTK,ANTI TANK,,,생략
반려,RETN,RETURN,,,생략
반려일자,RETNDT,RETURN DATE,반려일,,생략
반려자,RETNPSN,RETURN PERSON,,,생략
반목,BLCK,BLOCK,,,생략
반복,REPT,REPETITION,,,생략
반사,RFLT,REFLECTION,,,생략
반사기,RFRTR,REFLECTOR,,,생략
반사판,RFLBRD,REFLECT BOARD,,,생략
반소,CRSSC,CROSS ACTION,,,생략
반송,SNDBCK,SEND BACK,,,생략
반송일자,SBDT,SEND BACK DATE,반송일,,생략
반송자,SBPSN,SENDING BACK PERSON,,,생략
반영,RFLTN,REFLECTION,,,생략
반영구,SMPRMN,SEMI PERMANENT,,,생략
반영율,RFLRT,REFLECTION RATE,,,생략
반영일자,RFLTDT,REFLECTION DATE,반영일,,생략
반응,RCTN,REACTION,,,생략
반일,HFDY,HALF DAY,,,생략
반입,TKIN,TAKE IN,,,생략
반입자,TKINPSN,TAKE IN PERSON,,,생략
반입증빙서번호,TIVNO,TAKE IN VOUCHER NUMBER,,분류어,생략
반자동,SMAUTO,SEMI AUTOMATE,,,생략
반장,SCTLDR,SECTION LEADER,,,생략
반제품,HFNSGDS,HALF-FINISHED GOODS,,,생략
반차휴가,HFDYVCT,HALFDAY VACATION,반차,,생략
반창고,ADHSTP,ADHESIVE TAPE,ADHESIVETAPE,,생략
반출,TKOUT,TAKE OUT,,,생략
반출반입,TKINOUT,TAKE OUT AND TAKE IN,,,생략
반출일자,TKOUTDT,TAKE OUT DATE,반출일,,생략
반출입,TKIO,TAKE IN AND TAKE OUT,,,생략
반출자,TKOUTPSN,TAKING OUT PERSON,,,생략
반출증빙서번호,TOVNO,TAKE OUT VOUCHER NUMBER,,분류어,생략
반품,RTNGDS,RETURNING GOODS,,,생략
반환,RTRN,RETURN,리턴,,생략
반환금액구분코드,RAMDCD,RETURN AMOUNT OF MONEY DIVISION CODE,,분류어,생략
받은편지함,RMBX,RECEIVE MAIL BOX,,,생략
받침,BRAKT,BRACKET ,,,생략
발,ROUND,ROUND,,,생략
발,FOOT,FOOT,,,생략
발간,ISSUE,ISSUE,,,생략
발간자,PBLSR,PUBLISHER,,,생략
발견,DSCV,DISCOVERY,,,생략
발견일자,DSCVDT,DISCOVERY DATE,발견일,,생략
발견자,DSCVR,DISCOVERER,,,생략
발광소자,LNSL,LUMINOUS ELEMENT,,,생략
발굴,UNEARTH,UNEARTH,,,생략
발권,NTSS,NOTE ISSUING,,,생략
발급,ISS,ISSUE,발부,,생략
발급비,ISSEXP,ISSUE EXPENSE,,,생략
발급일자,ISSDT,ISSUE DATE,"발급일,발부일,발부일자",,생략
발급자,ISSPSN,ISSUE PERSON,발급권자,,생략
발기인조합,PRJASCT,PROJECTOR ASSOCIATION,,,생략
발령,APNT,APPOINTMENT,,,생략
발령권,APNTAUTH,APPOINTMENT AUTHORITY,발령권한,,생략
발령번호,APNTNO,APPOINTMENT NUMBER,,분류어,생략
발령일자,APNTDT,APPOINTMENT DATE,발령일,,생략
발령자,ANCR,ANNOUNCER,,,생략
발발,OUTBRK,OUTBREAK,,,생략
발발일자,OUTBRKDT,OUTBREAK DATE,발발일,,생략
발병,SICK,SICK,,,생략
발병시기,ONSET,ONSET,,,생략
발병일자,SICKDT,SICK DATE,발병일,,생략
발사,SHOT,SHOT,,,생략
발사가능측면각,SHTPSBASA,SHOT POSSIBILITY ASPECTANGLE,,,생략
발사기,TRMT,SHOT TRANSMITER,,,생략
발사대,LCHR,LAUNCHER,,,생략
발사반,LCHTM,LAUNCHER TEAM,,,생략
발사체,LNCHVCL,LAUNCH VEHICLE,,,생략
발사통제장비,LCEQ,LAUNCHED CONTROLL EQUIPMENT,,,생략
발산,ENSN,EMISSION,,,생략
발생,OCCR,OCCUR,,,생략
발생번호,OCCRNO,OCCUR NUMBER,,분류어,생략
발생수량,OCTY,OCCUR QUANTITY,,,생략
발생시간,OCCRHOUR,OCCUR TIME,,,생략
발생일자,OCCRDT,OCCUR DATE,발생일,,생략
발생주의,ACRLBS,ACCRUAL BASIS,,,생략
발생주의실적원가,ABAC,ACCRUAL BASIS ACTUAL COST,,,생략
발생지,OCRAR,OCCURRENCE AREA,,,생략
발송,SNDNG,SENDING,,,생략
발송구분코드,SNDDVCD,SENDING DIVISION CODE,,분류어,생략
발송량,SNDQTY,SENDING QUANTITY,,,생략
발송문서번호,SNDDOCNO,SENDING DOCUMENT NUMBER,,분류어,생략
발송번호,SNDNGNO,SENDING NUMBER,,분류어,생략
발송부대,SNDUNT,SENDING UNIT,,,생략
발송인,SNDR,SENDER,발송자,,생략
발송일자,SNDDT,SENDING DATE,발송일,,생략
발송지,SNDPLC,SENDING PLACE,,,생략
발수,AMTAMN,AMOUNT OF AMMUNITION,,분류어,생략
발신,SENDNG,SENDING,,,생략
발신인,ADSR,ADDRESSOR,"발신자,발한자",,생략
발신일자,SENDDT,SENDING DATE,발신일,,생략
발신처,SNDOFC,SEND OFFICE,,,생략
발언,RMK,REMARK,,,생략
발연,EMTSM,EMIT SMOKE,,,생략
발연기,SKGTR,SMOKE GENERATOR,,,생략
발열,PYRXIA,PYREXIA,,,생략
발열량,CALVAL,CALORIFIC VALUE,,,생략
발의,PRPSL,PROPOSAL,,,생략
발의일자,PRPSDT,PROPOSAL DATE,발의일,,생략
발의자,PRPSR,PROPOSER,,,생략
발적,RUFCTN,RUBEFACTION,,,생략
발전,GROWTH,GROWTH,,,생략
발전기,GNRTR,GENERATOR,,,생략
발전소,PWPLT,POWER PLANT,,,생략
발주,ORDRG,ORDERING,,,생략
발주기관,ORNT,ORDER INSTITUTION,,,생략
발주및수송시간,OST,ORDER AND SHIPPING TIME,"OST,발주및수송기간",,생략
발주번호,ORDNGNO,ORDERING NUMBER,,분류어,생략
발주일자,ORDRGDT,ORDERING DATE,발주일,,생략
발진,LCH,LAUNCH,,,생략
발진,RASH,RASH,피진,,생략
발착,DRRL,DEPARTURE AND ARRIVAL,,,생략
발췌,EXTRT,EXTRACT,,,생략
발칸포,VLCN,VULCAN,,,생략
발파,BLAST,BLASTING,,,생략
발포,FMG,FOAMING,,,생략
발포기,FMGEQ,FOAMING EQUIPMENT,,,생략
발표,ANC,ANNOUNCEMENT,,,생략
발표일자,ANCDT,ANNOUNCEMENT DATE,발표일,,생략
발행,PUBLCT,PUBLICATION,,,생략
발행가액,IPC,ISSUE PRICE,,,생략
발행관,PBLPSN,PUBLICATION PERSON,,,생략
발행기관,PBLORG,PUBLICATION ORGAN,,,생략
발행번호,PBLNO,PUBLICATION NUMBER,,분류어,생략
발행일자,PBLCDT,PUBLICATION DATE,발행일,,생략
발행자,PBLS,PUBLISHERS,발행인,,생략
발행주식,ISTC,ISSUE STOCK,,,생략
발행증빙서번호,PVNO,PUBLICATION VOUCHER NUMBER,,분류어,생략
발행지,PUBPLC,PUBLICATION PLACE,,,생략
발행처,PBLPLC,PUBLICATION PLACE,,,생략
발화,IGNTN,IGNITION,,,생략
발화장치,IGNDVC,IGNITION DEVICE,,,생략
발효,EFCTN,EFFECTUATION,,,생략
발효명령목록,OTSOL,OUTSTANDING ORDERS LISTS,,,생략
발효명령목록전시,OTSOLR,OUTSTANDING ORDER LIST REVIEW,,,생략
발효지휘통제명령목록,LECCO,LIST OF EFFECTIVE COMMAND AND CONTROL ORDERS,,,생략
발휘,DISP,DISPLAY,,,생략
밝기,BRGT,BRIGHT,,,생략
밝음,BRGHTN,BRIGHTNESS,,,생략
밤번,EVDUT,EVENING DUTY,,,생략
방,ROOM,ROOM,,,생략
방공,AIRDF,AIR DEFENSE,,,생략
방공경계태세코드,ADWATCHCONCD,AIR DEFENSE WATCH CONDITION CODE,,분류어,생략
방공경보,ADW,AIR DEFENSE WARNING,,,생략
방공경보코드,ADWCD,AIR DEFENSE WARNING CODE,,분류어,생략
방공구역,ADSCT,AIR DEFENSE SECTOR,,,생략
방공기지유형코드,AIRBASTYPCD,AIR DEFENSE BASE TYPE CODE,,분류어,생략
방공무기,ADFWP,AIR DEFENCE WEAPONS,,,생략
방공무기통제코드,ADWCDCD,AIR DEFENCE WEAPONS CONTROL STATUS CODE,,분류어,생략
방공작전,ADO,AIR DEFENSE OPERATIONS,,,생략
방공작전용서버,ADSERVER,AIR DEFENCE SERVER,,,생략
방공작전지역,ADOA,AIR DEFENCE OPERATIONS AREA,방공작전구역,,생략
방공작전지역코드,ADOACD,AIR DEFENSE OPERATION AREA CODE,,분류어,생략
방공작전통제소,ADOCP,AIR DEFENSE OPERATION CONTROL POST,,,생략
방공작전통제지역코드,ADOCARCD,AIR DEFENCE OPERATION CONTROL AREA CODE,,분류어,생략
방공지휘통제경보체계,ADC2A,AIR DEFENCE COMMAND CONTROL & ALERT,,,생략
방공탐지출처코드,ADDTSRCCD,AIR DEFENCE DETECTION SOURC,,분류어,생략
방공통제명령,ADCO,AIR DEFENSE CONTROL ORDER,,,생략
방공통제지대코드,ADCZCD,AIR DEFENSE CONTROL ZONE CODE,,분류어,생략
방공포,ADGUN,AIR DEFENSE GUN,,,생략
방공포대,ADABTRY,AIR DEFENSE ARTILLERY BATTERY,,,생략
방공포벨트,ADABELT,AIR DEFENSE ARTILLERY BELT,,,생략
방공포병,ADA,AIR DEFENSE ARTILLERY,,,생략
방공포병대기구분코드,ADASCLCD,AIR DEFENSE ARTILLERY STANDBY CLASSIFICATION CODE,,분류어,생략
방공포병작전,ADAO,AIR DEFENSE ARTILLERY OPERATIONS,,,생략
방공포병작전통제소부호,CONCTRSGN,Control Center Sign,,분류어,생략
방공화망,AIRFRNET,AIR DEFENSE FIRE NET,,,생략
방공훈련,ADX,AIR DEFENSE EXERCISE,,,생략
방독면,GASMSK,GAS MASK,,,생략
방류,DSCHG,DISCHARGE,,,생략
방문,VST,VISIT,,,생략
방문일자,VSTDT,VISIT DATE,방문일,,생략
방문자,VSTR,VISITOR,,,생략
방법,METHD,METHOD,,,생략
방법기술절차,MTPRC,METHOD TECHNOLOGY PROCEDURE,,,생략
방법론,MTHDLGY,METHODOLOGY,,,생략
방벽,BRR,BARRIER,,,생략
방벽형,BRTP,BARRIER TYPE,,,생략
방부,PRSVTFDC,PRESERVATION FROM DECAY,,,생략
방부포장의뢰번호,PFDPRQNO,PRESERVATION FROM DECAY PACKING REQUEST NUMBER,,분류어,생략
방사,RDTN,RADIATION,,,생략
방사능,RDACTV,RADIOACTIVITY,,,생략
방사선,RDATN,RADIATION,,,생략
방사선노출상태코드,RESCD,RDATN EXPSR STATE CODE,,분류어,생략
방사선사,RDLGST,RADIOLOGIST,,,생략
방사선촬영,RDOGRP,RADIOGRAPHY,,,생략
방사선촬영번호,RDOGRPNO,RADIOGRAPHY NUMBER,,분류어,생략
방사선치료,RATR,RADIATION TREATMENT,,,생략
방사선투과검사,IRRDATN,IRRADIATION,방사선검사,,생략
방사성동위원소,RDIS,RADIOACTIVE ISOTOPE,,,생략
방사체,EMTTR,EMITTER,,,생략
방사체코드,EMTTRCD,EMITTER CODE,,분류어,생략
방사통제지역형태코드,RCRSHPCD,RADIATION CONTROL REGION SHAPE CODE,,분류어,생략
방산물자,DFMTR,DEFENSE MATERIAL,방산품,,생략
방산업체,DFINPDR,DEFENSE INDUSTRY PRODUCERS,"방업,방위산업체",,생략
방상내피,WTINRCLTH,WINTER INNER CLOTHES,깔깔이,,생략
방상외피,WTOUTCLTH,WINTER OUTER CLOTHES,,,생략
방송,BRDCST,BROADCASTING,,,생략
방송가두일련번호,BSSNO,BROADCASTING STREET SERIAL NUMBER,,분류어,생략
방수,WTRDRG,WATER-DRAINAGE,,,생략
방수,WTRPRF,WATERPROOF,,,생략
방식,WAY,WAY,,,생략
방안,PLN,PLAN,,,생략
방안좌표,TGCRD,TARGET COORDINATES,방한좌표,,생략
방안지대,GRDZN,GRID ZONE,,,생략
방어,DFNS,DEFENSE,,,생략
방어제공,DCA,DEFENSIVE COUNTER AIR,DCA,,생략
방어준비태세,DEFCON,DEFENSE READINESS CONDITION,데프콘,,생략
방어준비태세코드,DEFCONCD,DEFENSE READINESS CONDITION CODE,,분류어,생략
방어지역,DA,DEFENDED AREA,,,생략
방어지역위협지수,DATIX,DEFENDED AREA THREAT INDEX,,,생략
방역,DSPRVT,DISEASE PREVENTION,,,생략
방열,LAYNG,LAYING,,,생략
방염,FRRST,FIRE RESTRAINT,,,생략
방영,TLVISE,TELEVISE,,,생략
방위,AZMTH,AZIMUTH,,,생략
방위,DEFNS,DEFENSE,,,생략
방위각,AZ,ANGLE AZIMUTH,방위각도,분류어,생략
방위력,DFCP,DEFENSE CAPACITY,,,생략
방위력개선비,CDCI,COST FOR DEFENSE CAPACITY IMPROVEMENT,,,생략
방위력개선사업,DCI,DEFENSE CAPACITY IMPROVEMENTS,,,생략
방위력개선사업품류코드,DCIKICD,DEFENSE CAPACITY IMPROVEMENTS KINDS OF ITEM CODE,,분류어,생략
방위사업청,DAPA,DEFENSE ACQUISITION PROGRAM ADMINISTRATION,"조달본부,방사청,조본",,생략
방위산업,DFIND,DEFENSE INDUSTRY,방산,,생략
방위산업시설,DTRS,DEFENSE INDUSTRY FACILITIES,,,생략
방위산업체,DFRP,DEFANSE ENTERPRISE,,,생략
방위선,LOB,LINE OF BEARING,,,생략
방위세,DFTX,DEFENSE TAX,,,생략
방위지원,DEFS,DEFENSE SUPPORT,,,생략
방위지원본부,DSC,DEFENSE SUPPORT CENTER,,,생략
방위항적관리,BRHSM,BEARINGS HISTORY MANAGEMENT,,,생략
방임,NTFRN,NONINTERFERENCE,,,생략
방재실,CTMTRCT,CENTRAL MONITORING CENTER,,,생략
방전,ELTDCHG,ELECTRIC DISCHARGE,,,생략
방지,PRVTN,PREVENTION,,,생략
방책,COA,COURSE OF ACTION,,,생략
방책번호,COANO,COURSE OF ACTION NUMBER,,분류어,생략
방출,RLS,RELEASE,,,생략
방출지역구분코드,RRDCD,RELEASE REGION DIVISION CODE,,분류어,생략
방치,NGLGNC,NEGLIGENCE,,,생략
방침,PRCPL,PRINCIPLE,,,생략
방탄,BLTPRF,BULLETPROOF,,,생략
방탄벽,BDG,BLINDAGE,,,생략
방탐,DRTFD,DIRECTION FINDING,,,생략
방탐국소,DFOF,DIRECTION FINDING OFFICE,,,생략
방파제,BRKWTR,BREAKWATER,,,생략
방편,EXPDC,EXPEDIENCY,,,생략
방폭,EXPLPRF,EXPLOSION PROOF,,,생략
방한,VSTKOR,VISIT TO KOREA,,,생략
방해,DSTBC,DISTURBANCE,,,생략
방해전파발신기,JMR,JAMMER,,,생략
방향,DRCTN,DIRECTION,,분류어,생략
방향각,VECTANG,VECTORIAL ANGLE,,,생략
방호,PRTCT,PROTECTION,,,생략
방호구역,SECTR,SECTOR,,,생략
방호물,PRTCTR,PROTECTOR,,,생략
방호벽,PRTWLL,PROTECTIVE WALL,,,생략
방호장애물,PRTOBS,PROTECTIVE OBSTACLE,,,생략
방화,FRPRF,FIREPROOF,,,생략
방화문,FRDOOR,FIRE DOOR,,,생략
방화벽,FRWL,FIRE WALL,침입차단시스템,,생략
배,SHIP,SHIP,,,생략
배경,BCKGRND,BACKGROUND,,,생략
배경색,BCKGRCR,BACKGROUND COLOR,,,생략
배경음악,BGDMS,BACKGROUND MUSIC,,,생략
배관,PLBNG,PLUMBING,,,생략
배구,VLLB,VOLLYBALL,,,생략
배구장,VLLBCRT,VOLLEYBALL COURT,,,생략
배기,VTLT,VENTILATION,,,생략
배기량,EGNDSP,ENGINE DISPLACEMENT,,,생략
배길이,SHPLT,SHIP LENGTH,,,생략
배깊이,SHPDP,SHIP DEPTH,,,생략
배꼽,NAVEL,NAVEL,,,생략
배너,BNNR,BANNER,배너광고,,생략
배너비,SHPBT,SHIP BREADTH,,,생략
배뇨,URNTN,URINATION,,,생략
배뇨통,DYSU,DYSURIA,,,생략
배달,DLVRY,DELIVERY,,,생략
배당,ALTMT,ALLOTMENT,,,생략
배당금,DVDND,DIVIDEND,,,생략
배당기일,DNRM,DIVIDEND TERM,,,생략
배당률,DDNRT,DIVIDEND RATE,,,생략
배당변제,PRFMDSTR,PERFORMANCE BY DISTRIBUTION,,,생략
배당소득,DDDC,DIVIDEND INCOME,,,생략
배당자,DVDR,DIVIDER,,,생략
배드민턴,BADM,BADMINTON,,,생략
배드민턴장,BADMCRT,BADMINTON COURT,,,생략
배럴,BBL,BARREL,,,생략
배려,CNSDR,CONSIDER,,,생략
배면,BCKSD,BACK SIDE,,,생략
배변,EVCAT,EVACUATION,,,생략
배부,DSTRBT,DISTRIBUTION,,,생략
배부급여액,DBPAMT,DISTRIBUTION PAY AMOUNT,,,생략
배부번호,DSTRBTNO,DISTRIBUTION NUMBER,,분류어,생략
배부선,DSTBLN,DISTRIBUTION LINE,,,생략
배부자,DSMN,DISTRIBUTION MAN,,,생략
배분,ALTMNT,ALLOTMENT,,,생략
배분일자,ALTMTDT,ALLOTMENT DATE,배분일,,생략
배분자원구분코드,ALTRDVSCD,ALLOTMENT RESOURCE DIVISION CODE,,분류어,생략
배분자원분류코드,ALTRCLCTCD,ALLOTMENT RESOURCE CLASSIFICATION CODE,,분류어,생략
배상,REPRTN,REPARATION,,,생략
배상금,INDNT,INDEMNITIES,"배상금액,배상액",,생략
배상일자,RPRTDT,REPARATION DATE,배상일,,생략
배서,EDSMT,ENDORSEMENT,,,생략
배선,WIRING,WIRING,,,생략
배설,EXCRTN,EXCRETION,,,생략
배설량,EXCRQTY,EXCRETION QUANTITY,,,생략
배속,ATCHMT,ATTACHMENT,,,생략
배속일자,ATCHDT,ATTACHMENT DATE,배속일,,생략
배송,DELVRY,DELIVERY,,,생략
배수,DRNNG,DRAINING,,,생략
배수,MLT,MULTIPLE,,,생략
배수로,DRNDC,DRAIN DITCH,,,생략
배수지,SRVRSV,SERVICE RESERVOIR,,,생략
배수처방,MLPRSCT,MULTIPLE PRESCRIPTION,,,생략
배수탑,WTRTWR,WATER TOWER,,,생략
배수펌프,DRNPMP,DRAINAGE PUMP,,,생략
배액,DISLIQ,DISCHARGE THE LIQUID,,,생략
배양,CLTVT,CULTIVATE,,,생략
배열,ARRAY,ARRAY,,,생략
배우자,MATE,MATE,,,생략
배율,MGNF,MAGNIFICATION,,,생략
배임죄,BFST,BREACH OF TRUST,,,생략
배전,PWDST,POWER DISTRIBUTION,,,생략
배전반,SWTCHBD,SWITCHBOARD,스위치보드,,생략
배점,DSTMRK,DISTRIBUTION OF MARKS,,,생략
배정,ALCT,ALLOCATION,,,생략
배정,APTMT,APPORTIONMENT,,,생략
배정내역통보,AIA,ALLOCATION ITEM ANNOUCEMENT,,,생략
배정번호,ALCTNO,ALLOCATION NUMBER,,분류어,생략
배정예산,APTBGT,APPORTIONMENT BUDGET,,,생략
배정일자,ALCTDT,ALLOCATION DATE,배정일,,생략
배정일자,APTMDT,APPORTIONMENT DATE,배정일,,생략
배정지역,ALTAR,ALLOTMENT AREA,,,생략
배제진단,RODX,RULE OUT DISEASE,,,생략
배차,ALCTCAR,ALLOCATION OF CARS,,,생략
배차실,CARALRM,CAR ALLOCATION ROOM,,,생략
배출,DSCHARG,DISCHARGE,,,생략
배출,PRDC,PRODUCE,,,생략
배출시설,DCHGFC,DISCHARGE FACILITIES,,,생략
배출일자,PRDCDT,PRODUCE DATE,배출일,,생략
배치,ARNG,ARRANGEMENT,,,생략
배치도,LYSKH,LAYOUT SKETCH,,,생략
배틀리듬,BATTLERHYTHM,BATTLE RHYTHM,,,생략
배포,DSTRBTN,DISTRIBUTION,릴리즈,,생략
배포일자,DSTRBDT,DISTRIBUTION DATE,"릴리즈일자,릴리즈일,배포일",,생략
배포자,DSTRBTR,DISTRIBUTOR,,,생략
배포처,POD,PLACE OF DISTRIBUTION,,,생략
배합,CMBNTN,COMBINATION,,,생략
배합전,CMWR,COMBINATION WAR,,,생략
백그라운드,BKGRND,BACKGROUND ,,,생략
백금,PLTNUM,PLATINUM,,,생략
백만,MILION,MILLION,,,생략
백본,BCKBN,BACKBONE,,,생략
백본망,BCKBNNTWK,BACKBONE NETWORK,,,생략
백분율,PCTG,PERCENTAGE,,분류어,생략
백색,WHITE,WHITE,,,생략
백서,WTP,WHITE PAPER,,,생략
백신,VACCINE,VACCINE,,,생략
백업,BCUP,BACKUP,,,생략
백오더,BCKORD,BACK ORDER,"2차주문,후불",,생략
백일해,WHPCGH,WHOOPING COUGH,,,생략
백지식배서,BHC,BLANK CHECK,,,생략
백지어음,BKBL,BLANK BILL,,,생략
백지위임장,BNY,BLANK POWER OF ATTORNEY,,,생략
백합,LLY,LILY,,,생략
백혈구,WBCS,WHITE BLOOD CELLS,,,생략
백화점,DRTS,DEPARTMENT STORE,,,생략
밴드,BNDP,BANDS FOR PACKING SOMETHING,,,생략
밸러스트,BLLST,BALLAST,,,생략
밸브,VLV,VALVE,,,생략
밸브대,SHFT,SHAFT,,,생략
밸브실,VLVRM,VALVE ROOM,,,생략
버너,BURNR,BURNER,,,생략
버섯,MSHRM,MUSHROOM,,,생략
버스,BUS,BUS,,,생략
버전,VER,VERSION,"버젼,VERSION",분류어,생략
버즘나무,PLTNARF,PLATANUS ACERIFOLIA,,,생략
버튼,BTN,BUTTON,,,생략
버튼번호,BTNNO,BUTTON NUMBER,,분류어,생략
버퍼,BUFFER,BUFFER,,,생략
번,TMS,TIMES,,,생략
번,TURN,TURN,,,생략
번역,TRNSL,TRANSLATION,,,생략
번역문,TRNSLSTC,TRANSLATION SENTENCE,,,생략
번지,HSNO,HOUSE NUMBER,,분류어,생략
번호,NO,NUMBER,"NUMBER,NO,NUM",,생략
번호판,NOPLT,NUMBER PLATE,,,생략
번호해안,NOBCH,NUMBERED BEACH,,,생략
벌금,FNE,FINE,,,생략
벌금형,AMCMNT,AMERCEMENT,,,생략
벌레,INSCT,INSECT,,,생략
벌점,PNTP,PENALTY POINTS,,,생략
벌칙,PENLCLS,PENAL CLAUSES,,,생략
범람,FOVR,FLOW OVER,,,생략
범례,EXPNT,EXPLANATORY NOTES,,,생략
범법자,LAWBRK,LAWBREAKER,,,생략
범세계재분배제도,WWRS,WORLDWIDE WAREHOUSE REDISTRIBUTION SERVICE,,,생략
범용,WDUSE,WIDE USE,,,생략
범위,SCOPE,SCOPE,,분류어,생략
범위관리,EXTMNGMT,EXTENT MANAGEMENT,,,생략
범인은닉,CNCOFD,CONCEALMENT OF AN OFFENDER,,,생략
범인은닉죄,OCRM,OFFENSE HARBORING CRIMINAL,,,생략
범장,SAIL,SAIL,,,생략
범죄,CRIME,CRIME,,,생략
범주,CTGR,CATEGORY,카테고리,,생략
범칙,IRFL,INFRINGEMENT OF REGULATIONS,,,생략
법,LW,LAW,,,생략
법규,RGLTN,REGULATIONS,,,생략
법령,STATUTE,STATUTE,,,생략
법률,LAW,LAW,,,생략
법무,JDCAFR,JUDICIAL AFFAIRS,,,생략
법무관,JDCR,JUDICIARY,군법무관,,생략
법원,CRTLAW,A COURT OF LAW,,,생략
법익,BPFLW,BENEFIT AND PROTECTION OF THE LAW,,,생략
법인,CORP,CORPORATION,,,생략
법인등록번호,CRNO,CORPORATION REGISTRATION NUMBER,,분류어,생략
법인세할,PRCTAX,PRO RATA CORPORATION TAX,,,생략
법인해산,DSSRP,DISSOLUTION OF CORPORATION,,,생략
법적,LGL,LEGAL,,,생략
법전,CDFWS,CODE OF LAWS,,,생략
법정,TRBNL,TRIBUNAL,,,생략
법정과실,LFRTS,LEGAL FRUITS,,,생략
법정관리,LEGALMANAGE,LEGAL MANAGEMENT,,,생략
법정기간,SRPRD,STATUTORY PERIOD,,,생략
법정대리,LLRNT,LEGAL REPRESENTATION,,,생략
법정대리인,LGRPS,LEGAL REPRESENTATIVE,,,생략
법정동,LGDONG,LEGAL DONG,,,생략
법정동코드,LGDCD,LEGAL DONG CODE,,분류어,생략
법정리,LEGALLI,LEGAL LI,,,생략
법정이율,LTFTS,LEGAL RATE OF INTEREST,,,생략
법정이자,LEGALINTR,LEGAL INTEREST,,,생략
법정준비금,LRRV,LEGAL RESERVE,,,생략
법정추인,STTNM,STATUTORY CONFIRMATION,,,생략
법제,LGSL,LEGISLATION,,,생략
법조인,JCLCS,JUDICIAL OFFICERS,,,생략
법종,LAWKND,LAW KIND,,,생략
법학,JRSPR,JURISPRUDENCE,,,생략
벙커,BNKR,BUNKER,방카,,생략
벙커형,BKTP,BUNKER TYPE,방카형,,생략
베개,PILW,PILLOW,,,생략
베타카로틴,BTCRTN,BETACAROTIN,,,생략
벡터,VECTOR,VECTOR,,,생략
벤더,VENDOR,VENDOR,,,생략
벤젠,C6H6,BENZENE,,,생략
벤처기업,VNENTR,VENTURE ENTERPRISE,,,생략
벤치,BNCH,BENCH,,,생략
벤치마킹,BM,BENCH MARKING,BM,,생략
벤치테스트,BCTST,BENCH TEST,"BENCH CHECK,벤치체크,BENCH TEST",,생략
벨,BELL,BELL,,,생략
벨리,BELLY,BELLY,,,생략
벼락,THNDBLT,THUNDERBOLT,,,생략
벽,WALL,WALL,,,생략
벽단자,WPRT,WALL PORT,,,생략
벽지,RMTPLC,REMOTE PLACE,,,생략
벽체,WALBD,WALL BODY,,,생략
변경,CHNG,CHANGE,,,생략
변경관리,CHMNGMT,CHANGE MANAGEMENT,,,생략
변경구분,CHGCTG,CHANGE CATEGORY,,,생략
변경대상,CHANGETRGET,CHANGE TARGET,,,생략
변경반영상태코드,CHGRFLCTSACD,CHANGE REFLECTION STATE CODE,,분류어,생략
변경번호,CHNGNO,CHANGE NUMBER,,분류어,생략
변경사유,CHGRSN,CHANGE REASON,,,생략
변경요청번호,CHNRQSNO,CHANGE REQUEST NUMBER,,분류어,생략
변경유형,CNGYP,CHANGE TYPE,,,생략
변경이력,CHGHST,CHANGE HISTORY,,,생략
변경이전,CHGBF,CHANGE BEFORE,,,생략
변경이후,CHGAF,CHANGE AFTER,,,생략
변경일자,CHNGDT,CHANGE DATE,변경일,,생략
변경자,CHGMN,CHANGE MAN,,,생략
변경전,BFCHNG,BEFORE CHANGE,변경이전,,생략
변경전후,BTRHN,BEFORE OR AFTER CHANGE,,,생략
변경지,CHNGPNT,CHANGE POINT,,,생략
변경후,AFCHNG,AFTER CHANGE,변경이후,,생략
변동,FLCT,FLUCTUATION,,,생략
변동이율,FCTINT,FLUCTUATE INTEREST,,,생략
변동일자,FLCTDT,FLUCTUATION DATE,변동일,,생략
변동환율제도,FLERS,FLOATING EXCHANGE RATE SYSTEM,,,생략
변리사,PATATRNY,PATENT ATTORNEY,,,생략
변상,RPRTN,REPARATION,,,생략
변상금,IDMNT,INDEMNITY,"변상금액,변상액",,생략
변상책임,CPSRSP,COMPENSATION RESPONSIBILITY,,,생략
변속기,TRSMSN,TRANSMISSION,,,생략
변수,VRB,VARIABLE,,,생략
변압기,TRSFMR,TRANSFORMER,,,생략
변이,MUTAT,MUTATION,,,생략
변전소,TRNSBS,TRANSFORMER SUBSTATION,,,생략
변제,REPAY,REPAYMENT,,,생략
변조,MOD,MODULATION,,,생략
변질,DEGNRT,DEGENERATION,,,생략
변태설립,ABNINC,ABNORMAL INCORPORATION,,,생략
변화,CHG,CHANGE,,,생략
변환,CVSN,CONVERSION,,,생략
변환기,CNVRTR,CONVERTER,,,생략
별,BY,BY,,,생략
별거,DVRC,DIVORCE,,,생략
별기,SPRGRP,SEPARATE PARAGRAPH,,,생략
별도,SPRWY,SEPARATE WAY,,,생략
별매,SPSAL,SEPARATE SALE,,,생략
별명,NCKNM,NICKNAME,,,생략
별정,SPSVC,SPECIAL SERVICES,,,생략
별정계좌구분코드,SPADCD,SPECIAL SERVICES ACCOUNT DIVISION CODE,,분류어,생략
별정직,PSSPSVC,POSITION IN SPECIAL SERVICES,,,생략
별정통신사업,SCTS,SPECIAL CATEGORY TELECOMMUNICATIONS SERVICE,,,생략
별지,APPNX,APPENDIX,,,생략
별첨,ICLNT,INCLOSURE,,,생략
별치,SPCKPG,SPECIAL KEEPING,,,생략
별칭,ALIAS,ALIAS,,,생략
병,CMSLD,COMMON SOLDIER,,,생략
병과,BR,BRANCH OF SERVICE,,,생략
병과부호,BRSIGN,BRANCH OF SERVICE SIGN,,분류어,생략
병과장,BRHD,BRANCH OF SERVICE HEAD,,,생략
병과직군그룹코드,BRENTGCD,BRANCH OF SERVICE ENTRY GROUP CODE,,분류어,생략
병과직군코드,BRENTCD,BRANCH OF SERVICE ENTRY GROUP CODE,,분류어,생략
병과코드,BRCD,BRANCH OF SERVICE CODE,,분류어,생략
병기,ORDNC,ORDNANCE,,,생략
병기폭발물처리,EOD,EXPLOSIVE ORDNANCE DISPOSAL,EOD,,생략
병동,WARD,WARD,,,생략
병동코드번호,WARDCDNO,WARDCODE NUMBER,,분류어,생략
병력,HX,HISTORY,HX,,생략
병력,MILPW,MILITARY POWER,,,생략
병력동원,PSNMB,PERSONNEL MOBILIZATION,,,생략
병력수,MILNUM,MILITARY POWER NUMBER,,분류어,생략
병력장비편제코드,MEQORGCD,MILITARY POWER AND EQUIPMENT ORGANIZATION CODE,,분류어,생략
병력피해원인구분코드,MILPDCASCD,MILITARY POWER DAMAGE CAUSE SECTION CODE,,분류어,생략
병렬,PRLL,PARALLEL,,,생략
병리,PTHLG,PATHOLOGY,,,생략
병리번호,PTHLGNO,PATHOLOGYNUMBER,,분류어,생략
병리블록,PTHLGBLCK,PATHOLOGY BLOCK,,,생략
병리슬라이드,PTHLGSLID,PATHOLOGY SLIDE,,,생략
병명,NMDS,NAME OF DISEASE,,,생략
병무,MLTAF,MILITARY AFFAIRS,,,생략
병무청,MMA,THE OFFICE OF MILITARY MANPOWER ADMINISTRATION,,,생략
병반,THDCLS,THIRD CLASS,,,생략
병사,ENLSTMN,ENLISTED MAN,사병,,생략
병사신체검사구분코드,ENLPHEXDVSCD,ENLISTED MAN PHYSICAL EXAMINATION  DIVISION CODE,,분류어,생략
병사신체검사신체등위코드,ENLPHEXBRTCD,ENLISTED MAN PHYSICAL EXAMINATION BODY RATING CODE,,분류어,생략
병사신체검사판정결과코드,ENLPHEXJGRCD,ENLISTED MAN PHYSICAL EXAMINATION JUDGMENT RESULT CODE,,분류어,생략
병사신체검사판정코드,ENLPHEXJMTCD,ENLISTED MAN PHYSICAL EXAMINATION JUDGMENT CODE,,분류어,생략
병상,SCKBD,SICKBED,,,생략
병상일지,SKBDRCD,SICKBED RECORD,,,생략
병실,SRM,SICKROOM,,,생략
병실차액,SMDAT,SICKROOM DIFFERENCE AMOUNT,,,생략
병실코드번호,SRMCODENO,SICKROOMCODE NUMBER,,분류어,생략
병역,MILSVC,MILITARY SERVICE,,,생략
병역코드,MSCD,MILITARY SERVICE CODE,,분류어,생략
병영,BRCK,BARRACKS,,,생략
병영기본기획서,MSTPLN,MASTER PLAN,,,생략
병영도서관,BRCKLBRRY,BARRACK LIBRARY,,,생략
병영생활,AYL,ARMY LIFE,,,생략
병영시설,MILFCL,MILITARY FACILITY,,,생략
병용,USJNT,USING JOINTLY,,,생략
병용약품,JNTMED,JOINT MEDICINE,,,생략
병원,HSPT,HOSPITAL,,,생략
병원부서,HDPT,HOSPITAL DEPARTMENT,,,생략
병원부서번호,HDPTNO, HOSPITAL  DEPT NUMBER,,분류어,생략
병원유형코드,HSPTLTYPCD,HOSPITAL TYPE CODE,,분류어,생략
병원장,DRTHSP,THE DIRECTOR OF HOSPITAL,,,생략
병장,SGNT,SERGEANT,,,생략
병적,MILREG,MILITARY REGISTER,병적지,,생략
병적,ABNM,ABNORMAL,,,생략
병적지,ANAR,ABNORMAL AREA,,,생략
병종,BRNARMY,BRANCH OF THE ARMY,,,생략
병종사태,SRLS,SITUATION UNDER CLASS C,,,생략
병종코드,ASPCD,ARMS SPECIALTIES CODE,,분류어,생략
병참,QM,QUARTERMASTER,,,생략
병참선,LOC,LINE OF COMMUNICATION,,,생략
병참시설구분코드,QMINSTLDVCD,QUARTERMASTER INSTALLATION DIVISION CODE,,분류어,생략
병참지대,CMNZN,COMMUNICATION ZONE,,,생략
병특기코드,CMSLDSPCLTCD,COMMON SOLDIER SPECIALITY CODE,,분류어,생략
병합,MRGE,MERGE,,,생략
병행,PRLD,PARALLED,,,생략
보,PPR,PAPER,,,생략
보간,INTPLTN,INTERPOLATION,,,생략
보강,RINF,REINFORCEMENT,,,생략
보건소,HCET,HEALTH CENTER,,,생략
보고,RPT,REPORT,,,생략
보고구분코드,RRPTDVSCD,REPORT DIVISION CODE,,분류어,생략
보고번호,RPTNO,REPORT NUMBER,,분류어,생략
보고서,RPRT,REPORT,"레포트,리포트",,생략
보고서번호,REPTNO,REPORT NUMBER,,분류어,생략
보고서우선순위코드,RPTPRICD,REPORT PRIORITY CODE,,분류어,생략
보고서종류코드,RPTKNCD,REPORT KIND CODE,,분류어,생략
보고수단코드,RPTMNSCD,RPT MEANS CODE,,분류어,생략
보고예정시간,RPAGTM,REPORT PREARRANGEMENT TIME,,,생략
보고일자,RPTDT,REPORT DATE,보고일,,생략
보고자,BRFR,BRIEFER,,,생략
보고자료,RPTDATA,REPORT DATA,,,생략
보관,CSTD,CUSTODY,,,생략
보관료,CHGSTD,CHARGE FOR CUSTODY,보관비,,생략
보관소,DPSTRY,DEPOSITORY,,,생략
보관시료,CSTSMP,CUSTODY SAMPLE ORE,,,생략
보관증,CERTCSTD,CERTIFICATE OF CUSTODY,,,생략
보관증빙서번호,CVNO,CUSTODY VOUCHER NUMBER,,분류어,생략
보관처,KPO,KEEPING OFFICE,,,생략
보관함,LOCKER,LOCKER,,,생략
보관환,CSTCVS,CUSTODY CONVERSION,,,생략
보국훈장,ONSMT,ORDER OF NATIONAL SECURITY MERIT,,,생략
보궐선거,ECCNY,ELECTION TO FILL A VACANCY,,,생략
보급,SPPL,SUPPLY,,,생략
보급거래,SPLTRAN,SUPPLY TRANSACTION,,,생략
보급거래기록대장,SPLTRSREG,SUPPLY TRANSACTION REGISTER,,,생략
보급거래선,SPLCNTN,SUPPLY CONNECTION,,,생략
보급거래품목번호,STITMNO,SUPPLY TRANSACTION ITEM NUMBER,,분류어,생략
보급관리분석,SMA,SUPPLY MANAGEMENT ANALYSIS,,,생략
보급기능코드,SFNCD,SUPPLY FUNCTION CODE,,분류어,생략
보급단위구분코드,SPUIDVCD,SUPPLY UNIT DIVISION CODE,,분류어,생략
보급로,SPLRT,A SUPPLY ROUTE,,,생략
보급로구분코드,SRDCD,SUPPLY ROUTE DIVISION CODE,,분류어,생략
보급목적그룹코드,SOGRPCD,SUPPLY OBJECTIVE GROUP CODE,,분류어,생략
보급목적코드,SOCD,SUPPLY OBJECTIVE CODE,,분류어,생략
보급선,CMSLN,COMMISSARY LINE,,,생략
보급소,SPLPNT,SUPPLY POINT,,,생략
보급소분배,SPDSTR,SUPPLY POINT DISTRIBUTION,,,생략
보급소요,SPLRQM,SUPPLY REQUIREMENT,,,생략
보급소인가저장및선정품목철,DASIFSSI,DEPOT AUTHORIZED STOCKAGE ITEM FILE AND SHOP STORE ITEM,,,생략
보급수준,SPLV,SUPPLY LEVEL,재고수준,,생략
보급수준소요,SPLVRQM,SUPPLY LEVEL REQUIREMENT,,,생략
보급원하자,DFSOS,DEFECT IN THE SOURCE OF SUPPLY,,,생략
보급유,SPPDOIL,SUPPLIED OIL,,,생략
보급일자,SPPLDT,SUPPLY DATE,보급일,,생략
보급제도,SPLSYS,SUPPLY SYSTEM,,,생략
보급조치율,SPLACTRT,SUPPLY ACTION RATIO,,,생략
보급조치코드,SACD,SUPPLY ACTION CODE,,분류어,생략
보급지원,SPLSPT,SUPPLY SUPPORT,,,생략
보급지원부대,SSU,SUPPLY SUPPORT UNIT,,,생략
보급지원율,SPLSPTRT,SUPPLY SUPPORT RATIO,,,생략
보급창,SPLDP,SUPPLY DEPOT,,,생략
보급통제기관,SCD,SUPPLY CONTROL DEPARTMENT,,,생략
보급품,SPLS,SUPPLIES,,,생략
보급품검사결과코드,SIRCD,SUPPLIES INSPECTION RESULT CODE,,분류어,생략
보급현황통보,SPLSTS,SUPPLY STATUS,,,생략
보급효율,SPLEFC,SUPPLY EFFICIENCY,,,생략
보기,EXMPL,EXAMPLE,,,생략
보낸편지함,SMBX,SEND MAIL BOX,,,생략
보도,NEWS,NEWS,,,생략
보류,RSVT,RESERVATION,유보,,생략
보류일자,RSVTDT,RESERVATION DATE,"보류일,유보일자,유보일",,생략
보리,BARLEY,BARLEY,,,생략
보물,TRSURE,TREASURE,,,생략
보박,ANCHRG,ANCHORAGE,,,생략
보병,IFTRY,INFANTRY,,,생략
보상,CPSTN,COMPENSATION,,,생략
보상금,CPSMN,COMPENSATION MONEY,"보상액,보상금액",,생략
보상등급코드,CMPSTNGCD,COMPENSATION GRADE CODE,,분류어,생략
보상비,CPSRT,COMPENSATION RATIO,,,생략
보상책임,LFCPS,LIABILITY FOR COMPENSATION,,,생략
보석,JEWEL,JEWEL,,,생략
보선사무소,AOKNR,ATTACHMENT ORGAN OF KOREAN NATIONAL RAILROAD,,,생략
보세,BNDD,BONDED,,,생략
보세운송,BNDTRS,BONDED TRANSPORTATION,,,생략
보세창고,BNDWHS,BONDED WAREHOUSE,,,생략
보수,RPR,REPAIR,,,생략
보수,RWRD,REWARD,,,생략
보수공사,RPRWRK,REPAIR WORK,,,생략
보수세척번호,RCNO,REPAIR CLEANSING NUMBER,,분류어,생략
보수월액,MRWAMT,MONTHLY REWARD AMOUNT,,,생략
보수일자,RPRDT,REPAIR DATE,보수일,,생략
보수자,MENDER,MENDER,,,생략
보식,RPLNT,REPLANTING,,,생략
보안,SCRTY,SECURITY,,,생략
보안등급,SCRGRD,SECURITY GRADE,,,생략
보안면,FACSHD,FACE SHIELD,,,생략
보안처분,HFLRY,HANDLING OF PUBLIC SECURITY,,,생략
보안측정,SCRMSMT,SECURITY MEASUREMENT,,,생략
보온,HTINTN,HEAT INSULATION,,,생략
보온재,LGGMTR,LAGGING MATERIALS,,,생략
보완,RPLTN,REPLETION,,,생략
보완요청,REREQ,REPLETION REQUEST,,,생략
보완자료,REDTA,REPLETION DATA,,,생략
보유,HLDG,HOLDING,,,생략
보유기관,PSSINSTT,POSSESSION INSTITUTION,,,생략
보유기준상향,HSUP,HOLD STANDARD UPWORD,,,생략
보유기준하향,HSDN,HOLD STANDARD DOWNWARD,,,생략
보유량,HLDAMT,HOLDING AMOUNT,보유수량,분류어,생략
보유자,HOLDER,HOLDER,,,생략
보육,NRTR,NURTURE,,,생략
보일러,BOILR,BOILER,,,생략
보임,APPNT,APPOINTMENT,,,생략
보임일자,APPNTDT,APPOINTMENT DATE,보임일,,생략
보장,GRTE,GUARANTEE,,,생략
보장구,EQMHPDS,EQUIPMENT FOR HELPING THE DISABLED,,,생략
보장성보험,GRCI,GUARANTEE CHARACTER INSURANCE,,,생략
보장형품목,ITITM,INSURANCE TYPE ITEM,,,생략
보전,RECOUP,RECOUP,,,생략
보전,PRSV,PRESERVATION,,,생략
보전비,RCPCST,RECOUP COST,보전비용,,생략
보정,CRCTN,CORRECTION,,,생략
보정계수,CRCFCT,CORRECTION FACTOR,,,생략
보조,ASSTC,ASSISTANCE,,,생략
보조간선도로,SBMROD,SUB MAIN ROAD,,,생략
보조금,SBSD,SUBSIDY,보조금액,,생략
보조기관,SUBAGNCY,SUBAGENCY,,,생략
보조기구,ASAP,ASSISTANCE APPARATUS,,,생략
보조동력장치,APU,AUXILIARY POWER UNIT,,,생략
보조물,SPLMTR,SUPPLEMENTARY MATERIALS,,,생략
보조발전기,AUXGNR,AUXILIARY GENERATOR,,,생략
보조연료탱크,DPTK,DROPTANK,DROPTANK,,생략
보조자,ASSTNT,ASSISTANT,,,생략
보조자료,ASTDTA,ASSISTANCE DATA,,,생략
보조장부,SPACBK,SUPPLEMENTARY ACCOUNT BOOK,보조부,,생략
보조전술창,AXLTW,AUXILIARY TACTICAL WINDOW,,,생략
보존,PRSVT,PRESERVATION,,,생략
보존등기,PRSVRGST,PRESERVATION REGISTRATION,,,생략
보존식,PRVFD,PRESERVED FOOD,,,생략
보좌,ASSTNC,ASSISTANCE,,,생략
보좌관,AIDE,AIDE,,,생략
보좌기관,ADINSTN,AID INSTITUTION,,,생략
보증,GURNTE,GUARANTEE,,,생략
보증금,SCRMN,SECURITY MONEY,보증금액,,생략
보증금구분코드,SCRMNDVCD,SECURITY MONEY DIVISION CODE,,분류어,생략
보증기간,TRMGRT,TERM OF GUARANTEE,,,생략
보증료,GRTFEE,GUARANTEE FEE,,,생략
보증보험,GRTINSR,GUARANTEE INSURANCE,,,생략
보증부월세,GRNTMR,GUARANTEED MONTH RENT,,,생략
보증서,WRTGRT,WRITTEN GUARANTEE,보증문,,생략
보증수단종류코드,GMKCD,GUARANTEE MEANS KIND CODE,,분류어,생략
보증수표,CTDCH,CERTIFIED CHECK,,,생략
보증인,GURNTR,GUARANTOR,,,생략
보증인번호,GRTRNO,GUARANTOR NUMBER,,분류어,생략
보증일자,GRTDT,GUARANTEE DATE,보증일,,생략
보증주,GDTK,GUARANTEED STOCK,,,생략
보증채무,SRTOBL,SURETY OBLIGATIONS,,,생략
보직,DTASM,DUTY ASSIGNMENT,,,생략
보직명령,DASORD,DUTY ASSIGNMENT ORDER,,,생략
보직변경,DACG,DUTY ASSIGNMENT CHANGE,,,생략
보직일자,DTASMDT,DUTY ASSIGNMENT DATE,보직일,,생략
보직자,APNTPSN,APPOINTED PERSON,,,생략
보직희망서,DAHDOC,DUTY ASSIGNMENT HOPE DOCUMENT,,,생략
보철,SPLMNT,SUPPLEMENT,,,생략
보철구,PRSTHS,PROSTHESIS,,,생략
보청기,HRAD,HEARING AID,,,생략
보초,SENTRY,SENTRY,,,생략
보충,SPLMT,SUPPLEMENT,,,생략
보충대,SPPMN,SUPPLEMENTATION,,,생략
보충률,SPLMRT,SUPPLEMENTARY RATE,보충율,,생략
보충병,RSVIST,RESERVIST,,,생략
보충소요,SPLMRQM,SUPPLEMENT REQUIREMENTS,,,생략
보충소집,RECAL,RECALL,,,생략
보충역,RSVSTS,RESERVIST STATUS,,,생략
보충일자,SPLMDT,SUPPLEMENT DATE,보충일,,생략
보충청구,RPLDMD,REPLACEMENT DEMAND,,,생략
보칙,SPLRUL,SUPPLEMENTARY RULES,,,생략
보통,ORDNR,ORDINARY,,,생략
보통교부세,GNLSBD,GENERAL SUBSIDY,,,생략
보통역,ORDSTN,ORDINARY STATION,,,생략
보통주,ONSK,ORDINARY STOCK,,,생략
보통침목,RGLSLP,REGULAR SLEEPER,,,생략
보편적,UNIVRSL,UNIVERSAL,,,생략
보합,STDNS,STEADINESS,,,생략
보행,WLKNG,WALKING,,,생략
보행자,PDSTRN,PEDESTRIAN,,,생략
보험,ISRC,INSURANCE,,,생략
보험가액,ISRBV,INSURABLE VALUE,,,생략
보험가입금액,ISRAMT,INSURANCE AMOUNT,보험가입금,,생략
보험계약자,PLCHLDR,POLICYHOLDER,,,생략
보험금,ISRMN,INSURANCE MONEY,보험금액,,생략
보험기간,TRMINRD,TERM INSURED,,,생략
보험대위,SYNRR,SUBROGATION BY INSURER,,,생략
보험료,ISRB,INSURANCE BILL,,,생략
보험부보,TKNGINSR,TAKING OUT AN INSURANCE,,,생략
보험요율,PREMRT,PREMIUM RATE,,,생략
보험자,INSR,INSURER,,,생략
보험증권,INSPLC,INSURANCE POLICY,,,생략
보험증권번호,INSPLCNO,INSURANCE POLICY NUMBER,,분류어,생략
보험환자,ISTNT,INSURED PATIENT,,,생략
보험회사,INSRCO,INSURANCE COMPANY,보험사,,생략
보호,PRTCTN,PROTECTION,,,생략
보호경,GOGGLES,GOGGLES,,,생략
보호구,PTOUTF,PROTECTIVE OUTFIT,,,생략
보호수,NRSTR,NURSE TREE,,,생략
보호자,PRTTR,PROTECTOR,,,생략
보호표적,PRTG,PROTECTED TARGET,,,생략
보훈,PTVTAFR,PATRIOTS AND VETERAN AFFAIRS,,,생략
보훈번호,PVANO,PATRIOTS AND VETERAN AFFAIRS NUMBER,,분류어,생략
보훈부담,PVBD,PATRIOTS AND VETERAN AFFAIRS BURDEN,,,생략
보훈청구,PVREQ,PATRIOTS AND VETERAN AFFAIRS REQUISITION,,,생략
복,PLRL,PLURAL,,,생략
복구,RCVRY,RECOVERY,,,생략
복구목표코드,RECGOCD,RECOVERY GOAL CODE,,분류어,생략
복구부대,RCVFC,RECOVERY FORCE,,,생략
복구상태코드,RCVRYSCD,RECOVERY STATE CODE,,분류어,생략
복구성,RPABL,REPAIRABLE,,,생략
복구성품목,RPRITM,REPAIRABLE ITEM,재생가능품,,생략
복구성품목코드,RPRITMCD,REPAIRABLE ITEM CODE,,분류어,생략
복귀,CMBK,COMEBACK,,,생략
복귀일자,CMBKDT,COMEBACK DATE,복귀일,,생략
복귀자,RTNE,RETURNEE,,,생략
복도,CRRDPR,CORRIDOR,,,생략
복리,CMPNINT,COMPOUND INTEREST,,,생략
복리후생비,FRGBNF,FRINGE BENEFIT,,,생략
복무,SVC,SERVICE,,,생략
복무결과,SVCRS,SERVICE RESULT,,,생략
복무구분코드,SVCDVCD,SERVICE DIVISION CODE,,분류어,생략
복무기간,SVCPRD,SERVICE PERIOD,,,생략
복무기간진행상태구분코드,SPPSCD,SERVICE PERIOD PROGRESS STATE CODE,,분류어,생략
복무년수,SVCYR,SERVICE YEAR,,,생략
복무연장,EXOELT,EXTENSION OF ENLISTMENT,,,생략
복무종류코드,SKCD,SERVICE KIND CODE,,분류어,생략
복무확인서,SVCDOC,SERVICE CONFIRMATION DOCUMENT,,,생략
복본,SPCP,SEPARATE COPIES,복분,,생략
복부,ABDM,ABDOMEN,,,생략
복부팽만,ABDMDT,ABDOMINAL DISTENTION,,,생략
복사,COPY,COPY,,,생략
복사폭풍,RTNSTM,RADIATION STORM,,,생략
복선궤도,DBLTRK,DOUBLE TRACK,복선,,생략
복수,PLURL,PLURAL,,,생략
복수레이더추적모드,MTRTM,MULTI RADAR TRACKING MODE,,,생략
복수예비가격,PLRSPRC,PLURAL RESERVE PRICE,복수예비가,,생략
복식,DTN,DRESS AND ITS ORNAMENT,,,생략
복식부기,DEBK,DOUBLE ENTRY BOOK KEEPING,,,생략
복안,PRCPN,PRECONCEIVED PLAN,,,생략
복용,TKMDC,TAKING MEDICINE,복약,,생략
복용방법코드번호,TKMDCMCDNO,TAKING MEDICINEMETHODCODE NUMBER,,분류어,생략
복원,DMBZT,DEMOBILIZATION,,,생략
복위,ABCR,ABDOMINAL CIRCUMFERENCE,,,생략
복잡,CMPLCTD,COMPLICATED,,,생략
복장,ATR,ATTIRE,,,생략
복적,RNSOFM,REINSTATED IN ONE´S ORIGINAL FAMILY,,,생략
복제,RPRDC,REPRODUCE,,,생략
복제,CSTM,COSTUME,,,생략
복제규정,UNFRGL,UNIFORM REGULATION,,,생략
복지,WLFR,WELFARE,,,생략
복지관,CMMRLCT,COMMUNITY RELIEF CENTER,,,생략
복직,REINSAT,REINSTATEMEN,,,생략
복차로,DBRD,DOUBLE ROAD,,,생략
복토,CWTH,COVERING WITH SOIL,,,생략
복통,ABDPAIN,ABDOMINAL PAIN,,,생략
복학,RTNSCHL,RETURN SCHOOL,,,생략
복합,CPSTNS,COMPOSITENESS,,,생략
복합운송,CBTRS,COMBINED TRANSPORT,,,생략
복합운송선하증권,MTBL,MULTIMODEL TRANSPORT BILL OF LADING,,,생략
복합전,CW,COMPOSITE WARFARE,,,생략
복합회전,CRTT,COMPLEX ROTATION,,,생략
복호화,DCRYPT,DECRYPTION,,,생략
본,ORIGNL,ORIGINALLY,,,생략
본거지,STRHLD,STRONGHOLD,근거지,,생략
본과목   ,ORGSBJ,ORIGINALLY SUBJECT,,,생략
본관,OAH,ONES ANCESTRAL HOME,관향,,생략
본교,PCPSKL,PRINCIPAL SCHOOL,,,생략
본디,ORGNL,ORIGINALLY,원래,,생략
본문,BDBK,THE BODY OF A BOOK,,,생략
본번,FSTNO,THE FIRST NUMBER,,분류어,생략
본부,HQ,HEADQUARTERS,,,생략
본부구분코드,HQDVSCD,HEADQUARTERS DIVISION CODE,,분류어,생략
본부장,GNMGR,THE GENERAL MANAGER,,,생략
본사,HDOFC,HEAD OFFICE,,,생략
본서,PRNOFC,PRINCIPAL OFFICE,,,생략
본선인도조건,FOB,FREE ON BOARD,FOB,,생략
본선적부도,BAYPLAN,BAYPLAN,,,생략
본성,ORGNTR,ORIGINAL NATURE,,,생략
본세,MNTX,MAIN TAX,,,생략
본수,BSU,BONSU,,,생략
본안,ORIBL,ORIGINAL BILL WHICH IT SEES,,,생략
본예산,MNBGT,MAIN BUDGET,,,생략
본원,ONEORG,ONE`S ORGANIZATION,,,생략
본인,INPSN,IN PERSON,,,생략
본인부담,OSFBD,ONESELF BURDEN,,,생략
본인부담금,ONSLFCRG,ONESELF CHARGE,"본인부담금액,본인부담액",,생략
본인부담금구분,ONSLFCRGDV,ONESELF CHARGE DIVISION,,,생략
본인부담금면제,OSEXM,ONESELF BURDEN EXEMPTION,,,생략
본인부담금상한,OSUP,ONESELF BURDEN UPPER LIMIT,,,생략
본인부담금초과,OSEXC,ONESELF BURDEN EXCESS,,,생략
본인부담율,ONSLFCRGRT,ONESELF CHARGE RATE,,,생략
본인부담환급금,ONSCHRFD,ONESELF CHARGE REFUND,"본인부담환급액,본인부담환급금액",,생략
본적지,LGDMCL,ONE`S LEGAL DOMICILE,본적,,생략
본점,MNSHP,MAIN SHOP,,,생략
본조,BSCBGT,BASIC BUDGET,,,생략
본질,TRUNAT,TRUE NATURE,,,생략
본체,MNFRM,MAIN FRAME,,,생략
본회,PSNMT,PRESENT MEETING,,,생략
볼,BALL,BALL,,,생략
볼링장,BWLAL,BOWLING ALLEY,,,생략
볼밸브,BLVLV,BALL VALVE,,,생략
볼트,VOLT,VOLT,,,생략
볼트,BOLT,BOLT,,,생략
봄,SPRG,SPRING,,,생략
봉급,SALR,SALARY,,,생략
봉사,SRVC,SERVICE,,,생략
봉쇄,BLKADE,BLOCKADE,,,생략
봉안,ENSHRN,ENSHRINE,,,생략
봉인,SLNG,"SEAL, SEALING",,,생략
봉착,ENCNTR,ENCOUNTER,,,생략
봉투,ENVLP,ENVELOPE,,,생략
부,CPY,COPY,,,생략
부,SUB,SUB,"서브,SUB",,생략
부,DEPART,DEPARTMENT,,,생략
부가,ADD,ADD,,,생략
부가가치,ADDVAL,ADDED VALUE,,,생략
부가가치세,VAT,VALUE ADDED TAX,,,생략
부가금,PRIMG,PRIMAGE,,,생략
부가물,APND,APPENDAGE,,,생략
부가서비스,ADISVC,ADDITION SERVICE,,,생략
부가세,ADDTX,ADDITIONAL TAX,,,생략
부가정수,AL,ADDITIVE LEVEL,,,생략
부검,ATPSY,AUTOPSY,,,생략
부결,RJCTN,REJECTION,,,생략
부과,IMPSTN,IMPOSITION,,,생략
부과금,DUES,DUES,"부과액,부과금액",,생략
부관,LTNT,LIEUTENANT ,,,생략
부관감실,HRSDPT,HUMAN RESOURCE SPECIAL DEPARTMENT,,,생략
부관리자,SMG,SUB MANAGER,,,생략
부교,FB,FLOATING BRIDGE,,,생략
부근,VIC,IN THE VICINITY OF,,,생략
부기,BKPNG,BOOKKEEPING,,,생략
부기등기,CTGT,CODICIL TO A REGISTRATION,,,생략
부내,INDEPT,INTERNAL DEPARTMENT,,,생략
부녀자,WMGR,WOMEN AND GIRLS,,,생략
부담,BDN,BURDEN,,,생략
부담금,BDNMN,BURDEN MONEY,"부담금액,부담액",,생략
부담당자,SHFCR,SUB CHARGE OFFICER,,,생략
부담부증여,GBCRS,GIFT SUBJECT TO CHARGES,,,생략
부담자,BDNPSN,BURDENED PERSON,,,생략
부당,INJST,INJUSTICE,,,생략
부당이득,UNJENR,UNJUST ENRICHMENT,,,생략
부대,INCDT,INCIDENTAL,,,생략
부대,UNIT,UNIT,,,생략
부대간전환,UNTCVS,UNIT BETWEEN CONVERSION,,,생략
부대계획,UNTPLN,UNIT PLAN,,,생략
부대계획번호,UNTPNO,UNIT PLAN NUMBER,,분류어,생략
부대관리,UMGT,UNIT MANAGEMENT,,,생략
부대관리요원,UMPSN,UNIT MANAGEMENT PERSONNEL,,,생략
부대규모코드,UNTSCLCD,UNIT SCALE CODE,,분류어,생략
부대방호태세,FCPRTCND,FORCE PROTECTION CONDITION,,,생략
부대보충,UNTRPL,UNIT REPLACEMENT,,,생략
부대부서장코드,UNTCMDCD,UNIT COMMANDER CODE,,분류어,생략
부대분배,UNTDST,UNIT DISTRIBUTION,,,생략
부대비용,ACSCST,ACCESSORIAL COST,부대비,,생략
부대상태구분코드,UNTSTDVCD,UNIT STATE DIVISION CODE,,분류어,생략
부대성격그룹코드,UCGCD,UNIT CHARACTER GROUP CODE,,분류어,생략
부대성격코드,UCCD,UNIT CHARACTER CODE,,분류어,생략
부대수리부속품,ORGRPRPT,ORGANIZATION REPAIR PARTS,,,생략
부대시설,SBSFCL,SUBSIDIARY FACILITIES,,,생략
부대여비,UTEXP,UNIT TRAVELING EXPENSES,,,생략
부대예비품,UR,UNIT RESERVES,,,생략
부대운영비,UOE,UNIT OPERATIONAL EXPENSES,,,생략
부대원,CORPMN,CORPSMAN,,,생략
부대유형코드,UTCD,UNIT TYPE CODE,,분류어,생략
부대이동,TRPMV,TROOP MOVEMENT,,,생략
부대이동형태구분코드,TROPMVTYCD,TROOP MOVEMENT SHAPE SECTION CODE,,분류어,생략
부대일련번호,UNTSN,UNIT SERIAL NUMBER,,분류어,생략
부대임무수행상태코드,TRMSTCD,TROOP MISSION STATUS CODE,,분류어,생략
부대장,UNTCMD,UNIT COMMANDER,,,생략
부대장,UNTFNR,UNIT FUNERAL,,,생략
부대장경,UNTITVL,UNIT INTERVAL,,,생략
부대장비,UE,UNIT EQUIPMENT,,,생략
부대전개대형구분코드,UNITDPFORCD,UNIT DEPLOYMENT FORMATION SECTION CODE,,분류어,생략
부대정비,ORGMTN,ORGANIZATIONAL MAINTENANCE,,,생략
부대정비수집소,UMCP,UNIT MAINTENANCE COLLECTION POINT,,,생략
부대조달,UPRC,UNIT PROCUREMENT,,,생략
부대조달급식구매요구번호,UPMSPDNO,UNIT PROCUREMENT MEAN SERVICE PURCHASE DEMAND NUMBER,,분류어,생략
부대조달상업수시구매,AOG,AIRCRAFT ON THE GROUND,AOG,,생략
부대창설근거코드,UTESTBSCD,UNIT ESTABLISHMENT BASIS CODE,,분류어,생략
부대코드,UC,UNIT CODE,,분류어,생략
부대편성,UNTORG,UNIT ORGANIZATION,,,생략
부대편제코드,UNTORGCD,UNIT ORGANIZATION CODE,,분류어,생략
부대평가,UNITEVL,UNIT EVALUATION,,,생략
부대평가서,UASRPT,UNIT ASSESSMENT REPORT,,,생략
부대현황,UNITSTS,UNIT PRESENT STATUS,,,생략
부대훈련,UNTTR,UNIT TRAINING,,,생략
부도,DSHN,DISHONOR,,,생략
부도,ATCHMP,ATTACHED MAP,,,생략
부도요청번호,DHNRQNO,DISHONOR REQUEST NUMBER,,분류어,생략
부도일자,DSHNDT,DISHONOR DATE,부도일,,생략
부동,NMVD,NOT MOVED,,,생략
부동산,RLEST,REAL ESTATE,,,생략
부동산경매절차,REAP,REAL ESTATE AUCTION PROCESS,,,생략
부동산등기,RLESTREG,REAL ESTATE REGISTRATION,,,생략
부동산실명제,RNPOS,REAL-NAME PROPERTY OWNERSHIP SYSTEM,,,생략
부동산질,PLDGRP,PLEDGE OF REAL PROPERTY,,,생략
부동의,NAGR,NOT AGREE,,,생략
부두,WHRF,WHARF,,,생략
부두인도조건,DEQ,DELIVERED EX QUAY,,,생략
부등호,SGNINQ,A SIGN OF INEQUALITY,,,생략
부락,VIL,VILLAGE,,,생략
부랑,VAGRNC,VAGRANCY,,,생략
부령,MNSORD,MINISTRY ORDINANCE,,,생략
부록,ANX,ANNEX,,,생략
부모,PRNTS,PARENTS,,,생략
부문,SCTN,SECTION,,,생략
부문별원가계산,DPTCST,DEPARTMENTAL COSTING,,,생략
부문코드,SCTCD,SECTION CODE,,분류어,생략
부번,SNDNO,THE SECOND NUMBER,,분류어,생략
부부,COUPLE,COUPLE,,,생략
부분,PART,PART,파트,,생략
부분감사,PRTINSPCT,PART INSPECTION,,,생략
부분조립생산,SKD,SEMI-COMPLETELY KNOCK DOWN,세미녹다운,,생략
부분품,PARTS,PARTS,,,생략
부분품도해서,IPBRK,ILLUSTRATED PARTS BREAKDOWN,,,생략
부분품번호,PARTNO,PARTS NUMBER,,분류어,생략
부비트랩,BBYP,BOOBY TRAP,,,생략
부비트랩번호,BOOBYTRAPNO,BOOBYTRAP NUMBER,,분류어,생략
부사,ADVRB,ADVERB ,,,생략
부사관,NCMOFCR,NONCOMMISSIONED OFFICER,하사관,,생략
부산,BUSAN,BUSAN,,,생략
부산물,BYPRD,BY PRODUCT,,,생략
부상,WOUND,WOUND,,,생략
부상자,WNDPSN,WOUNDED PERSON,,,생략
부서,DEPT,DEPARTMENT,,,생략
부서장,DM,DEPT MANAGER,,,생략
부선거,FLDC,FLOATING DOCK,부양식독,,생략
부설,LAY,LAYING,,,생략
부속,ATTCHMT,ATTACHMENT,,,생략
부속기관,APNDG,APPENDAGE,,,생략
부속물,ADJT,ADJUNCT,,,생략
부속품,ATCITM,ATTACHED ITEM,,,생략
부속회수,SLTACPT,SELECTIVE ACCEPTANCE,,,생략
부속회수일자,SLTACPDT,SELECTIVE ACCEPTANCE DATE,취발일,,생략
부수,ACPNY,ACCOMPANY,,,생략
부수,NUMFCP,THE NUMBER OF COPIES,,분류어,생략
부수병력,ACMTRP,ACCOMPANIED TROOPS,,,생략
부수시설물,BGFTY,BELONGING FACILITY,,,생략
부수인력,ADDMN,ADDITIONAL MANNING,부수인원,,생략
부수적피해,CTDMG,COLLATERAL DAMAGE,,,생략
부수적피해평가,CDA,COLLATERAL DAMAGE ASSESSMENT,,,생략
부수품,ACSR,ACCESSORY,,,생략
부식,SUBFD,SUBSIDIARY FOOD,,,생략
부식,CRSN,CORROSION,,,생략
부식성,CRRS,CORROSIVENESS,,,생략
부양,FLTNG,FLOATING,,,생략
부양,SPRT,SUPPORT,,,생략
부업,SIDJOB,SIDE JOB,,,생략
부여,GRANT,GRANT,,,생략
부여일자,GRNTDT,GRANT DATE,부여일,,생략
부여자,GRNTR,GRANTER,,,생략
부연,XPT,EXPATIATION,,,생략
부원,STFER,STAFFER,,,생략
부위,REGN,REGION,,,생략
부위표시,REEXP,REGION EXPRESSION,,,생략
부의사항,SBCNMT,SUBMISSION FOR CONSIDERATION MATTER,,,생략
부이,BUY,BUOY,"브이,계선부표",,생략
부인,DENY,DENY,,,생략
부인과,GNCLGY,GYNECOLOGY,,,생략
부임,ACSN,ACCESSION,,,생략
부임일자,ACSNDT,ACCESSION DATE,부임일,,생략
부자재,SUBMTR,SUB MATERIAL,,,생략
부작용,SDEFT,SIDE EFFECT,,,생략
부작위,FRBRNC,FORBEARANCE,,,생략
부잔교,FLPR,FLOATING PIER,,,생략
부장,DRTR,DIRECTOR,,,생략
부재,ABSC,ABSENCE,,,생략
부재자,ABSNT,ABSENTEE,,,생략
부재중,DRSC,DURING ABSENCE,,,생략
부적격,DQLFCTN,DISQUALIFICATION,,,생략
부적합,UNSTBL,UNSUITABLE,,,생략
부정,ILGL,ILLEGAL,,,생략
부정기,UNFIXED,UNFIXED,,,생략
부정기선,TRAMPER,TRAMPER,,,생략
부정당,UJST,UNJUST,,,생략
부정된,DNIED,DENIED ,,,생략
부제,SUBTL,SUBTITLE ,,,생략
부제목,SUBTITL,SUBTITLE,,,생략
부조금,CNGMN,CONGRATULATORY MONEY,,,생략
부조리,IRRTN,IRRATIONALITY ,,,생략
부조종사,SPLT,SUB PILOT,,,생략
부족,SHTG,SHORTAGE,,,생략
부족량,SHTGQTY,SHORTAGE QUANTITY,부족수량,,생략
부족액,SHTGAMT,SHORTAGE AMOUNT,,,생략
부족품목,SHTGITM,SHORTAGE ITEM,,,생략
부종,EDMA,EDEMA,,,생략
부주소,SAD,SUB ADDR,,분류어,생략
부주의,CRLSN,CARELESSNESS,,,생략
부지,SITE,SITE,,,생략
부지번,SLNO,SUB LOT NUMBER,,,생략
부진,WEAK,WEAK,,,생략
부착,STKNG,STICKING,,,생략
부착검사,ACATINSP,ACQUISITION AND ATTACHMENT INSPECTION,,,생략
부착물,STTHG,STICKING THING,,,생략
부착판,ATCHBRD,ATTACHMENT BOARD,,,생략
부채,LABLT,LIABILITIES,,,생략
부채비율,DBTRT,DEBT RATIO,부채율,,생략
부책,CBOOK,CHARGE BOOK,,,생략
부처,MNSOFC,MINISTRIES AND OFFICES,,,생략
부칙,ADRUE,ADDITIONAL RULE,,,생략
부탄,BHUTN,BHUTAN ,,,생략
부터,FROM,FROM,,,생략
부특기,SMOS,SECONDARY MILITARY OCCUPATIONAL SPECIALTY,,,생략
부팅,BOOTG,BOOTING,,,생략
부패,DECAY,DECAY,,,생략
부표,BUOY,BUOY,,,생략
부품,CMPNTS,COMPONENTS,,,생략
부품계측기법,MSRANL,MEASURE ANALYSIS,,,생략
부품공구정수,CPTLALW,COMPONENTS TOOL ALLOWANCE,,,생략
부품구분코드,CMPTDVCD,COMPONENTS DIVISION CODE,,분류어,생략
부품번호,PN,PART NUMBER,"파트번호,P/N,PNUMBER,PN",분류어,생략
부품부하분석기법,PSA,PARTS STRESS ANALYSIS,,,생략
부품분류코드,PCCD,PART CLASSIFICATION CODE,,분류어,생략
부품소재,CNNTT,COMPONENTS AND MATTER,,,생략
부품소재전문기업,SDPMT,SPECIALIZED ENTERPRISES FOR COMPONENT AND MATERIAL,,,생략
부품폐기물,CPSM,COMPONENTS SCRAPPED MATERIAL,,,생략
부프로피온,BUPI,BUPROPION,,,생략
부피,VLM,VOLUME,체적,분류어,생략
부하,LOAD,LOAD,,,생략
부호,SIGN,SIGN,,,생략
부호계층번호,SHNO,SIGN HIERARCHY NUMBER,,분류어,생략
부호분류코드,SBCGCD,SYMBOL CATEGORY CODE,,분류어,생략
부호집합코드,SBSTCD,SYMBOL SET CODE,,분류어,생략
부활,RESRECT,RESURRECTION,,,생략
부회장,VRMN,VICE CHAIRMAN,,,생략
북,NRTH,NORTH,,,생략
북거점,NRTPS,NORTH POSITION,,,생략
북극,NRTPL,THE NORTH POLE,,,생략
북동,NE,NORTH EAST,,,생략
북미,NTHAM,NORTH AMERICA,,,생략
북미대공방위사령부,NORAD,NORTH AMERICAN AEROSPACE DEFENSE COMMAND,,,생략
북방,NRTND,NORTHERN DIRECTION,,,생략
북방한계선,NLL,NORTHERN LIMIT LINE,NLL,,생략
북방한계선상황부호,NLLSTSGN,NORTHERN LIMIT LINE SITUATION SIGN,,,생략
북부,NPRT,NORTHERN PART,,,생략
북위,NL,THE NORTH LATITUDE,,분류어,생략
북측인물,NKER,NORTH KOREA PERSON,,,생략
북측인물가족,NKERFM,NORTH KOREA PERSON FAMILY,,,생략
북측인물경력,NKERCR,NORTH KOREA PERSON CAREER,,,생략
북한,NK,NORTH KOREA,북괴,,생략
북한군인계급코드,NKMILPRSNRNKCD,NORTH KOREA MILITARY PERSONNEL RANK CODE,,분류어,생략
북한사진첩보분류코드,NKPHOINFCLCD,NORTH KOREA PHOTO INFORMATION CLASSIFICATION CODE,,분류어,생략
북한이탈주민,NSHBT,NORTH KOREA SECESSION INHABITANTS,,,생략
북한인물,NKPRSN,NORTH KOREA PERSON,,,생략
북한인물가족관계코드,NPFMLRLCD,NORTH KOREA PERSON FAMILY RELATIONSHIP CODE,,분류어,생략
북한인물경력직책코드,NKPCAREROCD,NORTH KOREA PERSON CAREER RESPONSIBILITIES OF OFFICE CODE,,분류어,생략
북한인물구분코드,NKPRSNDVSCD,NORTH KOREA PERSON DIVISION CODE,,분류어,생략
북한인물사망유형코드,NPDEATHTYCD,NORTH KOREA PERSON DEATH TYPE CODE,,분류어,생략
북한인물성질구분코드,NKPCHRCDVCD,NORTH KOREA PERSON CHARACTER DIVISION CODE,,분류어,생략
북한인물업무구분코드,NKPRSNBSDVCD,NORTH KOREA PERSON BUSINESS DIVISION CODE,,분류어,생략
북한인물외형특성코드,NKPXSPCD,NORTH KOREA PERSON XTFRM SPCQLT CODE,,분류어,생략
북한인물학력코드,NKPRSNSCHCD,NORTH KOREA  PERSONNEL SCHOLARSHIP CODE,,분류어,생략
북한인물활동분류코드,NKPACTVCLCD,NORTH KOREA PERSON ACTIVITY CLASSIFICATION CODE,,분류어,생략
북한인물활동요소코드,NKPAECD,NORTH KOREA PERSON ACTIVITY ELEMENT CODE,,분류어,생략
북한정당직책코드,NKPLTCRBOCD,NORTH KOREA POLITICAL PARTY RESPONSIBILITIES OF OFFICE CODE,,분류어,생략
북한주민,NRTKN,NORTH KOREAN,,,생략
북한주소지역코드,NKADDRRNCD,NORTH KOREA ADDRESS REGION CODE,,분류어,생략
북한지역행정구역관리번호,NKRASMNO,NORTH KOREA REGION ADMINISTRATION SECTOR MANAGEMENT NUMBER,,분류어,생략
북향,NTING,FACING NORTH,,,생략
분,PTN,PORTION,,,생략
분,MINT,MINUTE,,분류어,생략
분가,BNHL,BRANCH FAMILY,,,생략
분간,DSTNGSH,DISTINGUISH,,,생략
분개,JNLZ,JOURNALIZING,,,생략
분개장,JRNLZPR,JOURNALIZING PAPER,,,생략
분계,DMCTN,DEMARCATION,,,생략
분과,SBCMTE,SUBCOMMITTEE,,,생략
분교,BNHH,BRANCH SCHOOL,,,생략
분구,CLRGN,CLASSIFIED REGION,,,생략
분권,DECNTL,DECENTRALIZATION,,,생략
분규,CMPLC,COMPLICATION,,,생략
분극,PLRZTN,POLARIZATION,,,생략
분기,QTR,QUARTER,,분류어,생략
분기코드,QTRCD,QUARTER CODE,,분류어,생략
분납,PAYINST,PAYMENT IN INSTALLMENTS,,,생략
분노,ANGER,ANGER,,,생략
분담,ALOTMT,ALLOTMENT,,,생략
분담공종,SHCNTP,SHARING CONSTRUCTION TYPE,,,생략
분담이행방식,SHRPFWY,SHARING PERFORMANCE WAY,,,생략
분당,MNTBY,MINUTE BY,,,생략
분당급유량,MNTRFLQAN,MINUTE REFUEL QUANTITY,,,생략
분대,SQD,SQUAD,,,생략
분대장,SQDLDR,SQUAD LEADER,,,생략
분류,CLSFCT,CLASSIFICATION,,,생략
분류번호,CLSFNO,CLASSIFICATION NUMBER,,분류어,생략
분류소,CLSPL,CLASSIFYING PLACE,,,생략
분류전,BFCLSS,BEFORE CLASSIFICATION,,,생략
분류후,AFCLSS,AFTER CLASSIFICATION,,,생략
분리,SPRTN,SEPARATION,,,생략
분리대,SEPZN,SEPARATION ZONE,,,생략
분만,PARTU,PARTURITION,,,생략
분말,PWDR,POWDER,,,생략
분명,OBVISLY,OBVIOUSLY ,,,생략
분모,DNMNTR,DENOMINATER,,,생략
분묘,GRV,GRAVE,무덤,,생략
분반,DVGRUP,DIVIDE GROUP,,,생략
분배,DISTRBT,DISTRIBUTION,,,생략
분배계통,COD,CHANNEL OF DISTRIBUTION,,,생략
분배번호,DSTRNO,DISTRIBUTION NUMBER,,분류어,생략
분배소,DSTPNT,DISTRIBUTION POINT,,,생략
분배일자,DSTBTDT,DISTRIBUTION DATE,분배일,,생략
분사,SPRAY,SPRAY,,,생략
분사헤드,SPRHD,SPRAY HEAD,,,생략
분산,VRNC,VARIANCE,,분류어,생략
분산저장품표시코드,VSECD,VARIANCE STOCK EXPRESSION CODE,,분류어,생략
분석,ANLS,ANALYSIS,,,생략
분석관,ANGO,ANALYSIS GOVERNMENT OFFICER,,,생략
분석보고서,ANRPT,ANALYSIS REPORT,,,생략
분석프로젝트,ANLSPRJ,ANALYSIS PROJECT,,,생략
분소,BRNOFC,BRANCH OFFICE,,,생략
분쇄,CRUSH,CRUSHES ,,,생략
분수,FUTN,FOUNTAIN,,,생략
분식,FDFL,FOOD MADE FROM FLOUR,,,생략
분실,LOST,LOST,,,생략
분실일자,LOSDT,LOSS DATE,분실일,,생략
분야,SPH,SPHERE,,,생략
분야코드,SPHCD,SPHERE CODE,,분류어,생략
분위기,MOOD,MOOD ,,,생략
분유,PWDRMLK,POWDERED MILK ,,,생략
분임,DIVTSK,DIVISION OF THE TASK,,,생략
분자,NMRTR,NUMERATOR,,,생략
분자유전검사,MCG,MOLECULAR GENETICSTUDY,,,생략
분장,DOWL,DIVISION OF WORK LOAD,,,생략
분전반,CPNL,CABINET PANEL,,,생략
분지,FRCN,FRACTION,,,생략
분진,RELESE,RELEASE,,,생략
분진점,RLSPNT,RELEASE POINT,,,생략
분창,SUBDPT,SUBDEPOT,,,생략
분초,MNSC,MINUTE AND SECOND,,분류어,생략
분출,SPTNG,SPOUTING,,,생략
분포,DSTRB,DISTRIBUTION,,,생략
분포율,DSTRRT,DISTRIBUTION RATE,,,생략
분필등기,RSNDL,REGISTRASTION ON PARTITIONED LOTS,,,생략
분할,PRTN,PARTITION,,,생략
분할납부구분코드,PTPDVCD,PARTITION PAYMENT DIVISION CODE,,분류어,생략
분할선적,PS,PARTIAL SHIPMENTS,,,생략
분할소유권,DVHP,DIVIDED OWNERSHIP,,,생략
분할지급,PAYINSTMT,PAYMENT IN INSTALLMENTS,,,생략
분할채권,RSRDT,REGISTRATION ON PARTITIONED LOTS,,,생략
분해,DSJN,DISJOINTING,,,생략
분해수리,OVRHAUL,OVERHAUL,,,생략
분해폐기율,DMR,DISASSEMBLY MORTALITY RATE,,,생략
분획,FRT,FRT,,,생략
불,NON,NON,,,생략
불가,DSALWNC,DISALLOWANCE,,,생략
불가능,IMPSBLT,IMPOSSIBILITY,,,생략
불가동,NOR,NOT OPERATIONALLY READY,,,생략
불가동상태,NORS,NOT OPERATIONALLY READY FOR SUPPLY,NORS,,생략
불가동장비,DLEQ,DEAD LINE EQUIPMENT,,,생략
불가분채권,ISBLS,INDIVISIBLE CLAIMS,,,생략
불가사유,ITYY,IMPROPRIETY WHY,,,생략
불가용,NUSE,NOT USEFULNESS,,,생략
불교,BUDSM,BUDDHISM,,,생략
불규칙주파수구분코드,NRFDCD,NON RULE FREQUENCY DIVISION CODE,,분류어,생략
불균등,INQLTY,INEQUALITY,,,생략
불기소장,BULLJANG,DISPOSITION NOT TO INSTITUTE REGISTER,,,생략
불기소장보존,DSTTRGPR,DISPOSITION NOT TO INSTITUTE REGISTER PRESERVATION,,,생략
불기소처분,DSTTSC,DISPOSITION NOT TO INSTITUTE A PUBLIC ACTION,,,생략
불납,NPAYMT,NONPAYMENT,,,생략
불납결손,LDTNPAY,LOSSES DUE TO NONPAYMENT,,,생략
불납결손액,LDTNAMNT,LOSSES DUE TO NONPAYMENT AMOUNT,"불납결손금액,불납결손금",,생략
불능,INCPCTY,INCAPACITY,,,생략
불도저,BLDZ,BULL DOZER,,,생략
불량,BDNS,BADNESS,,,생략
불량률,DFTVRT,DEFECTIVE RATE,불량율,,생략
불량품,DFTPRD,DEFECTIVE PRODUCT,,,생략
불만,DSTFC,DISSATISFACTION,불만족,,생략
불매운동,BYCT,BOYCOTT,,,생략
불명,INDST,INDISTINCTNESS,,,생략
불명확,INDFN,INDEFINITENESS,,,생략
불모지,WSTLND,WASTELAND,,,생략
불발,MSFR,MISFIRE,,,생략
불법,UNLAW,UNLAWFULNESS,,,생략
불법방해행위,UNLIFR,UNLAWFULNESS INTERFERENCE,,,생략
불법이전,UNLRMV,UNLAWFULNESS REMOVAL,,,생략
불법재산,UNLWLT,UNLAWFULNESS WEALTH,,,생략
불변,IMMUTBL,IMMUTABLE ,,,생략
불변가격,CSTPRC,CONSTANT PRICE,,,생략
불복,DSBDNC,DISOBEDIENCE,,,생략
불복신청,APLDIST,APPEAL OF DISSATISFACTION,,,생략
불성실,INSNCR,INSINCERITY,,,생략
불성실자,INSNCPSN,INSINCERITY PERSON,,,생략
불소,FLRN,FLUORINE,,,생략
불수리,UNACPT,UNACCEPTANCE,,,생략
불승인,DAPRV,DISAPPROVAL,,,생략
불시착,EMLND,EMERGENCY LANDING,,,생략
불식,NTML,NOT MAKING MEALS,,,생략
불신임,NCNFDNC,NONCONFIDENCE,,,생략
불안,ANXT,ANXIETY,,,생략
불엄수,NSOBS,NOT STRICT OBSERVANCE,,,생략
불연,NLMBLT,NONFLAMMABILITY,,,생략
불온,SDITUS,SEDITIOUS,,,생략
불용,DSUSE,DISUSE,,,생략
불용결정,DCUNMTR,DECISION OF UNUSED MATERIAL,,,생략
불용결정사유코드,DDRCD,DISUSE DECISION REASON CODE,,분류어,생략
불용액,AMTDUSE,AMOUNT FOR DISUSE,"불용금,불용금액",,생략
불용재질,DUM,DISUSED MATERIAL,,,생략
불용처리진행상태코드,DDPSCD,DISUSE DISPOSAL PROGRESS STATE CODE,,분류어,생략
불용품,ATLD,ARTICLE IN DISUSE,,,생략
불용품목,DUSI,DISUSED ITEM,,,생략
불원,DNWANT,DO NOT WANT,,,생략
불응,NACPT,NONACCEPTANCE,,,생략
불이행,NFLFL,NONFULFILLMENT,,,생략
불일치,DSCRD,DISCORD,,,생략
불장난,PLYFR,PLAYING WITH FIRE,,,생략
불참,ABSNC,ABSENCE,,,생략
불체포특권,IMNFARS,IMMUNITY FROM ARREST,,,생략
불출,ISSU,ISSUE,,,생략
불출단위,UNTISS,UNIT OF ISSUE,,,생략
불출량,ISSQTY,ISSUE QUANTITY,,,생략
불출문서번호,ISSDOCNO,ISSUE DOCUMENT NUMBER,,분류어,생략
불출번호,ISSNO,ISSUE NUMBER,,분류어,생략
불출예정,DO,DUE OUT,DO,,생략
불출의뢰번호,ISSUREQSTNO,ISSUE REQUEST NUMBER,,분류어,생략
불출일자,ISSUDT,ISSUE DATE,불출일,,생략
불출전검사,PII,PRE ISSUE INSPECTION,,,생략
불출조건코드,ICNCD,ISSUE CONDITION CODE,,분류어,생략
불출조치번호,ISSUACTNO,ISSUE ACTION NUMBER,,,생략
불출증빙서,ISUSLP,ISSUE SLIP,불출증,,생략
불출증빙서번호,ISUSLPNO,ISSUE SLIP NUMBER,,분류어,생략
불출지시,ISSIS,ISSUE INSTRUCTIONS,,,생략
불출통제,ISSCNTL,ISSUE CONTROL,,,생략
불출통제코드,ICTCD,ISSUE CONTROL CODE,,분류어,생략
불출함,ISSUCASE,ISSUE CASE,,,생략
불쾌,UPSTS,UNPLEASANTNESS,,,생략
불쾌지수,DCMFIDX,DISCOMFORT INDEX,,,생략
불티,SPARK,SPARK,,,생략
불편,INCNVNNC,INCONVENIENCE,,,생략
불필요,NDLS,NEEDLESSNESS,,,생략
불하,DPSL,DISPOSAL,,,생략
불하계약번호,DCTRNO,DISPOSAL CONTRACT NUMBER,,분류어,생략
불하량,DPSQNTY,DISPOSAL QUANTITY,,,생략
불하일자,DPSLDT,DISPOSAL DATE,불하일,,생략
불하증빙서번호,DPSLSLPNO,DPSL SLIP NUMBER,,분류어,생략
불합격,DSQLF,DISQUALIFICATION,,,생략
불합리,IRRA,IRRATIONALITY,,,생략
불허,NPRMS,NONPERMISSION,,,생략
불확정,INDTMN,INDETERMINACY,,,생략
불확정수량계약,IDQTYCTR,INDEFINITE QUANTITY CONTRACT,,,생략
불희망,NHOPE,NOT HOPE,,,생략
불희망자,NHOPER,NOT HOPER,,,생략
붐,BOOM,BOOM,,,생략
붐길이,BMLEN,BOOM LENGTH,,,생략
붕괴,CLPS,COLLAPSE,,,생략
붕괴,COLPS,COLLAPSE,,,생략
붕괴율,CLPSRTE,COLLAPSE RATE,,분류어,생략
붕괴진행정도코드,COPROSDGRCD,COLLAPSE PROCESS DEGREE CODE,,분류어,생략
붕소,BRN,BORON,,,생략
붙임,ATCHMNT,ATTACHMENT,,,생략
뷰,VIEW,VIEW,VIEW,,생략
뷰어,VIEWR,VIEWER,,,생략
브라보,BRV,BRAVO,BRAVO,,생략
브라우저,BRWS,BROWSER,,,생략
브로드캐스트,BRDCT,BROADCAST,,,생략
브리핑,BRF,BRIEFING,,,생략
블라인드,BLID,BLIND,,,생략
블랙리스트,BLCLST,BLACKLIST,,,생략
블로그,BLOG,BLOG,,,생략
블루투스,BLTH,BLUETOOTH,,,생략
비,PRPTN,PROPORTION,,,생략
비,EXPNS,EXPENSE,,분류어,생략
비,NN,NON,,,생략
비간부,NTDR,NOT LEADER,,,생략
비감리,NOSPV,NOT SUPERVISION,,,생략
비결,TRICK,TRICKS ,,,생략
비경쟁,NNPT,NON COMPETITION,,,생략
비고,RMRK,REMARK,,분류어,생략
비고란,RMRKCOL,REMARKS COLUMN,,,생략
비공개,CLSDR,CLOSED-DOOR,,,생략
비공제,NODDC,NOT DEDUCTION,,,생략
비과,FYPAS,FLYING PASS,,,생략
비과세,TXEXM,TAX EXEMPTION,,,생략
비과시간,TMOFFTL,TIME OF FLIGHT,,분류어,생략
비교,CMPRSN,COMPARISON,,,생략
비군사화,DMIL,DEMILITARIZATION,,,생략
비군사화코드,DMCD,DEMILITARIZATION CODE,,분류어,생략
비급여,UIN,UNINSURABLE,,,생략
비난,CRTCS,CRITICISM,,,생략
비녹지,NGLD,NOT GREEN LAND,,,생략
비뇨기과,UROLOGY,UROLOGY,,,생략
비닐,VINYL,VINYL ,,,생략
비대,HYPTRPY,HYPERTROPHY ,,,생략
비동기,ASYNC,ASYNCHRONOUS,,,생략
비디오,VIDEO,VIDEO,,,생략
비례,PROPTN,PROPORTION,,,생략
비례대표지방의회의원,PRLAM,PROPORTIONAL REPRESENTATION LOCAL ASSEMBLY MAN,,,생략
비례작업,APTEFT,APPORTIONED EFFORT,,,생략
비만,OBES,OBESITY,,,생략
비만도,FATNS,FATNESS,,,생략
비매품,NSL,NOT FOR SALE,,,생략
비면세대상자,NMP,NOT EXEMPTION FROM TAXATION PERSON,,,생략
비목,ITMEXD,ITEM OF EXPENDITURE,,,생략
비목록품목,NNSN,NON NATIONAL STOCK NUMBER,,,생략
비무기,NWS,NON WEAPON SYSTEM,,,생략
비무장,DEMIL,DEMILITARIZATION,,,생략
비무장지대,DMZ,DEMILITARIZED ZONE,DMZ,,생략
비밀,SCRT,SECRET,기밀,,생략
비밀관리번호,SCRTMGTNO,SECRET MANAGEMENT NUMBER,,분류어,생략
비밀등급,CLSLV,CLASSIFICATION LEVEL,,,생략
비밀등급코드,CLSLVCD,CLASSIFICATION LEVEL CODE,,분류어,생략
비밀문서,SCRDOC,SECRET DOCUMENT,비문,,생략
비밀문서번호,SCRDOCNO,SECRET DOCUMENT NUMBER,비문번호,분류어,생략
비밀문서접근등급,GOASD,GRADE OF ACCESSING SECRET DOCUMENT,비문접근등급,,생략
비밀번호,PW,PASSWORD,"패스워드,암호,비번",분류어,생략
비밀번호가능문자유형번호,PWPBTCHRTPNO,PASSWORD POSSIBILITY CHARACTERTYPE NUMBER,,분류어,생략
비밀번호필수문자유형번호,PWESLCHRTPNO,PASSWORD ESSENTIALITY CHARACTERTYPE NUMBER,,분류어,생략
비밀준비금,STRV,SECRET RESERVES,,,생략
비밀취급,HDOCM,HANDLING OF CLASSIFIED MATERIAL,,,생략
비밀취급인가,AUTHDSCR,AUTHORIZATION OF HANDLING SECRET,비취인가,,생략
비번,OFFDT,OFF DUTY,OFF,,생략
비보,SADNWS,SAD NEWS,,,생략
비비행분류코드,NNFLYCLCTCD,NON FLYING CLASSIFICATION CODE,,분류어,생략
비산성,SCTTR,SCATTERING,,,생략
비살상수단,WOND,WEAPONS OF NON DESTRUCTION,,,생략
비상,EMGC,EMERGENCY,,,생략
비상근,PRTMSVC,PART-TIME SERVICE,,,생략
비상기획위원회,EPC,EMERGENCY PLANNING COMMISSION,,,생략
비상대기,ALRT,ALERT,,,생략
비상사태,STEMRG,STATE OF EMERGENCY,,,생략
비상식량,EMGRTN,EMERGENCY RATION,,,생략
비상장,UNLIST,UNLIST,,,생략
비상투하,JTTSN,JETTISON,,,생략
비생산인시코드,NNPRDCNMHCD,NON PRODUCTION MANHOUR CODE,,분류어,생략
비서,SECRTRY,SECRETARY,,,생략
비선자,NSELPSN,NON SELECTED PERSON,,,생략
비소모성품목,NEXPITM,NON EXPENDABLE ITEM,,,생략
비소모품,NCGDS,NOT CONSUMED GOODS,,,생략
비속,DSCNDNT,DESCENDANT,,,생략
비송사건,NLTGCS,NONLITIGATION CASE,,,생략
비수기,OFFSN,OFF-SEASON,,,생략
비순환비용,NRCST,NONRECURRING COSTS,,,생략
비순환수요,NRCRDMD,NONRECURRING DEMAND,,,생략
비영리법인,NFCR,NONPROFIT CORPORATION,,,생략
비영업용,NBIZUSE,NOT BUSINESS USE,,,생략
비오톱,BTP,BIOTOP,,,생략
비옥,FRTLTY,FERTILITY,,,생략
비용,EXP,EXPENSE,,분류어,생략
비용관리제도,CAIV,COST AS AN INDEPENDENT VARIABLE,CAIV,,생략
비용구조도,CBS,COST BREAKDOWN STRUCTURE,,,생략
비용대효과분석,COEA,COST TO OPERATION EFFECTIVENESS ANALYSIS,,,생략
비용분석,CSTANAL,COST ANALYSIS,,,생략
비용추정,CSTEST,COST ESTIMATING,,,생략
비용편차,CSTVAR,COST VARIANCE,,,생략
비위,WRONG,WRONG,,,생략
비율,RATE,RATE,,분류어,생략
비율급,PPRPAY,PROPORTION PAY,,,생략
비인가저장품목,NASL,NON-AUTHORIZED STOCKAGE LIST,,,생략
비자,VIS,VISA,,,생략
비전,VSN,VISION,,,생략
비전기뇌관,NELTP,NOT ELECTRIC PRIMER,,,생략
비전투,NCBT,NON COMBAT,,,생략
비전투손실,NWNDWAR,NOT WOUNDED IN A WAR,비전상,,생략
비전투원후송작전,NEO,NON-COMBATANT EVACUATION OPERATION,,,생략
비정규,NCRDT,NONCREDIT ,,,생략
비정규직,TMPSTN,TEMPORARY POSITION,,,생략
비정부간국제기구,NGO,NON-GOVERNMENTAL ORGANIZATION,"비정부조직,NGO,비정부기구,비정부단체",,생략
비정상,ABNMLT,ABNORMALITY,,,생략
비정상마모,UNUSWR,UNUSUAL WEAR,,,생략
비정상마모원인코드,UWCCD,UNUSUAL WEAR CAUSE CODE,,분류어,생략
비정의,NTDFN,NOT DEFINED,,,생략
비정형,ADHOC,AD-HOC,,,생략
비중,WT,WEIGHT,,분류어,생략
비중,GRVT,GRAVITY,,,생략
비축,STKPL,STOCKPILE,,,생략
비축물자,STPLMTR,STOCKPILE MATERIALS,,,생략
비축소요,STPLREQ,STOCKPILE_REQUIREMENT,,,생략
비축시설분류코드,STKINSTCLTCD,STOCKPILE INSTALLATION CLSFCT CODE,,분류어,생략
비축장비,STPLEQ,STOCKPILE EQUIPMENT,,,생략
비축치장품목구분코드,SSDCD,STOCKPILE STORE DIVISION CODE,,분류어,생략
비축탄약,STPAM,STOCKPILE AMMUNITION,,,생략
비치,FNSHNG,FURNISHING,,,생략
비치기록물,FNHR,FURNISHING DOCUMENTARY,,,생략
비콘,BCON,BEACON,,,생략
비콘번호,BCONNO,BEACON NUMBER,,분류어,생략
비타민,VITAMIN,VITAMIN,,,생략
비타민A,VTMA,VITAMIN A,비타민에이,,생략
비타민B1,VTMB1,VITAMIN B ONE,비타민비원,,생략
비타민B12,VTMB12,VITAMIN B ONE TWO,비타민비원투,,생략
비타민B2,VTMB2,VITAMIN B TWO,비타민비투,,생략
비타민B6,VTMB6,VITAMIN B SIX,비타민비식스,,생략
비타민C,VTMC,VITAMIN C,비타민시,,생략
비타민D,VTMD,VITAMIN D,비타민디,,생략
비타민E,VTME,VITAMIN E,비타민이,,생략
비탈,SLOPE,SLOPE,,,생략
비트,BIT,BIT,,,생략
비트,BITT,BITT,,,생략
비트오류율,BER,BIT ERROR RATE,,,생략
비파괴검사,NDI,NON DESTRUCTIVE INSPECTION,비파괴시험,,생략
비포장도로,UNPVRD,UNPAVED ROAD,,,생략
비표준,NST,NONSTANDARD,,,생략
비표준장비,NSTDEQ,NONSTANDARD EQUIPMENT,,,생략
비표준품목,NSTDITM,NONSTANDARD ITEM,,,생략
비품,FXTR,FIXTURES,,,생략
비품적재정수,FXLDALW,FIXTURES LOADING ALLOWANCE,,,생략
비행,FLY,FLYING,,,생략
비행경력증명신청상태코드,FYCRPFAPLSCD,FLY CAREER PROOF APL STATE CODE,,분류어,생략
비행경로,FLTPATH,FLIGHT PATH,,,생략
비행경로지정자,FPD,FLIGHT PATH DESIGNATOR,,,생략
비행계획,FP,FLIGHT PLAN,,,생략
비행계획교육과정코드,FPCRRCLMCD,FLIGHT PLAN CURRICULUM CODE,,분류어,생략
비행계획번호,FPNO,FLIGHT PLAN NUMBER,,분류어,생략
비행계획비행구분코드,FPFLYDVSCD,FLIGHT PLAN FLYING DIVISION CODE,,분류어,생략
비행계획서,FPDOC,FLIGHT PLAN DOCUMENT,,,생략
비행계획소프트웨어구성항목,FPCSC,FLIGHT PLAN COMPUTER SOFTWARE COMPONENT,,,생략
비행계획임무내용코드,FPMSNCTNTCD,FLIGHT PLAN MISSION CONTENT CODE,,분류어,생략
비행계획임무분류코드,FPMSNCLSCD,FLIGHT PLAN MISSION CLASSIFICATION CODE,,분류어,생략
비행계획임무유형코드,FPMSNTPCD,FLIGHT PLAN MISSION TYPE CODE,,분류어,생략
비행계획작전임무코드,FPOPTASKCD,FLIGHT PLAN OPERATION TASK CODE,,분류어,생략
비행계획항공사격코드,FPFLTFIRCD,FLIGHT PLAN FLIGHT FIRING CODE,,분류어,생략
비행관리기구,FMSYS,FLIGHT MANAGEMENT SYSTEM,,,생략
비행교육과정부호,FLCRRCLMSGN,FLYING CURRICULUM SIGN,,분류어,생략
비행교육입과자격코드,FLEDUECQFCD,FLYING EDUCATION ENTER A COURSE QUALIFICATION CODE,,분류어,생략
비행구간,LEG,LEG,,,생략
비행금지선,NFL,NO FLY LINE,,,생략
비행기지코드,FLYBASECD,FLYING BASE CODE,,분류어,생략
비행단,WNG,WING,,,생략
비행단계코드,FLYSTPCD,FLYING STEP CODE,,분류어,생략
비행단번호,WNGNO,WING NUMBER,,분류어,생략
비행단작전본부,WOC,WING OPERATIONS CENTER,,,생략
비행대대,SQDN,SQUADRON,,,생략
비행부대,AB,AIRBASE,,,생략
비행사격과목부호,FLYFRGSBJSNG,FLYING FIRING SUBJECT SIGN,,분류어,생략
비행사격구분코드,FLYFRGDVSCD,FLYING FIRING DIVISION CODE,,분류어,생략
비행상태코드,FLYSCD,FLYING STATE CODE,,분류어,생략
비행시간,FLGTM,FLIGHT TIME,,분류어,생략
비행안전구역,FGHTY,FLIGHT SAFETY AREA,,,생략
비행영상기록장치,AVTR,AIRBORNE VIDEO TAPE RECORDER,AVTR,,생략
비행운영구분코드,FLYOPERDVSCD,FLYING OPERATION DIVISION CODE,,분류어,생략
비행운영번호,FLTOPNO,FLIGHT OPERATION NUMBER,,분류어,생략
비행일자,FLTDT,FLIGHT DATE,비행일,,생략
비행자격코드,FLYQLFCCD,QUALIFICATION CODE,,분류어,생략
비행자원,FRSC,FLIGHT RESOURCE,,,생략
비행작전본부,FOC,FLIGHT OPERATIONS CENTER,,,생략
비행장,AFLD,AIRFIELD,,,생략
비행전,FLYBF,FLY BEFORE,,,생략
비행정보구역,FIR,FLIGHT INFORMATION REGION,,,생략
비행중간검사,TH,THROUGH FLIGHT INSPECTION,,,생략
비행중결함,IFLGFAIL,IN FLIGHT FAILURE,,,생략
비행중결함구분코드,IFLGFAILDVCD,IN FLIGHT FAILURE DIVISION CODE,,분류어,생략
비행중결함요소코드,IFLGFAILLMCD,IN FLIGHT FAILURE ELEMENT CODE,,분류어,생략
비행지역코드,FLYRGNCD,FLYING REGION CODE,,분류어,생략
비행체,FYOJ,FLYING OBJECT,,,생략
비행취소사유코드,FLYCNCRCD,FLYING CANCELLATION REASON CODE,,분류어,생략
비행취소코드,FLYCNCLCD,FLYING CANCELLATION CODE,,분류어,생략
비행협조본부,FCC,FLIGHT COORDINATION CENTER,,,생략
비행활동기종번호,FAKOMN,FLIGHT ACTIVITY KIND OF MACHINE NUMBER,,분류어,생략
비행후,FLYAF,FLY AFTER,,,생략
비활성,INRT,INERT,,,생략
비활성화,DACT,DEACTIVATION,,,생략
비활용품목식별코드,EMCD,EXEMPTION MARK CODE,,분류어,생략
빈곤,POVRTY,POVERTY,,,생략
빈도,FRQC,FREQUENCY,,,생략
빈부,WPVR,WEALTH AND POVERTY,,,생략
빈혈,ANM,ANEMIA,,,생략
빌지,BILGE,BILGE,,,생략
빔,BEAM,BEAM,BEAM,,생략
빙상경기장,ICSPSTDM,ICE SPORTS STADIUM,,,생략
빛,LGHT,LIGHT,,,생략
빠른걸음,QUICKWALK,QUICK WALK,"질보,질족",,생략
뻘,SNDBNK,SAND BANK,갯벌,,생략
사,OFCR,OFFICER,,,생략
사각,QE,Quadrant Elevation,,,생략
사각형,QUAD,QUADRANGLE,,,생략
사거리,RG,RANGE,,분류어,생략
사거리구분코드,RGSECCD,RANGE SECTION CODE,,분류어,생략
사건,AFR,AFFAIR,,,생략
사건기록,INCDNTRCORD,INCIDENT RECORD,,,생략
사건번호,AFRNO,AFFAIR NUMBER,,분류어,생략
사격,FIRING,FIRING,,,생략
사격결과,FIRRLT,FIRING RESULT,,,생략
사격결과코드,FIRINRSLTCD,FIRING RESULT CODE,,분류어,생략
사격계획,SCMOF,SCHEME OF FIRE,,,생략
사격계획표,SOFR,SCHEDULE OF FIRE,,,생략
사격금지구역,NFA,NO FIRE AREA,화력금지구역,,생략
사격대,FU,FIRE UNIT,,,생략
사격명령,FIRORD,FIRING ORDER,,,생략
사격명령번호,FRORDNO,FIRE ORDER NUMBER,,분류어,생략
사격명령진행상태코드,FIRORDPSCD,FIRE ORDER PROGRESS STATE CODE,,분류어,생략
사격방향구분코드,FRDRCTNDVSCD,FIRING DIRECTION DIVISION CODE,,분류어,생략
사격번호,FIRENO,FIRE NUMBER,,분류어,생략
사격범위,FIRSCP,FIRING SCOPE,,,생략
사격술,TOF,TACTICS OF FIRE,,,생략
사격술예비훈련,PRI,PRELIMINARY RIFLE INSTRUCTION,,,생략
사격유형코드,FIRETYPCD,FIRE TYPE CODE,,분류어,생략
사격일자,FIREDT,FIRE DATE,사격일,,생략
사격자번호,SHOOTERNO,SHOOTER NUMBER,,분류어,생략
사격장,SHTRG,SHOOTING RANGE,,,생략
사격장진지번호,RGENCNO,RANGE ENCAMPMENT NUMBER,,분류어,생략
사격통제레이더,FCR,FIRE CONTROL RADAR,FCR,,생략
사격통제반,FCSCT,FIRE CONTROL SECTION,,,생략
사격통제장치,FCS,FIRE CONTROL SYSTEM,,,생략
사격통제체계,FCSYS,FIRE CONTROL SYSTEM,,,생략
사격포대,FRBTR,FIRE BATTERY,,,생략
사격훈련,SHTPRCT,SHOOTING PRACTICE,,,생략
사경,DLSITU,DEADLY SITUATION,,,생략
사고,ACDT,ACCIDENT,,,생략
사고번호,ACDTNO,ACCIDENT NUMBER,,분류어,생략
사고이월,FRDCO,FRAUD CARRY OVER,,,생략
사고자,ACDTHMR,ACCIDENTAL HARMER,,,생략
사고적자자,ACDFPSN,ACCIDENT AND DEFICIT PERSON,,,생략
사고적자자구분코드,ADCD,ACCIDENT AND DEFICIT PERSON DIVISION CODE,,분류어,생략
사고적자자발생구분코드,AODCD,ACCIDENT AND DEFICIT PERSON OCCUR DIVISION CODE,,분류어,생략
사고적자자처리구분코드,APDCD,ACCIDENT AND DEFICIT PERSON PROCESS DIVISION CODE,,분류어,생략
사고적자자협조공문서,ANDPCODOC,ACCIDENT AND DEFICIT PERSON COOPERATION OFFICIAL DOCUMENT,,,생략
사고적자자회수예정구분코드,ARPDCD,ACCIDENT AND DEFICIT PERSON RETRIEVAL PREARRANGEMENT DIVISION CODE,,분류어,생략
사고적자회수구분코드,ARDCD,ACCIDENT AND DEFICIT PERSON RETRIEVAL DIVISION CODE,,분류어,생략
사고조사,ACDNTEXAMIN,ACCIDENT INVESTIGATION,,,생략
사관,OFFCR,OFFICER,,,생략
사관생도,CADET,CADET,생도,,생략
사관학교,MACMY,MILITARY ACADEMY,,,생략
사관후보생,OFCND,OFFICER CANDIDATE,,,생략
사권,PRVTRGT,PRIVATE RIGHTS,,,생략
사규,CMNL,COMPANY RULE,,,생략
사급,PRTSPL,PRIVATE SUPPLY,,,생략
사급자재,PSMT,PRIVATE SUPPLY MATERIALS,,,생략
사기,MORL,MORALE,,,생략
사기업,PRVNTPRZ,PRIVATE ENTERPRISE,,,생략
사낭나르기,SBCR,SANDBAG CARRY,,,생략
사내,WNMPY,WITHIN COMPANY,,,생략
사다리,LDDR,LADDER,,,생략
사단,DIV,DIVISION,,,생략
사단군수지원단,DISCOM,DIVISION SUPPORT COMMAND,,,생략
사단법인,CRGGRG,CORPORATION AGGREGATE,,,생략
사대,FRE,FIRE,,,생략
사람,HUMN,HUMAN,인간,,생략
사랑,LOVE,LOVE ,,,생략
사령,DTOFCR,DUTY OFFICER,,,생략
사령관,CMDR,COMMANDER,,,생략
사령부,HDQTR,HEADQUARTERS,,,생략
사례,EXAMPL,EXAMPLE,,,생략
사료,HSTMTR,HISTORICAL MATERIAL,,,생략
사립,PRIVT,PRIVATE,,,생략
사망,DEATH,DEATH,,,생략
사망원인코드,DEATHCSCD,DEATH CAUSE CODE,,분류어,생략
사망유형코드,DEATHTYCD,DEATH TYPE CODE,,분류어,생략
사망일자,DTHDT,DEATH DATE,사망일,,생략
사망자,DTHS,DEAD PERSON,,,생략
사망진단서,DTHCERT,DEATH CERTIFICATE,,,생략
사면,AMNST,AMNESTY,,,생략
사면일자,AMNSDT,AMNESTY DATE,사면일,,생략
사명감,SNDTY,SENSE OF DUTY,,,생략
사무,OFCWRK,OFFICE WORK,,,생략
사무관,FIGROFC,FIFTH GRADE OFFICIAL,,,생략
사무실,OFCRM,OFFICE ROOM,,,생략
사무원,CLRK,CLERICAL WORKER,,,생략
사무처,SCRTRT,SECRETARIAT,,,생략
사번,EMPNO,EMPLOYEE NUMBER,,분류어,생략
사범,PRSNR,PRISONER,,,생략
사법,JDCTR,JUDICATURE,,,생략
사법인,JPFPLW,JURIDICAL PERSON OF PREVIEW LAW,개인법인,,생략
사변,CNFLCT,CONFLICT,,,생략
사별,BRVMNT,BEREAVEMENT ,,,생략
사보,CYCLB,COMPANY PERIODICAL PUBLICATIONS,,,생략
사본,DPLCT,DUPLICATE,,,생략
사본발급번호,COPYISSNO,DUPLICATE ISSUE NUMBER,,분류어,생략
사본번호,COPYNO,COPY NUMBER,,분류어,생략
사본총계번호,CTSNO,COPY TOTAL SUM NUMBER,,분류어,생략
사분면,QDRNT,QUADRANT,,,생략
사분위수,QTL,QUARTILE,,,생략
사산,STILBR,STILLBIRTH,,,생략
사살,SHTDTH,SHOOTING TO DEATH,,,생략
사상,DAI,DEATH AND INJURY,,,생략
사상자,CSLTY,CASUALTY,,,생략
사생활,PVTLIF,PRIVATE LIFE,,,생략
사서함,MLBX,MAIL BOX,,,생략
사서함번호,MBNO,MAIL BOX NUMBER,,분류어,생략
사설,PEB,PRIVATE ESTABLISHMENT,,,생략
사소,MINOR,MINOR,,,생략
사실,FACT,FACT,,,생략
사실상,ACTLY,ACTUALLY,,,생략
사실상지적,ACTLDREG,ACTUALLY LAND REGISTER,,,생략
사실심,FDPS,FACT-FINDING PROCEEDINGS,,,생략
사실혼,DCTRR,DE FACTO MARRIAGE,,,생략
사양,SPEC,SPECIFICATION,,,생략
사양서,TCSPEC,TECHNICAL SPECIFICATION,,,생략
사업,PRJ,PROJECT,프로젝트,,생략
사업,BIZ,BUSINESS,"비즈니스,비지니스",,생략
사업ID,BIZID,BUSINESS IDENTIFICATION,,,생략
사업계획,PRJPLN,PROJECT PLANNING,,,생략
사업관리,PRJMGT,PROJECT MANAGEMENT,,,생략
사업관리번호,PMNO,PROJECT MANAGEMENT NUMBER,,분류어,생략
사업관리자,PM,PROJECT MANAGER,PM,,생략
사업관리정보시스템,PMIS,PROJECT MANAGEMENT INFORMATION SYSTEM,,,생략
사업번호,BIZNO,BUSINESS NUMBER,,분류어,생략
사업분류,PRJCLS,PROJECT CLASSIFICATION,,,생략
사업분야,BSR,BUSINESS AREA,,,생략
사업비,BIZCST,BUSINESS COST,사업비용,,생략
사업상태코드,BIZSTCD,BUSINESS STATE CODE,,분류어,생략
사업설명회,BIZPRST,BUSINESS PRESENTATION,,,생략
사업성과관리제도,EVMS,EARNED VALUE MANAGEMENT SYSTEM,,,생략
사업소,ENTOFC,ENTERPRISE OFFICE,사업장,,생략
사업소요,PRJRQM,PROJECT REQUIREMENT,,,생략
사업용,FORBIZ,FOR BUSINESS,,,생략
사업유형,BTYP,BIZ TYPE,,,생략
사업자,BIZPSN,BUSINESS PERSON,,,생략
사업자등록번호,BORNO,BUSINESS OWNER REGISTRATION NUMBER,사업자번호,분류어,생략
사업자등록증,BIZLCS,BUSINESS LICENSE,,,생략
사업장기호,PLCBSSMBL,PLACE OF BUSINESS SYMBOL,,분류어,생략
사업장내,INDBC,INSIDE BUSINESS PLACE,,,생략
사업팀장,PJL,PROJECT LEADER,,,생략
사여단,DIVNBRG,DIVISION AND BRIGADE,,,생략
사여단급,DABCS,DIVISION AND BRIGADE CLASS,,,생략
사영보험,PVTINSR,PRIVATE INSURANCE,,,생략
사외,OUTCMPNY,OUTSIDE COMPANY,,,생략
사용,USE,USE,,,생략
사용가,AVST,AVAILABLE STATUS,,,생략
사용계획,USGPLN,USAGE PLAN,,,생략
사용구분코드,USEDVCD,USE DIVISION CODE,,분류어,생략
사용군및기관코드,UMAOCD,USE MILITARY AND ORGAN CODE,,분류어,생략
사용기간,USGPD,USAGE PERIOD,,,생략
사용대차,DBTCRD,DEBT AND CREDIT,,,생략
사용동원,MBUSE,MOBILIZATION FOR USE,,,생략
사용량,AMTUSE,AMOUNT USED,,,생략
사용료,RNTFEE,RENTAL FEE,,,생략
사용불가,UDSL,USE DISALLOWANCE,,,생략
사용빈도코드,UFCD,USE FREQUENCY CODE,,분류어,생략
사용상태,USGSTT,USAGE STATUS,,,생략
사용수명,SRVCLF,SERVICE LIFE,,,생략
사용수익권,USF,USUFRUCT,,,생략
사용시간,USGTM,USAGE TIME,,,생략
사용실적,USACR,USE ACTUAL RESULT,,,생략
사용용도,UPUR,USE PURPOSE,,,생략
사용일자,USEDT,USE DATE,사용일,,생략
사용자,USER,USER,"PERSON,USER",,생략
사용자권한,USRTH,USER AUTHORITY,,,생략
사용자대기기간,CWT,CUSTOMER WAIT TIME,,,생략
사용자번호,USERNO,USER NUMBER,,분류어,생략
사용자시험,USRTST,USER TEST,,,생략
사용자신청번호,USERAPLNO,USER APPLICATION NUMBER,,분류어,생략
사용자정비,USRMTN,USER MAINTENANCE,,,생략
사용자정의,UDF,USER DEFINITION,,,생략
사용장려,UENC,USE ENCOURAGEMENT,,,생략
사용전시험일자,TBUD,TEST BEFORE USE DATE,사용전시험일,,생략
사용통제량,UCQ,USE CONTROL QUANTITY,,,생략
사용허가,LCSNG,LICENSING,,,생략
사용후,AFTUS,AFTER USE,,,생략
사우나,SAUNA,SAUNA,,,생략
사원,EMPLYE,EMPLOYEE,회사원,,생략
사원감염,EMIFC,EMPLOYEE INFECTION,,,생략
사위,DECEIT,DECEIT,,,생략
사유,RSN,REASON,,분류어,생략
사유서,LTFRSN,LETTER FOR THE REASON,,,생략
사유지,PRVTLND,PRIVATE LAND,,,생략
사은,RPAYKND,REPAYING A KINDNESS,,,생략
사이버,CYBER,CYBER,,,생략
사이버보고서유형코드,CBRRPRTTYCD,CYBER REPORT TYPE CODE,,분류어,생략
사이버안전,CYBERSAFE,CYBER SAFETY,,,생략
사인,CSODTH,CAUSE OF DEATH,,,생략
사인증여,GCVDH,GIFT EFFECTIVE UPON DEATH,,,생략
사적지,HISTST,HISTORIC SITE,,,생략
사전,DCTN,DICTIONARY,,,생략
사전,ADVNC,ADVANCE,,,생략
사전배치,PRPST,PRE-POSITION,,,생략
사전비축,PRPSMTR,PREPOSITIONING OF MATERIEL,,,생략
사전유형코드,DCTNTYCD,DICTIONARY TYPE CODE,,분류어,생략
사전평가,BHEVAL,BEFOREHAND EVALUATION,,,생략
사전평가등급코드,DCTNEVLGRCD,DICTIONARY EVALUATION GRADE CODE,,분류어,생략
사정,REVSN,REVISION,,,생략
사정거리,GR,GUNNERY RANGE,최대사거리,분류어,생략
사정률,CRBA,COMPUTATION RATE OF BASIS AMOUNT,사정율,,생략
사제,PRVMF,PRIVATE MANUFACTURE,,,생략
사진,PHOTO,PHOTO,,,생략
사진첩,PHOTOALBM,PHOTO ALBUM,,,생략
사채,CPBND,CORPORATE BONDS,회사채,,생략
사채권자,DBNTHLD,DEBENTURE HOLDER,,,생략
사채모집,BDRP,BOND SUBSCRIPTION,,,생략
사채원부,BDTR,BOND REGISTER,,,생략
사출추진장치,CRTG,CARTRIDGE ACTUATED DEVICE,,,생략
사출탄,SHTSHL,SHOOTING OUT SHELL,,,생략
사치,LXRY,LUXURY,,,생략
사태,INCDNT,INCIDENT,,,생략
사태구분코드,STDVSCD,STATE DIVISION CODE,,분류어,생략
사태분석도,INCAP,INCIDENT ANALYSIS PICTURE,,,생략
사택,CNYS,COMPANY HOUSE,,,생략
사토,SNDSL,SANDY SOIL,,,생략
사표,FRTBL,FIRING TABLE,,,생략
사하지점,OCP,OFF CARRIER POSITION,,,생략
사항,MATR,MATTER,REMARK,,생략
사해행위,FRDACT,FRAUDULENT ACT,,,생략
사행,SPCLTN,SPECULATION,,,생략
사행성,SPCLAT,SPECULATION,,,생략
사행심,SPCLSPR,SPECULATIVE SPIRIT,,,생략
사향속,SHEAF,SHEAF,,,생략
사형,CPTPSH,CAPITAL PUNISHMENT,,,생략
사회,SOCT,SOCIETY,,,생략
사회보장,SCLSCRT,SOCIAL SECURITY,,,생략
사회자,EMCEE,EMCEE,,,생략
사후,PSTFT,POST-FACTUM,,,생략
사후관리,FLWSRV,FOLLOW-UP SERVICE,,,생략
사후평가,PSEVAL,POST EVALUATION,,,생략
삭감,CUT,CUT,,,생략
삭모,SHRNG,SHEARING,,,생략
삭모도구,SHINR,SHEARING INSTRUMENT,,,생략
삭제,DEL,DELETION,"DELETE,DEL",,생략
삭제사유,DTRN,DELETE REASON,,,생략
삭제일자,DELDT,DELETION DATE,삭제일,,생략
삭제자,DELPSN,DELETE PERSON,,,생략
산,SAN,SAN,,분류어,생략
산림,FREST,FOREST,,,생략
산림보전지역,FPA,FOREST PRESERVATION AREA,,,생략
산림화,FRESTD,FORESTED,,,생략
산명,MTNM,NAME OF MOUNTAIN,,,생략
산모,WHC,WOMAN IN HER CONFINEMENT,,,생략
산번지,MTLNBR,MOUNTAIN LOT NUMBER,,,생략
산보,MNTNSTP,MOUNTAIN STEP,,,생략
산부인과,OG,"OBSTETRICS, GYNECOLOGY",,,생략
산사태,LNDSLD,LANDSLIDE,,,생략
산성,ACD,ACIDIC,,,생략
산소,OXGN,OXYGEN,,,생략
산소포화도,OXYGENS,OXYGEN SATURATION,,,생략
산술,ARITHMT,ARITHMETIC,,,생략
산술식,ARTHEXP,ARITHMETIC EXPRESSION,,,생략
산술운용수준,AROPRLVL,ARITHMETIC AVERAGE METHOD OPERATING LEVEL,산술OL,,생략
산술평균,ARTHAVG,ARITHMETIC AVERAGE,,,생략
산술평균수요,AAD,ARITHMETIC AVERAGE DEMAND,산술AD,,생략
산아,BIRT,BIRTH CONTROL ,,,생략
산악,MNTN,MOUNTAIN,,,생략
산악기상지점코드,MNTNWTSOCD,MOUNTAIN WEATHER SPOT CODE,,분류어,생략
산업,INDU,INDUSTRY,,,생략
산업금융채권,INFDBT,INDUSTRIAL FINANCIAL DEBENTURES,,,생략
산업기능요원,ICPNN,INDUSTRIAL TECHNICAL PERSONNEL,,,생략
산업대분류코드,INDLCLSCD,INDUSTRY LARGE CLASSIFICATION CODE,,분류어,생략
산업동원,INDMB,INDUSTRIAL MOBILIZATION,,,생략
산업분류,INDCLS,INDUSTRIAL CLASSIFICATION,,,생략
산업세분류코드,INDDCLSCD,INDUSTRY DETAIL CLASSIFICATION CODE,,분류어,생략
산업소분류코드,INDSCLSCD,INDUSTRY SMALL CLASSIFICATION CODE,,분류어,생략
산업재산권,INDPRPT,INDUSTRIAL PROPERTY,,,생략
산업재산권구분코드,INDPRTDVCD,INDUSTRIAL PROPERTY DIVISION CODE,,분류어,생략
산업재산권진단,IDTYTW,INDUSTRIAL PROPERTY RIGHTS REVIEW,,,생략
산업재해보상보험,IACI,INDUSTRIAL ACCIDENT COMPENSATION INSURANCE,,,생략
산업중분류코드,INDMCLSCD,INDUSTRY MIDDLE CLASSIFICATION CODE,,분류어,생략
산업체,INDPDR,INDUSTRY PRODUCERS,,,생략
산업훈장,OISM,ORDER OF INDUSTRIAL SERVICE MERIT,,,생략
산입,CALAT,CALCULATING,,,생략
산재,INDUSAC,INDUSTRIAL ACCIDENT ,,,생략
산전검사,PRTST,PRENATAL TESTS,,,생략
산정,CPTN,COMPUTATION,,,생략
산정일자,CPTNDT,COMPUTATION DATE,산정일,,생략
산정특례구분코드,CSCDCD,COMPUTATION SPECIAL CASE DIVISION CODE,,분류어,생략
산출,CALCLTN,CALCULATION,,,생략
산출단계코드,CALCSCD,CALCULATION STEP CODE,,분류어,생략
산출단위코드,CALUICD,CALCULATION UNIT CODE,,분류어,생략
산출량,OUTPT,OUTPUT,산출수량,,생략
산출물,PRODCT,PRODUCT,산물,,생략
산하,AFFLT,AFFILIATED,,,생략
산화,OXD,OXIDATION,,,생략
산화물,OXIDE,OXIDE,,,생략
산화질소,NTGOXD,NITROGEN OXIDE,,,생략
살,FLESH,FLESH,,,생략
살구나무,APRCT,APRICOT,,,생략
살균,STRZN,STERILIZATION,,,생략
살상,KOW,KILL OR WOUND,,,생략
살수,WTRNG,WATERING,,,생략
살수장치,SPRAYR,SPRAYER,,,생략
살충,FLEINS,FLESH INSECT,,,생략
살포,SCTRNG,SCATTERING,,,생략
살포식,SCTTP,SCATTERING TYPE,,,생략
살포식지뢰,FASCAM,FAMILY OF SCATTERABLE MINE,"FASCAM,지뢰살포탄",,생략
삶,LF,LIFE,,,생략
삼중,TRPL,TRIPLE,3중,,생략
삼청교육피해자,SSFF,SAMCHEONG EDUCATION SUFFERER,,,생략
삽관,INTBTN,INTUBATION,INTUBATION,,생략
삽입,INSRT,INSERT,,,생략
삽화,ILLSTR,ILLUSTRATION,삽도,,생략
상,FRSTCLS,FIRST CLASS,,,생략
상,PRZ,PRIZE,,,생략
상,FTVP,FROM THE VIEW-POINT,,,생략
상,IMG,IMAGE,,,생략
상,UPRPT,UPPER PART,,,생략
상가,GRDNG,GROUNDING,,,생략
상가대,BLDBTH,BUILDING BERTH,선대,,생략
상각자산,DRLSS,DEPRECIABLE ASSETS,,,생략
상갑판,UPPDCK,AN UPPER DECK,,,생략
상거래,BIZDL,BUSINESS DEAL,,,생략
상계,SETOFF,SETOFF,,,생략
상계거래,CTRTRD,COUNTER TRADE,,,생략
상공,UPAIR,UPPER AIR,,,생략
상관계수,COCOEF,CORRELATION OF COEFFICIENT,,,생략
상권,TRDAR,TRADING AREA,,,생략
상근,FTEMP,FULL-TIME EMPLOYMENT,,,생략
상근예비역,PMNTRSV,PERMANENT RESERVE,,,생략
상급,UPGRD,UPPER GRADE,,,생략
상급부대,SPUNIT,SUPERIOR UNIT,,,생략
상급부대코드,SUCD,SUPERIOR UNIT CODE,,,생략
상급자,SUPRR,SUPERIOR,상위자,,생략
상급적부대,SPEUNIT,SUPERIOR ENEMY UNIT,,,생략
상단,UPPOR,UPPER PORTION,,,생략
상담,CNSL,COUNSEL,,,생략
상담등록,CSREG,COUNSEL REGISTRATION,,,생략
상담원,CNSLR,COUNSELLER,,,생략
상담중,DCLTN,DURING CONSULTANT,,,생략
상당,SZABL,SIZEABLE,,,생략
상대,OPP,OPPONENT,,,생략
상대국가,OTHRPTY,OTHER PARTY,상대국,,생략
상대방,OPPNT,OPPONENT,상대편,,생략
상대일,DAS,DATE OF ADDITION AND SUBTRACTION,,,생략
상대자,CTRPT,COUNTERPART,,,생략
상대자번호,CTRPTNO,COUNTERPART NUMBER,,분류어,생략
상대적,RLTV,RELATIVE,,,생략
상대평가,RLTEVL,RELATIVE EVALUATION,,,생략
상등병,CRPR,CORPORAL,상병,,생략
상류,UPCLS,UPPER CLASSES,,,생략
상륙,PHIB,AMPHIBIOUS,,,생략
상륙단,LANDT,LANDING TEAM,,,생략
상륙돌격장갑차,AAV,AMPHIBIOUS ASSAULT VEHICLE,"AAV,상륙장갑차",,생략
상륙목표지역,AOA,AMPHIBIOUS OBJECTIVE AREA,,,생략
상륙우선순위표,LPT,LANDING PRIORITY TABLE,,,생략
상륙작전,AMPOP,AMPHIBIOUS OPERATION,,,생략
상륙작전명령번호,PHIBOONO,AMPHIBIOUS OPERATION ORDER NUMBER,,분류어,생략
상륙장소,LNDSITE,LANDING SITE,,,생략
상륙장소번호,LSNO,LANDING SITE NUMBER,,분류어,생략
상륙전,AMW,AMPHIBIOUS WARFARE,,,생략
상륙종별구분코드,PHIBCLSDVCD,AMPHIBIOUS CLASSIFICATION DIVISION CODE,,분류어,생략
상륙종별번호,PHIBCLSNO,AMPHIBIOUS CLASSIFICATION NUMBER,,분류어,생략
상륙종별파코드,PHIBCLSWVCD,AMPHIBIOUS CLASSIFICATION WAVE CODE,,분류어,생략
상륙주정,LDCRFT,LANDING CRAFT,,,생략
상륙지원단,ASG,AMPHIBIOUS SUPPORT GROUP,,,생략
상륙지점,LNDPNT,LANDING POINT,,,생략
상륙해안,LDBC,LANDING BEACH,,,생략
상륙해안색상코드,PHIBCOSCLCD,AMPHIBIOUS COAST COLOR CODE,,분류어,생략
상방,UPPRT,UPPER PART,,,생략
상벌,RWDPNSH,REWARD AND PUNISHMENT,,,생략
상벌발췌,RPEXTR,REWARD AND PUNISHMENT EXTRACT,,,생략
상병,SCKWND,SICK AND WOUNDED,,,생략
상부,UPRPRT,UPPER PART,,,생략
상부구조물,SPRSTRCT,SUPERSTRUCTURE,,,생략
상비군,SDARMY,STANDING ARMY,,,생략
상비품,RSVSPL,RESERVE SUPPLIES,,,생략
상사,MSTSGT,MASTER SERGEANT,,,생략
상사회사,CRCMY,COMMERCIAL COMPANY,,,생략
상선,MCSHP,MERCHANT SHIP,,,생략
상설,PRMESTBL,PERMANENT ESTABLISHMENT,,,생략
상세,DTL,DETAIL,,,생략
상세검증,DTVRF,DETAIL VERIFICATION,,,생략
상세도,DID,DRAWING IN DETAIL,,,생략
상세분류,DTLCF,DETAIL CLASSIFICATION,,,생략
상세설계,DTDSGN,DETAIL DESIGN,,,생략
상세설계검토,CDR,CRITICAL DESIGN REVIEW,CDR,,생략
상세오류번호,DTLERRNO,DETAIL ERROR NUMBER,,분류어,생략
상세유형,DLYP,DETAIL TYPE,,,생략
상세주소,DADDR,DETAILED ADDRESS,,,생략
상세처방,DTPRS,DETAIL PRESCRIPTION,,,생략
상세형규격,DTSPC,DETAIL SPECIFICATION,,,생략
상속,IHT,INHERITANCE,,,생략
상속권,INHRRT,RIGHT OF INHERITANCE,,,생략
상속법,IHRTN,INHERITANCE ACT,,,생략
상속분,SRINHR,SHARE OF INHERITANCE,,,생략
상속재산,IHRTY,INHERITED PROPERTY,,,생략
상쇄,CTBLC,COUNTER BALANCE,,,생략
상수,CST,CONSTANT,,,생략
상수,DRKWTR,DRINKING WATER,,,생략
상수도,WTRWRK,WATERWORKS,,,생략
상순,ERMTH,EARLY MONTH,,,생략
상습범,HBOFND,HABITUAL OFFENDER,,,생략
상승,RISE,RISE,,,생략
상시,ALWS,ALWAYS,,,생략
상식,COMSEN,COMMON SENSE ,,,생략
상신,RTSOFC,REPORT TO ONE`S SUPERIOR OFFICIAL,,,생략
상신불가,RDSL,REPORT TO ONE`S SUPERIOR OFFICIAL DISALLOWANCE,,,생략
상신서,WRTRPT,WRITTEN REPORT,,,생략
상신일자,RTOSODT,REPORT TO ONE`S SUPERIOR OFFICIAL DATE,상신일,,생략
상실,FRFTR,FORFEITURE,,,생략
상악,UPJAW,UPPER JAW,,,생략
상업,CMCBIZ,COMMERCIAL BUSINESS,,,생략
상업구매,CP,COMMERCIAL PURCHASE,,,생략
상업등기부,CRGT,COMMERCIAL REGISTER,,,생략
상업사용인,CMCEMP,COMMERCIAL EMPLOYEE,,,생략
상업신용장,CTCR,COMMERCIAL LETTER OF CREDIT,,,생략
상업어음,CMCBL,COMMERCIAL BILL,,,생략
상업판매,CMCSL,COMMERCIAL SALE,,,생략
상여,RWD,REWARD,,,생략
상여금,BONUS,BONUS,상여금액,,생략
상옥,SHED,SHED,,,생략
상용,CMCUSE,COMMERCIAL USE,,,생략
상용물자,CIM,COMMERCIAL ITEM MATERIEL,CIM,,생략
상용차,COMMERCAR,COMMERCIAL CAR,,,생략
상용품목,COTS,COMMERCIAL OFF THE SHELF,COTS,,생략
상용품목,CTI,COMMERCIAL TYPE ITEMS,,,생략
상위,HGRNK,HIGH RANK,,,생략
상위번호,HRNO,HIGH RANK NUMBER,,분류어,생략
상위부대,HGUNIT,HIGHER UNIT,,,생략
상위부대코드,HUCD,HIGHER UNIT CODE,,,생략
상응,CRSPND,CORRESPONDENCE,,,생략
상의,TOP,TOP,윗옷,,생략
상이,INJR,INJURY,,,생략
상이,DFF,DIFFERENT,,,생략
상이등급코드,DFFGCD,DIFFERENT GRADE CODE,,분류어,생략
상이연금,PSFNDWS,PENSION FUND FOR A WOUNDED SOLDIER,,,생략
상이일자,INJRDT,INJURY DATE,상이일,,생략
상임,PRMPST,PERMANENT POST,,,생략
상장,LSTNG,LISTING,,,생략
상전력상태코드,UEPWRSCD,UPPER PART ELECTRIC POWER STATE CODE,,분류어,생략
상점,PRZP,PRIZE POINTS,,,생략
상주,RSDNC,RESIDENCE,,,생략
상중급,UMGRD,UPPER MIDDLE GRADE,,,생략
상지,UPREXTR,UPPER EXTREMITY,,,생략
상징,SYMBL,SYMBOL,,,생략
상층,UPLYR,UPPER LAYER,,,생략
상층운,HLVCLD,HIGH LEVEL CLOUDS,,,생략
상태,STATE,STATE,STATUS,,생략
상태검사,EI,EVALUATION AND INSPECTION,EI,,생략
상태구분코드,STATEDVSCD,STATE DIVISION CODE,,분류어,생략
상태기준정비,CBM,CONDITION BASED MAINTENANCE,,,생략
상태분석검사,ACI,ANALYTICAL CONDITION INSPECTION,,,생략
상태이상,SABN,STATE ABNORMALITY,,,생략
상태점검,STCHK,STATE CHECK,,,생략
상태확인,SCFM,STATE CONFIRMATION,,,생략
상판,BEDPLT,BED PLATE,,,생략
상표,BRND,BRAND,브랜드,,생략
상품,PRDT,PRODUCT,,,생략
상품명,PRDTNM,PRODUCT NAME,,,생략
상품유형,GDTP,GOODS TYPE,,,생략
상품주식,GOODSSTOCK,GOODS STOCK,,,생략
상하,HHLW,HIGH AND LOW,,,생략
상하수도,WTRSWR,WATER AND SEWAGE,,,생략
상하행,GOUPDN,GOING UP AND DOWN,,,생략
상하행구분코드,GOUPDNDVSCD,GOING UP AND DOWN DIVISION CODE,,분류어,생략
상한,UPRLMT,UPPER LIMIT,,,생략
상한가,UPLMTPC,UPPER LIMIT PRICE,,,생략
상한값,UPRLMTVAL,UPPER LIMITVALUE,,분류어,생략
상한고도,UPRLMTALT,UPPER LIMIT ALTITUDE,,분류어,생략
상한부등호,USGN,UPPER LIMIT A SIGN OF INEQUALITY,,,생략
상해,INJRY,INJURY,,,생략
상해보험,ACINSR,ACCIDENT INSURANCE,,,생략
상해외인,FOI,FACTOR OF INSURY,,,생략
상해죄,IRYCM,INJURY CRIME,,,생략
상행,GOUP,GOING UP,,,생략
상행위,CMCLTN,COMMERCIAL TRANSACTION,,,생략
상향,UPTRD,UPTREND,,,생략
상향집단평가,UPGREVL,UPTREND GROUP EVALUATION,,,생략
상향평가,UPEVL,UPTREND EVALUATION,,,생략
상향평정,UPEVT,UPTREND EVALUATION,,,생략
상호,FRMNM,FIRM NAME,,,생략
상호,MTL,MUTUAL,,,생략
상호군수보급지원협정,CLSSA,COOPERATE LOGISTIC SUPPLY SUPPORT AGREEMENT,"CLSSA,군수보급지원협정",,생략
상호군수지원,MLS,MUTUAL LOGISTICS SUPPORT,,,생략
상호보증금,MLYY,MUTUALITY GUARANTY MONEY,,,생략
상호운용성,ITOP,INTEROPERABILITY,,,생략
상호운용성세부수준코드,IDLVCD,INTEROPERABILITY DETAILS LEVEL CODE,,분류어,생략
상호운용성수준,LISI,LEVELS OF INFORMATION SYSTEMS INTEROPERABILITY,,,생략
상호운용성수준코드,ILVCD,INTEROPERABILITY LEVEL CODE,,분류어,생략
상호운용성프로파일,INOPPFL,INTEROPERABLE PROFILE,,,생략
상호작용,INTACT,INTERACTION,,,생략
상호지원,MTLSPT,MUTUAL SUPPORT,,,생략
상환,RDPT,REDEMPTION,,,생략
상환금,RPAYMNT,REPAYMENTS,,,생략
상환액,RDPTAMT,REDEMPTION AMOUNT,,,생략
상환일자,RDTDT,REDEMPTION DATE,상환일,,생략
상환주식,RDMSTK,REDEEMABLE STOCK,,,생략
상환준비금,RRVXH,RESERVE FOR EXCHANGE,,,생략
상황,SITATN,SITUATION,,,생략
상황도,STMP,SITUATION MAP,,,생략
상황도도시요소설명번호,SMDITMEXPLNO,SITUATION MAP DISPLAY ITEM EXPLANATION NUMBER,,분류어,생략
상황도레이어구분코드,STMPLAYRDVCD,SITUATION MAP LAYER DIVISION CODE,,분류어,생략
상황도시,STIL,SITUATION ILLUSTRATION,,,생략
상황도지도종류코드,STMPMAPKNCD,SITUATION MAP MAP KIND CODE,,분류어,생략
상황번호,STNO,SITUATION NUMBER,,분류어,생략
상황보고,SITREP,SITUATION REPORT,,,생략
상황보고번호,STRPTNO,SITUATION REPORT NUMBER,,분류어,생략
상황세트번호,SSNO,SITUATION SET NUMBER,,분류어,생략
상황일지번호,SITDRNO,SITUATION DIARY NUMBER,,분류어,생략
상황판,BRFBRD,BRIEFING BOARD,,,생략
상황판단,ESTST,ESTIMATE OF THE SITUATION,,,생략
상훈,PRZDCR,PRIZE AND A DECORATION,,,생략
상훈명령,PADORD,PRIZE AND A DECORATION ORDER,,,생략
상훈일자,PRZDCRDT,PRIZE AND A DECORATION DATE,상훈일,,생략
상훈징계코드일련번호,PDDCSNO,PRIZE AND A DECORATION DISCIPLINE CODE SERIAL NUMBER,,분류어,생략
샅,GROIN,GROIN,,,생략
새마을금고,KFCC,SAEMAEUL FINANCE FIRM,,,생략
새마을운동,SMLMV,SAEMAEUL MOVEMENT,,,생략
새폴더,NFLDR,NEW FOLDER,,,생략
색깔,CLR,COLOR,"빛깔,색",,생략
색료,CLMTRL,COLOR MATERIAL,,,생략
색맹,CLRBLD,COLOR BLINDNESS,,,생략
색맹구분코드,CBDVCD,COLOR BLINDNESS DIVISION CODE,,분류어,생략
색상,CLRTN,COLOR TONE,,,생략
색상표,CLRTB,COLOR TABLE,,,생략
색약,DSKRMP,DYSCHROMATOPSIA,,,생략
색인,IDX,INDEX,"인덱스,INDEX",,생략
색인번호,IDXNO,INDEX NUMBER,,분류어,생략
색출,SRCHOUT,SEARCHING OUT,,,생략
색출번호,SRCHOUTNO,SEARCH OUT NUMBER,,분류어,생략
색칠,CLRG,COLORING,,,생략
색해안,CLBCH,COLORED BEACH,,,생략
생계,LIVELHD,LIVELIHOOD,,,생략
생계비,LVEXP,LIVING EXPENSE,,,생략
생고무,RRUBR,RAW RUBBER,,,생략
생년,LIFYEA,LIFESTYLE YEAR,,,생략
생년월일,BIRTHDT,BIRTHDATE,,분류어,생략
생리,PHSLG,PHYSIOLOGY,,,생략
생리통,DYSM,DYSMENORRHEA,,,생략
생리학적,PHSICLG,PHYSIOLOGICAL,,,생략
생물농약,BTPCD,BIOTIC PESTICIDE,,,생략
생물무기,BLLN,BIOLOGICAL WEAPONS,,,생략
생물적,BLCL,BIOLOGICAL,,,생략
생물학,BLGY,BIOLOGY,,,생략
생물학작용제분류코드,BADCD,BIOLOGY AGONIST DIVISION CODE,,분류어,생략
생물학작용제종류코드,BAKCD,BIOLOGY AGONIST KIND CODE,,분류어,생략
생방송,LVBDT,LIVE BROADCASTING,,,생략
생사,LDTH,LIFE AND DEATH,,,생략
생사,RSILK,RAW SILK,,,생략
생산,PRDCN,PRODUCTION,,,생략
생산계획,PRDPLN,PRODUCTION PLAN,,,생략
생산공정,PRDPRC,PRODUCTION PROCESS,,,생략
생산관리,PRDCMGT,PRODUCTION MANAGEMENT,,,생략
생산국,NAPRD,NATION OF PRODUCTION,,,생략
생산년도,PRDTYR,PRODUCTION YEAR,,,생략
생산능력,PRDCP,PRODUCTIVE CAPACITY,,,생략
생산량,PRDCNQTY,PRODUCTION QUANTITY,,,생략
생산물,PRODUCT,PRODUCT,,,생략
생산성,PRDCTV,PRODUCTIVITY,,,생략
생산수당,PRDALW,PRODUCTION ALLOWANCE,,,생략
생산일자,PRDCNDT,PRODUCTION DATE,생산일,,생략
생산자,PRDCR,PRODUCER,,,생략
생산자물가지수,PPI,PRODUCER PRICE INDEX,,,생략
생산자번호,PRDNO,PRODUCER NUMBER,,분류어,생략
생산제원,PRDDT,PRODUCTION DATA,,,생략
생산품,PRDUCT,PRODUCT,산품,,생략
생성,CRT,CREATION,,,생략
생성기,MOC,MACHINE OF CREATION,,,생략
생성일자,CRTDT,CREATION DATE,생성일,,생략
생성자,CRTOR,CREATOR,,,생략
생수,BOTLW,BOTTLED WATER ,,,생략
생식,PRCRTN,PROCREATION,,,생략
생식기관,RPVG,REPRODUCTIVE ORGAN,,,생략
생애,LFE,LIFE,,,생략
생업,DLJB,DAYILY JOB,,,생략
생일,BRTHDY,BIRTHDAY,"출생일,출생일자",,생략
생장조절,GTHGT,GROWTH REGULATING,,,생략
생존,SRVL,SURVIVAL,,,생략
생존성,SVBLT,SURVIVABILITY,,,생략
생체,ORGNM,ORGANISM,,,생략
생체검사,BIOPSY,BIOPSY,,,생략
생필품,LVNCS,LIVING NECESSARIES,,,생략
생화학,BCHM,BIOCHEMICAL,,,생략
생환,RTNALV,RETURNING ALIVE,,,생략
생환장구,SFG,SAFETY FLIGHT GEAR,,,생략
생환훈련과정코드,RTNTRNCLMCD,RTNALV TRNNG CRCLM CODE,,분류어,생략
생활,LIVNG,LIVING,,,생략
생활관,DMTR,DORMITORY,,,생략
생활관명,DMTRNM,DORMITORYNAME,,분류어,생략
생활안정자금,STBLVFND,STABILIZED LIVING FUND,,,생략
생활용품,LVSPL,LIVING SUPPLIES,,,생략
샤워기,SHWR,SHOWER,,,생략
샤워실,SWRM,SHOWER ROOM,,,생략
섀클,SHKL,SHACKLE,삭클,,생략
서,WEST,WEST,,,생략
서,OFC,OFFICE,,,생략
서가,BKSHL,BOOKSHELF,배가,,생략
서경,WSTLN,THE WEST LONGITUDE,,분류어,생략
서기,STDNG,STANDGING,,,생략
서기관,FRGROFC,A FOURTH GRADE OFFICIAL,,,생략
서류,DCMTS,DOCUMENTS,,,생략
서명,SIGNTR,SIGNATURE,,,생략
서명일자,SIGNDT,SIGNATURE DATE,서명일,,생략
서명자,SGNR,SIGNER,,,생략
서무,GRFRS,GENERAL AFFAIRS,,,생략
서문,HDBK,THE HEAD OF A BOOK,,,생략
서버,SVR,SERVER,,,생략
서버파일,SVFL,SERVER FILE,,,생략
서부,WSTPRT,WESTERN PART,,,생략
서브넷,SUBNET,SUBNET,,,생략
서브메뉴,SBMNU,SUBMENU,,,생략
서브폼,SUBFRM,SUB FORM,,,생략
서비스,SERVICE,SERVICE,,,생략
서비스관리권한,SRVMNGH,SERVICE MANAGEMENT RIGHT,,,생략
서비스목록,SVRLST,SERVICE LIST,,,생략
서손,ERPP,ERROR PAPERS,,,생략
서술,DSCRTN,DESCRIPTION,,,생략
서술문,DSCSTN,DESCRIPTIVE SENTENCE,,,생략
서술어,PREDCT,PREDICATE,,,생략
서술형,LAQUS,LONG-ANSWER QUESTIONS,,,생략
서식,FRMT,FORMAT,"양식,포맷",,생략
서식함,STLBX,STYLE BOX,양식함,,생략
서신,EPST,EPISTLE,편지,,생략
서약,OATH,OATH,,,생략
서약서,WRTOATH,WRITTEN OATH,,,생략
서양,OCCDNT,OCCIDENT,,,생략
서열,RNK,RANK,,분류어,생략
서울,SEOUL,SEOUL,,,생략
서지,BLGRP,BIBLIOGRAPHY,,,생략
서철,DOCFL,DOCUMENT FILE,,,생략
서해,WSTSEA,WESTERN SEA,,,생략
서해활동,WSACT,WESTERN SEA ACTIVITY,,,생략
서훈,CNFR,CONFERMENT OF A DECORATION,,,생략
석,STCNT,SEAT COUNT,,,생략
석고붕대,PLSBAND,PLASTER BANDAGE,,,생략
석괴,STONE,STONE,,,생략
석면,ABSTS,ASBESTOS,,,생략
석명권,XPLNRT,RIGHT OF EXPLANATION,,,생략
석물,GRVSTN,GRAVE STONE,묘비,,생략
석박사,DOMATR,DOCTORATE AND MASTER,,,생략
석방,RLSE,RELEASE,,,생략
석사,MASTR,MASTER,,,생략
석식,DINR,DINNER,,,생략
석유,PTRLM,PETROLEUM,,,생략
석차,RNKNG,RANKING,,,생략
석탄광,CLMN,COAL MINE,,,생략
선,LN,LINE,"라인,줄",,생략
선,SHP,SHIP,,,생략
선,PRCDC,PRECEDENCE,,,생략
선가,SLPWY,SLIPWAY,,,생략
선거,DOCK,DOCK,"독,도크",,생략
선거대,DCFCL,DOCK FACILITY,,,생략
선거비용,EPSNMG,EXPENSES FOR AN ELECTION CAMPAIGN,,,생략
선거인명부조회단말기,VIDFTM,VOTER IDENTIFICATION TERMINAL,,,생략
선거일,ELEDE,ELECTION DAY,,,생략
선고,ADJU,ADJUDICATION,,,생략
선고유예,SPSC,SUSPENSION OF SENTENCE,,,생략
선고지번호,PNNO,PRECEDENCE NOTICE NUMBER,,분류어,생략
선공,HOT,HOT,,,생략
선교루,BRGHS,BRIDGE HOUSE,,,생략
선구역통제수단,LNSCRME,LINE SECTOR CONTROL MEASURES,,,생략
선구역통제수단구분코드,LNSCRMEDVCD,LINE SECTOR CONTROL MEASURES DIVISION CODE,,분류어,생략
선굵기코드,LTKCD,LINE THICKNESS CODE,,분류어,생략
선금,PRPAY,PREPAYMENT,선금액,,생략
선급,ADVPMNT,ADVANCE PAYMENT,,,생략
선급금,MNPD,MONEY PAID IN ADVANCE,"선급금액,선급액",,생략
선급대상자,ADPYTPSN,ADVANCE PAYMENT TARGETED PERSON,,,생략
선급법인,CSFCR,CLASSIFICATION CORPORATION,,,생략
선납,PREPAY,PREPAYMENT,,,생략
선내간거리,ILD,INTRALINE DISTANCE,,,생략
선단,CNVY,CONVOY,,,생략
선도,LDRSHP,LEADERSHIP,,,생략
선도장치,PATHFND,PATHFINDER,,,생략
선동,INSTG,INSTIGATION,,,생략
선두,LEAD,LEAD,,,생략
선령,SHPAGE,SHIP AGE,,,생략
선로,RLWLN,RAILWAY LINE,,,생략
선로구분코드,LNROUTCD,LINE ROUTE SECTION CODE,,분류어,생략
선로번호,RLNO,RAILWAY LINE NUMBER,,분류어,생략
선매,PRISAL,PRIOR SALE,,,생략
선명,SHPNM,SHIP NAME,,,생략
선무,PCFCT,PACIFICATION,,,생략
선미,STRN,STERN,,,생략
선미등,STRNLIT,STERN LIGHT,,,생략
선미루,POOP,POOP,,,생략
선박,VSL,VESSEL,,,생략
선박공유자,CWH,CO-OWNER OF SHIP,,,생략
선박관리업,SPNBS,SHIP MANAGEMENT BUSINESS,,,생략
선박관리인,SHPGR,SHIP MANAGER,,,생략
선박길이,SPLNTH,SHIP LENGTH,,,생략
선박너비,SHDTH,SHIP WIDTH,,,생략
선박대여업,VSLDBIZ,VESSEL LENDING BUSINESS,,,생략
선박등기,SPRGTR,SHIP REGISTRATION,,,생략
선박번호,OFCNO,OFFICIAL NUMBER,,분류어,생략
선박보험,SHRN,SHIP INSURANCE,,,생략
선박소유자,SHIPOWNR,OWNER OF A SHIP,,,생략
선박우선특권,PRTSHP,PRIORITY RIGHT UPON SHIP,,,생략
선박운용회사,SPPRN,SHIP OPERATION COMPANY,,,생략
선박운항회사,VSSVCMPN,VESSEL SERVICE COMPANY,,,생략
선박원부,SHPRGST,SHIP REGISTER,,,생략
선박저당권,SRGG,SHIP MORTGAGE,,,생략
선박적재목록,OCMNFST,OCEAN MANIFEST,,,생략
선박주,SHIPER,SHIPPER,,,생략
선박직원,SHPL,SHIP EMPLOYEE,,,생략
선박충돌,CLLSP,COLLISION OF SHIP,,,생략
선박투자회사,VSIVTCMPN,VESSEL INVERSTMENT COMPANY,,,생략
선박항공기구분코드,VNADCD,VESSEL AND AIRCRAFT DIVISION CODE,,분류어,생략
선박회사,SHPCO,SHIPPING COMPANY,,,생략
선발,SEL,SELECTION,,,생략
선발대,ADVELM,ADVANCE ELEMENT,,,생략
선번호,PRCDCNO,PRECEDENCE NUMBER,,분류어,생략
선별,SELCTN,SELECTION,,,생략
선별심사,SJDG,SELECTION JUDGMENT,,,생략
선사,FSHROFC,FISHERIES OFFICE,,,생략
선색상코드,LNCLRTNCD,LINE COLOR TONE CODE,,분류어,생략
선석,BERTH,BERTH,,,생략
선수,BOW,BOW,이물,,생략
선수금,PRECDNT,PRECEDENT,,,생략
선수금환급보증,APBOND,ADVANCE PAYMENT BOND,AP-BOND,,생략
선수납,PRCC,PRECEDENCE RECEIPTANCE,,,생략
선수루,TOPFC,TOPGALLANT FORECASTLE,,,생략
선양,ENHC,ENHANCEMENT,,,생략
선언,DCLR,DECLARATION,,,생략
선원,SAILOR,SAILOR,,,생략
선원신분증명서,SFID,SEAFARER'S IDENTIFICATION DOCUMENT,,,생략
선율,DSRT,DOSE RATE,,분류어,생략
선율변화방식유형코드,DCWTCD,DOSE RATE CHANGE WAY TYPE CODE,,분류어,생략
선임,SNRT,SENIORITY,,,생략
선임무기배정장교,SWAO,SENIOR WEAPONS ASSIGNMENT OFFICER,,,생략
선임자,SNRMBR,SENIOR MEMBER,,,생략
선임작전당직장교,SODO,SENIOR OPERATIONS DUTY OFFICER,,,생략
선임통제사,SNRDRT,SENIOR DIRECTOR,,,생략
선입선출법,FIFO,"FIRST-IN, FIRST-OUT METHOD",FIFO,,생략
선저,BTMSHP,BOTTOM OF SHIP,,,생략
선적,SHPNG,SHIPPING,S/P,,생략
선적문서번호,SHPDOCNO,SHIPPING DOCUMENT NUMBER,,분류어,생략
선적선하증권,SHPBL,SHIPPED BILL OF LADING,선적서류선하증권,,생략
선적요구서,SHRQEST,SHIPPING REQUEST,,,생략
선적일자,SHPDT,SHIPMENT DATE,선적일,,생략
선적지,SHPLC,SHIPPING PLACE,,,생략
선적항,SHPRT,SHIPPING PORT,,,생략
선전,PRPGNDA,PROPAGANDA,,,생략
선정,SELTN,SELECTION,,,생략
선정일자,SELDT,SELECTION DATE,선정일,,생략
선정자,SELTR,SELECTOR,,,생략
선제공격,PRATK,PREEMPTIVE ATTACK,,,생략
선종,CIRCTKND,CIRCUIT KIND,,,생략
선종류코드,LNKNCD,LINE KIND CODE,,분류어,생략
선주,SHPOWN,SHIP OWNER,,,생략
선주상호보험조합,SPRSRC,SHIPOWNER MUTUAL INSURANCE ASSOCIATION,,,생략
선지급,PRPD,PREPAID,,,생략
선진국,ADCNTR,ADVANCED COUNTRY,,,생략
선진해운항공,SUNJIN,SUNJIN SHIPPING AND AIR CARGO CORPORATION,선진,,생략
선진해운항공내부번호,SUNJINNO,SUNJIN SHIPPING AND AIR CARGO CORPORATION INTERNAL NUMBER,,분류어,생략
선착,FSTARVL,FIRST ARRIVAL,,,생략
선착,LSHP,LAY A SHIP,,,생략
선착장,WHARF,WHARF,,,생략
선처치,PMDT,PRECEDENCE MEDICAL TREATMENT,,,생략
선체,HULL,HULL,,,생략
선체번호,HULLNO,HULL NUMBER,,분류어,생략
선출,ELECT,ELECTION,,,생략
선출원,PRIAPLC,PRIOR APPLICATION,,,생략
선충,NMTD,NEMATODE,,,생략
선취,PREOCUPY,PREOCCUPATION,,,생략
선측인도조건,FAS,FREE ALONGSIDE SHIP,,,생략
선탑자,OFCRTRNS,OFFICER WHO CONTROL AND LEAD TRANSFORMATION,,,생략
선택,CHC,CHOICE,,,생략
선택식별장치,SIF,SELECTIVE IDENTIFICATION FEATURE,SIF,,생략
선택일자,CHCDT,CHOICE DATE,선택일,,생략
선택적,SLTV,SELECTIVE,,,생략
선택적ABC재고관리,ABCIM,ABC SYSTEM OF INVENTORY MANAGEMENT,,,생략
선택진료,CHLC,CHOICE HEALTH CARE,,,생략
선택채권,OPCM,OPTIONAL CLAIM,,,생략
선택채무,OPDB,OPTIONAL DEBT,,,생략
선하증권,BL,BILL OF LADING,"선화증권,선하증서,B/L",,생략
선하증권번호,BLNO,BILL OF LADING NUMBER,,분류어,생략
선행,PRCDNG,PRECEDING,,,생략
선행개발,ADVDVL,ADVANCED DEVELOPMENT,,,생략
선행사인,PRECUSE,PRECEDING CAUSE OF DEATH,,,생략
선형,LNAR,LINEAR,,,생략
선형오차,LNTOL,LINEAR TOLRNC,,,생략
선형이동평균,LMA,LINEAR MOVING AVERAGE,,,생략
선형장약,LNCHR,LINE CHARGE,,,생략
선형지수평활,LNEXSM,LINEAR EXPONENTIAL SMOOTHING,,,생략
선형피해,FSDMG,A FAN SHAPES,,,
" DEMAGE""",,,생략,,
선호,FVR,FAVOR,,,생략
선호도,PREFER,PREFERENCE,,,생략
선회,TNG,TURNING,,,생략
선회3방향코드,TNG3DRCD,TURNING 8 DIRECTION CODE,,분류어,생략
선회8방향코드,TNG8DRCD,TURNING 8 DIRECTION CODE,,분류어,생략
선회대기지점,ORBPNT,ORBIT POINT,,,생략
선회도,CCDGR,CIRCLING DEGREE,,,생략
선회방향코드,TNGDRCTNCD,TURNING DIRECTION CODE,,분류어,생략
설계,DSGN,DESIGN,,,생략
설계감리,DSGNSPVS,DESIGN AND SUPERVISION,,,생략
설계검토,DSGNRVW,DESIGN REVIEW,,,생략
설계결함,DSGNSHRTCOM,DESIGN SHORTCOMING,,,생략
설계도,DSGNDRW,DESIGN DRAWING,,,생략
설계도번호,DDNO,DESIGN DRAWING NUMBER,,분류어,생략
설계속도,DSGNVE,DESIGN VELOCITY,,,생략
설계자,DSNR,DESIGNER,,,생략
설립,EST,ESTABLISHMENT,창립,,생략
설립등기,RSRBH,REGISTRATION OF ESTABLISHMENT,,,생략
설립일자,ESTDT,ESTABLISHMENT DATE,설립일,,생략
설명,EXPLN,EXPLANATION,COMMENT,분류어,생략
설명문,EXPWRT,EXPOSITORY WRITING,,,생략
설명서,EXPLNTN,EXPLANATION,,,생략
설명회,BRFSESN,BRIEFING SESSION,,,생략
설문,QSTNNR,QUESTIONNAIRE,,,생략
설물,SCRAP,SCRAP,,,생략
설비,FCLTS,FACILITIES,,,생략
설비투자,FCLIVST,FACILITY INVESTMENT,,,생략
설사,DREA,DIARRHEA,,,생략
설사약,PURG,PURGATIVE ,,,생략
설영,QTRNG,QUARTERING,,,생략
설영대,QTRPT,QUARTERING PARTY,,,생략
설정,SETUP,SETUP,,,생략
설정일자,SETDT,SETUP DATE,설정일,,생략
설정자함방어구역,ATDFA,ACTIVATED DEFENSE AREA,,,생략
설정종결,TMST,TERMINAL OF SETUP,,,생략
설치,INSTL,INSTALLATION,,,생략
설치열,INSTRW,INSTALLATION ROW,,,생략
설치일자,INSTLDT,INSTALLATION DATE,설치일,,생략
설치자,INSTLR,INSTALLER,,,생략
설치장소,ITLPC,INSTALL PLACE,,,생략
설파제,SFDRG,SULFA DRUG,SULFA,,생략
설해,SNOWDMG,SNOW DAMAGE,,,생략
섬광,FLASH,FLASH,,,생략
섬광등,FLMP,FLASH LAMP,,,생략
섬광폭음시간,FBTM,FLASH-BANG TIME,,,생략
섬네일,THMNAIL,THUMBNAIL,THUMBNAIL,,생략
섬멸,ANHLTN,ANNIHILATION,,,생략
섬유,FIBER,FIBER,,,생략
섬유유연제,SOFTNR,SOFTENER,,,생략
섬유질,FBMTR,FIBROID MATERIAL,,,생략
섭씨온도,CLSTPRT,CELSIUS TEMPERATURE,섭씨,,생략
섭외,LSN,LIAISON,,,생략
섭취,INTK,INTAKE,"INTAKE,INGESTION",,생략
섭취량,INTKQTY,INTAKE QUANTITY,,,생략
섭취배설,IO,INPUT AND OUTPUT,,,생략
섭취배설량,ITEXQTY,INTAKE EXCRETION QUANTITY,,,생략
성,CHRCT,CHARACTER,,,생략
성격,CHRCTR,CHARACTER,,,생략
성공,SCS,SUCCESS,,,생략
성과,OUTCM,OUTCOME,,,생략
성과가치,BCWP,BUDGETED COST FOR WORK PERFORMED,,,생략
성과감사,RLNPC,RESULT INSPECTION,,,생략
성과계획서,PFPL,PERFORMANCE PLAN,,,생략
성과관리,PFMCMGT,PERFORMANCE MANAGEMENT,,,생략
성과기반군수지원,PBL,PERFORMANCE BASED LOGISTICS,,,생략
성과등급코드,OTCMGCD,OUTCOME GRADE CODE,,분류어,생략
성과목표,PFMCGL,PERFORMANCE GOAL,,,생략
성과비율,PFMCRT,PERFORMANCE RATE,,,생략
성과상여금,OTBNS,OUTCOME BONUS,,,생략
성과상여금삭감율코드,OTCBCRCD,OUTCOME BONUS CUT RATE CODE,,분류어,생략
성과상여금지급제외자사유코드,OTCBPEPRCD,OUTCOME BONUS PAYMENT EXCLUSION PERSON REASON CODE,,분류어,생략
성과상여금최저지급자사유코드,OTCBLPPRCD,OUTCOME BONUS LOWEST PAYMENT PERSON REASON CODE,,분류어,생략
성과상여금평가대상구분코드,OTCBEODCD,OUTCOME BONUS EVALUATION OBJECT DIVISION CODE ,,분류어,생략
성과상여금평균지급자사유코드,OTCBAPPRCD,OUTCOME BONUS AVERAGE PAYMENT PERSON REASON CODE,,분류어,생략
성과지급구분코드,OPDCD,OUTCOME PAYMENT DIVISION CODE,,분류어,생략
성과지표,PFMIND,PERFORMANCE INDICATOR,,,생략
성과측정,PFMSMT,PERFORMANCE MEASUREMENT,,,생략
성과평가,PFMCEVL,PERFORMANCE EVALUATION,,,생략
성과평가집단직위별코드,OTCEGWRCD,OUTCOME EVALUATION GROUP WORK RANK BY CODE,,분류어,생략
성과평가집단코드,OTCEGCD,OUTCOME EVALUATION GROUP CODE,,분류어,생략
성능,PFMC,PERFORMANCE,,,생략
성능개량,PIP,PRODUCT IMPROVEMENT PROGRAM,,,생략
성능검사,PFMTST,PERFORMANCE TEST,,,생략
성능시험용탄약,AMNPFTST,AMMUNITION FOR PERFORMANCE TEST,,,생략
성능형규격,PFMSPC,PERFORMANCE SPECIFICATION,,,생략
성동,SNGDONG,SNGDONG,,,생략
성매매,SXTRF,SEX TRAFFIC,,,생략
성명,FULNM,FULL NAME,,분류어,생략
성명,STMT,STATEMENT,,,생략
성묘객,VTCR,VISITOR TO HIS ANCESTRAL TOMB,,,생략
성별,SEX,SEX,,,생략
성별영향평가,GNEFEVL,GENDER EFFECTS EVALUATION,,,생략
성별코드,SEXCD,SEX CODE,,분류어,생략
성병,VD,VENEREAL DISEASE,,,생략
성분,INGRDT,INGREDIENT,,,생략
성분작전,CPOP,COMPONENT OPERATION,,,생략
성분제제,IGPA,INGREDIENT PHAMACEUTICALS,,,생략
성수기,HHSN,HIGH DEMAND SEASON,,,생략
성숙,MTRTY,MATURITY,,,생략
성숙도,MTRDG,MATURITY DEGREE,,,생략
성실,SNCR,SINCERITY,,,생략
성실자,SNCPSN,SINCERITY PERSON,,,생략
성인,ADULT,ADULT,,,생략
성인지,SXREC,SEXUAL RECOGNITION,,,생략
성인지교육,SREDU,SEXUAL RECOGNITION EDUCATION,,,생략
성장,GRWTH,GROWTH,,,생략
성장과정,GRWPRC,GROWTH PROCESS,,,생략
성장성,GROW,GROWTH,,,생략
성적,GRDE,GRADE,,,생략
성적증명서,TRSCRP,TRANSCRIPT,,,생략
성적표,RPTCRD,REPORT CARD,,,생략
성질,CHARTR,CHARACTER,,,생략
성충,IMAGO,IMAGO,,,생략
성폭력,SXVIO,SEXUAL VIOLENCE,,,생략
성폭력예방교육,SVEDU,SEXUAL VIOLENCE PREVENTION EDUCATION,,,생략
성향,PRPN,PROPENSITY,,,생략
성형,PLSTC,PLASTIC,,,생략
성희롱,SXHRS,SEXUAL HARASSMENT,,,생략
세,DTAILS,DETAILS,,,생략
세,YRS,YEARS,,,생략
세계,WORLD,WORLD,,,생략
세계관세기구,WCO, WORLD CUSTOMS ORGANIZATION,,,생략
세계기상지점코드,WORLDWTSOCD,WORLD WEATHER SPOT CODE,,분류어,생략
세계무역기구,WTO,WORLD TRADE ORGANIZATION,WTO,,생략
세계적,GLBAL,GLOBAL,,,생략
세계측지체계,WGS84,WORLD GEODETIC SYSTEM 84,"WGS,WGS84",,생략
세계표준시,GWNT,GREENWICH MEAN TIME,,,생략
세관감시망,CEN,CUSTOMS ENFORCEMENT NETWORK,,,생략
세관화물정보시스템,CACIS,CUSTOMS AUTOMATED CARGO INFORMATION SYSTEM,,,생략
세굴,SCOUR,SCOUR,,,생략
세그먼트,SGMT,SEGMENT,SEGMENT,,생략
세금,TAX,TAX,,,생략
세금계산서,TXINV,TAX INVOICE,,,생략
세대,HSHD,HOUSEHOLD,,,생략
세대수,NOHSHD,THE NUMBER OF HOUSEHOLDS,,,생략
세대원이력,RMSTHFAMINFO,RMST HISTORY FAMILY INFORMATION,,,생략
세대원정보,RMSTNFAMINFO,RMST NORMAL FAMILY INFORMATION,,,생략
세대주,HSHDR,HOUSEHOLDER,,,생략
세력,FORCE,FORCE,,,생략
세로,VTCL,VERTICAL,종,,생략
세면기,WSB,WASHBOWL,,,생략
세면대,BSN,BASIN,,,생략
세목,DTLITM,DETAIL ITEM,,,생략
세목,TXITM,TAX ITEMS,,,생략
세무,TXAFR,TAX AFFAIRS,,,생략
세무서,TAXOFC,TAX OFFICE,,,생략
세미나,SMNR,SEMINAR,,,생략
세부,DETLS,DETAILS,"디테일,DETAIL",,생략
세부검사,DETINP,DETAILS INSPECTION,,,생략
세부부대규모코드,DUSCLCD,DETAILS UNIT SCALE CODE,,분류어,생략
세부사업,DTLPRJ,DETAIL PROJECT,,,생략
세부사업코드,DTLPRJCD,DETAIL PROJECT CODE,,분류어,생략
세부요소일련번호,DESNO,DETAILS ELEMENT SERIAL NUMBER,,분류어,생략
세부육해상구분코드,DETSGDVSCD,DETAILS SEA GROUND DIVISION CODE,,분류어,생략
세분,SUBDV,SUBDIVISION,,,생략
세분류,DTLCLS,DETAIL CLASSIFICATION,,,생략
세분화,SGMNT,SEGMENTATION,,,생략
세사업,SUBPRJ,SUB PROJECT,,,생략
세세목,SESEMK,SESEMOK,,,생략
세세항,DITMTRF,DETAILED ITEMS OF A TARIFF,,,생략
세션,SESSION,SESSION,SESSION,,생략
세액,TXAMT,TAX AMOUNT,,,생략
세액공제,TXSB,TAX AMOUNT SUBTRACTION,,,생략
세율,TXRT,TAX RATE,,분류어,생략
세입,ANRVN,ANNUAL REVENUE,,,생략
세입,TXINC,TAX INCOME,,,생략
세입금,ANRVNAMT,ANNUAL RVENUE AMOUNT,세입금액,,생략
세입세출,RNE,REVENUE AND EXPENDITURE,,,생략
세입세출구분코드,ARENDVCD,ANNUAL REVENUE AND EXPENDITURE DIVISIOIN CODE,,분류어,생략
세입세출외현금,CSHEXRE,CASH EXCEPT REVENUE AND EXPENDITURE,,,생략
세입일자,ANRVNDT,ANNUAL REVENUE DATE,세입일,,생략
세전,PRETX,PRE-TAX,,,생략
세절,SLIC,SLICING,,,생략
세정,TAXADM,TAX ADMINISTRATION,,,생략
세제,DTGNT,DETERGENT,락스,,생략
세차장,CARWSH,CAR WASH,,,생략
세척,CLSNG,CLEANSING,,,생략
세척제,CLNSR,CLEANSER,,,생략
세출,ANEXP,ANNUAL EXPENDITURE,,,생략
세출예산,ANEXPBG,ANNUAL EXPENDITURE BUDGET,,,생략
세출예산배정내역통보구분코드,AEBAPIDCD,ANNUAL EXPENDITURE BUDGET APPORTIONMENT PARTICULARS INFORM DIVISION CODE,,분류어,생략
세탁,WSNG,WASHING,,,생략
세탁물,LNDR,LAUNDRY,,,생략
세트,SET,SET,SET,,생략
세트번호,SETNO,SET NUMBER,,분류어,생략
세항,ITMTRF,ITEMS OF A TARIFF,,,생략
센서C4I,SNSRC4I,SENSOR COMMAND CONTROL COMMUNICATION COMPUTER AND INTELLIGENCE,,,생략
센서모델,SNSRMODEL,SENSOR MODEL,,,생략
센터,CNTR,CENTER,센타,,생략
센티미터,CM,CENTIMETER,CM,,생략
셀,CELL,CELL,,,생략
셀병합,CLMRG,CELL MERGE,,,생략
셀프서비스,SFSRV,SELF SERVICE,,,생략
셈,CNT,COUNT,"COUNT,카운트",,생략
셋톱박스,STBX,SET TOP BOXES,,,생략
소,LAWST,LAWSUIT,,,생략
소,SML,SMALL,,,생략
소가,LAWAMT,LAWSUIT AMOUNT,소송물가액,,생략
소각,DSTRY,DESTROY,,,생략
소각로,INCNRT,INCINERATOR,,,생략
소감,THTS,THOUGHTS,,,생략
소개,DISEVC,DISPERSAL EVACUATION,,,생략
소개,INTRDT,INTRODUCTION,,,생략
소견,OPNN,OPINION,,,생략
소견서,OPNDOC,OPINION DOCUMENT,,,생략
소견입력,OINT,OPINION INPUT,,,생략
소계,SBTOT,SUBTOTAL,,,생략
소계정,SMLACC,SMALL ACCOUNT,,,생략
소관,JRDN,JURISDICTION,,,생략
소관청,JRAGC,JURISDICTION AGENCY,,,생략
소관청이관구분코드,JATCDCD,JURISDICTION AGENCY TRANSFER OF CONTROL DIVISION CODE,,분류어,생략
소관코드,JRCD,JURISDICTION CODE,,분류어,생략
소구,RECORS,RECOURSE,,,생략
소권,RBAC,RIGHT TO BRING AN ACTION IN A COURT,,,생략
소규모,SMSCL,SMALL SCALE,,,생략
소그룹,SMLGRP,SMALL GROUP,,,생략
소급,RTACT,RETROACTION,,,생략
소급기여금,RTSPRNT,RETROACTIVE SUPERANNUATION,,,생략
소급기여금납부년도코드,RSPYRCD,RETROACTIVE SUPERANNUATION PAYMENT YEAR CODE,,분류어,생략
소급일자선하증권,BDBL,BACK DATE BILL OF LADING,,,생략
소기업,SMENTP,SMALL ENTERPRISES,,,생략
소나돔,SNDM,SONAR DOME,,,생략
소나무,PINE,PINE,,,생략
소녀,GIRL,GIRL ,,,생략
소대,PLTON,PLATOON,,,생략
소독,DSINFT,DISINFECTION,,,생략
소독기,STRLZR,STERILIZER,,,생략
소독제품,DSMNG,DISINFECTION MANUFACTURED GOODS,,,생략
소득,INCM,INCOME,,,생략
소득공제명세관계코드,ISDRCD,INCOME SUBTRACTION DETAILS RELATIONSHIP CODE,,분류어,생략
소득명세,INDTL,INCOME DETAILS,,,생략
소득세,INCTX,INCOME TAX,,,생략
소득세할,PRITAX,PRO RATA INCOME TAX,,,생략
소득월액,MINAMT,MONTHLY INCOME AMOUNT,,,생략
소득작물,ECNCRP,ECONOMIC CROPS,,,생략
소득할,PRICM,PRO RATA INCOME,,,생략
소량,SMLQTY,SMALL QUANTITY,,,생략
소령,MAJ,MAJOR,,,생략
소로,NRWROD,NARROW ROAD,,,생략
소로트,SLOT,SMALL LOT,,,생략
소로트탄약,SLTAMN,SMALL LOT AMMUNITION,,,생략
소매,SLVE,SLEEVE,,,생략
소매인,RTLSALER,RETAIL SELLER,,,생략
소매점,RTLSTR,RETAIL STORE,,,생략
소멸,XTNC,EXTINCTION,,,생략
소멸시효,ETPSC,EXTINCTIVE PRESCRIPTION,,,생략
소명,VDCTN,VINDICATION,,,생략
소모,CSPTN,CONSUMPTION,,,생략
소모단위코드,CSPTNUICD,CONSUMPTION UNIT CODE,,분류어,생략
소모량,CSPQTY,CONSUMPTION QUANTITY,,분류어,생략
소모성품목,CSITM,CONSUMABLE ITEM,,,생략
소모실적,WMACR,WASTING ACTUAL RESULT,,,생략
소모예측,CNSFC,CONSUMPTION FORCASTING,,,생략
소모율,CSRT,CONSUMPTION RATE,,분류어,생략
소모일자,CSPTNDT,CONSUMPTION DATE,소모일,,생략
소모품,EXPB,EXPENDABLE,,,생략
소방,FRSVC,FIRE SERVICE,,,생략
소방선,FRBT,FIRE BOAT,,,생략
소방수,FRMN,FIREMAN,,,생략
소방시설,FPS,FIRE PROTECTION SYSTEM,,,생략
소방업무,FHDTY,FIRE FIGHTING DUTY,,,생략
소변,URINE,URINE,뇨,,생략
소변기,UIL,URINAL,,,생략
소병기,SMARMS,SMALL ARMS,,,생략
소분류,SMCLS,SMALL CLASSIFICATION,,,생략
소분배계통,RSL,RETAIL SALE LEVEL,,,생략
소비,CNSPTN,CONSUMPTION,,,생략
소비대차,LCNM,LOAN FOR CONSUMPTION,,,생략
소비량,CSPTQTY,CONSUMPTION QUANTITY,,,생략
소비임치,BJCP,BAILMENT SUBJECT TO CONSUMPTION,,,생략
소비전력,PWCSP,POWER CONSUMPTION,,,생략
소산,DSPT,DISSIPATION,,,생략
소상인,PTMRCHNT,PETTY MERCHANT,,,생략
소선거구,SBSNY,SINGLE-MEMBER CONSTITUENCY,,,생략
소속,ASGMT,ASSIGNMENT,,,생략
소속기관,PSTINST,POSITION INSTITUTION,,,생략
소손,FRDMG,FIRE DAMAGE,,,생략
소송,SUIT,SUIT,,,생략
소송고지,NFST,NOTICE OF A LAWSUIT,,,생략
소송대리,LLRSN,LEGAL REPRESENTATION,,,생략
소송대리권,ATRNPWR,POWERS OF ATTORNEY,,,생략
소송대리인,ATRNY,ATTORNEY,,,생략
소송비용,LGXPSS,LITIGATION EXPENSES,,,생략
소송승계,SCSFG,SUCCESSION OF LITIGATION,,,생략
소송일자,LAWSDT,LAWSUIT DATE,"소송일,소송제기일자,소송제기일",,생략
소송종류코드,SUITKNDCD,SUIT KIND CODE,,분류어,생략
소송지휘권,RTLFG,RIGHT OF CONTROL OF LITIGATION,,,생략
소송판결,LWSTJUDMN,LAWSUIT JUDGMENT,,,생략
소송행위,ACTPRE,ACT OF PROCEDURE,,,생략
소수,DCML,DECIMAL,,,생략
소수리,MNRPR,MINOR REPAIR,,,생략
소수술,MNROP,MINOR OPERATION,,,생략
소수점,DCPT,DECIMAL POINT,소숫점,,생략
소수주주권,MRTHRT,MINORITY SHAREHOLDER'S RIGHTS,,,생략
소실,DSPPR,DISAPPEARANCE,,,생략
소아,YNGCHLD,YOUNG CHILD,,,생략
소아가산,YCAD,YOUNG CHILD ADDITION,,,생략
소액,SMAMT,SMALL AMOUNT,,,생략
소액결재,SSMC,SMALL SUM SANCTION,,,생략
소액결제,SLTT,SMALL SETTLEMENT,,,생략
소액심판제도,SLDYM,SMALL CLAIMS ADJUDGMENT SYSTEM,,,생략
소액주주,MRHL,MINORITY SHAREHOLDER,,,생략
소액채권,SLBND,SMALL BOND,,,생략
소양,GRNDNG,GROUNDING,,,생략
소요,RQM,REQUIREMENT,,,생략
소요결정,RQMDCS,REQUIREMENT DECISION,,,생략
소요구분코드,RQMDVSCD,REQUIREMENT DIVISION CODE,,분류어,생략
소요군조달원구분코드,DFSOSDCD,REQUIREMENT MILITARY SOURCE OF SUPPLY DIVISION CODE,,분류어,생략
소요금액,RQMAMT,REQUIREMENT AMOUNT,"소요액,소요금",,생략
소요기준,RQSTD,REQUIREMENT STANDARD,,,생략
소요량,RQMQTY,REQUIREMENT QUANTITY,,,생략
소요목적코드,RQMPRPSCD,REQUIREMENT PURPOSE CODE,,분류어,생략
소요보급률,RSR,REQUIREMENT SUPPLY RATE,"RSR,소요보급율",,생략
소요산정구분코드,RQMCPTNDVCD,REQUIREMENT COMPUTATION DIVISION CODE,,분류어,생략
소요시간,TAT,TURN AROUND TIME,,분류어,생략
소요인가대비과보유,REACO,REQUIRED AUTHORIZATION COMPARISON OVERHOLD,,,생략
소요인원,REQPSN,REQUIRED PERSONNEL,,,생략
소요자산미점검대상품목코드,RANCCD,REQUIREMENT  ASSETS NOT CHECK COMPENSATION IN SUBSTITUTES ITEM CODE,,,생략
소요자산판단,RQATJG,REQUIREMENT ASSET JUDGEMENT,,,생략
소요제기,RQSBMS,REQUIREMENT SUBMISSION,,,생략
소요제기번호,RQSBNO,REQUIREMENT SUBMISSION NUMBER,,분류어,생략
소요통제및청구참고코드,RECD,REQUISITION EXCEPTION CODE,,분류어,생략
소위,SNDLT,SECOND LIEUTENANT,,,생략
소유,PSSN,POSSESSION,,,생략
소유권,OWNSHP,OWNERSHIP,,,생략
소유권보존등기,RTRRP,RIGISTRATION OF PRESERVATION OF OWNERSHIP,,,생략
소유물반환청구권,RNFND,RIGHT TO CLAIM RETURN OF ARTICLES OWNED,,,생략
소유자,OWNR,OWNER,소유주,,생략
소유지,ONELND,ONES LAND,,,생략
소유형,SMLTY,SMALL TYPE,,,생략
소인,PSTMRK,POSTMARK,,,생략
소장,MJGNR,MAJOR GENERAL,,,생략
소재,WHRABTS,WHEREABOUTS,,,생략
소재지,LCTN,LOCATION,,,생략
소지,POSN,POSSESSION,,,생략
소지자,POSPSN,POSSESSION PERSON,,,생략
소지품,BLNGS,BELONGINGS,,,생략
소진,EXHS,EXHAUSTION,,,생략
소집,CALUP,CALL-UP,,,생략
소집부대,CLPUNT,CALL-UP UNITS,,,생략
소집일자,CALUPDT,CALL-UP DATE,소집일,,생략
소철항,SMLIRNPK,SMALL IRON PACK,,,생략
소추,INCT,INDICTMENT,,,생략
소켓,SOCKET,SOCKET,,,생략
소택,MRSH,MARSH,,,생략
소택지,MRSGR,MARSHY GROUND,,,생략
소통,MTLUS,MUTUAL UNDERSTANDING,,,생략
소파,SMDMG,SMALL DAMAGE,,,생략
소프트웨어,SW,SOFTWARE,"SW,SOFTWARE",,생략
소프트웨어관리번호,SWMNO,SOFTWARE MANAGEMENT NUMBER,,분류어,생략
소프트웨어버전번호,SWVNO,SOFTWARE VERSION NUMBER,,분류어,생략
소프트웨어사업자,SWBSER,SOFTWEAR BUSINESSMAN,,,생략
소프트웨어산업,SWIND,SOFTWEAR INDUSTRY,,,생략
소프트웨어유니트,CSU,COMPUTER SOFTWARE UNIT,,,생략
소프트웨어진흥단지,SWPC,SOFTWEAR PROMOTION COMPLEX,,,생략
소프트웨어진흥시설,SWPE,SOFTWEAR PROMOTION EQUIPMENT,,,생략
소프트웨어컴포넌트,CSC,COMPUTER SOFTWARE COMPONENT,,,생략
소프트코딩,SFTCD,SOFT CODING,,,생략
소해,SWPOTS,SWEEPING OF THE SEA,,,생략
소형,SMLSZ,SMALL SIZE,,,생략
소형선박,SMLLP,SMALL SHIP,,,생략
소형주,SMLSTK,SMALL STOCK,,,생략
소형화물차,SCGTRC,SMALL SIZE CARGO TRUCK,,,생략
소홀,CRLSNS,CARELESSNESS,,,생략
소화,FEXTG,FIRE EXTINGUISHING,,,생략
소화기,SA,SMALL ARMS,,,생략
소화물,PKG,PACKAGE,,,생략
소화설비,FES,FIRE EXTINGUISHING SYSTEM,,,생략
소화약제,FEA,FIRE EXTINGUISHING AGENT,,,생략
소화전,FRHDRT,FIRE HYDRANT,,,생략
소환,SUMONS,SUMMONS,,,생략
속기사,STNGRPHER,STENOGRAPHER,,,생략
속도,VLCT,VELOCITY,,분류어,생략
속도계승수,SMM,SPEED METER MULTIPLIER,속도승수,,생략
속도관리,VLCMGT,VELOCITY MANAGEMENT,,,생략
속도시험,VLCTT,VELOCITY TEST,,,생략
속력,SPD,SPEED,,분류어,생략
속보,BRKNEWS,BREAKING NEWS,,,생략
속보기,FRINFMEQ,FIRE INFORMING EQUIPMENT,,,생략
속성,ATTR,ATTRIBUTE,ATTRIBUTE,,생략
속성번호,ATTRNO,ATTRIBUTE NUMBER,,분류어,생략
속쓰림,BRASH,BRASH,,,생략
속어,SLANG,SLANG,,,생략
속옷,UDWR,UNDERWEAR,내의,,생략
속옷제거,UWRMV,UNDERWEAR REMOVAL,,,생략
속포장,INPCK,INTERNAL PACKING,,,생략
손가락3지기능검사,THRPNT,THREE POINT FUNCTIONAL EXAMINATION,,,생략
손가락끝,FNRTP,FINGER TIP,,,생략
손가락손바닥이송,FTPTR,FINGER TO PALM TRANSLATION,,,생략
손괴죄,DCNL,DAMAGE CRIMINAL,,,생략
손금,LSFY,LOSS OF MONEY,,,생략
손님,GUEST,GUEST,게스트,,생략
손료,RNTF,RENT FEE,,,생략
손망실,LSDMG,LOSS OR DAMAGE,,,생략
손망실보고서,LSDMGRPT,LOSS AND DAMAGE REPORT,,,생략
손목,WRIST,WRIST,,,생략
손바닥손가락이송,PTFTR,PALM TO FINGER TRANSLATION,,,생략
손상,DMG,DAMAGE,,,생략
손상계수,DMGIDX,DAMAGE INDEX,,,생략
손샘,HCNTNG,HAND COUNTING,,,생략
손수건,HDKCHF,HANDKERCHIEF,,,생략
손수레,HNDCRT,HANDCART,,,생략
손실,LOSS,LOSS,LOSS,,생략
손실계획,LSPLAN,LOSS PLAN,,,생략
손실률,LSRT,LOSS RATE,손실율,분류어,생략
손실보상,INDMNFC,INDEMNIFICATION,,,생략
손실보충,LSPM,LOSS SUPPLEMENT,손보,,생략
손실액,LSTMN,LOST AMOUNT,,,생략
손실예정,LSPARG,LOSS PREARRANGEMENT,,,생략
손실일자,LOSSDT,LOSS DATE,손실일,,생략
손실판단,LSEST,LOSS ESTIMATION,,,생략
손익,PFLS,PROFIT AND LOSS,,,생략
손익계산서,IS,INCOME STATEMENT,I/S,,생략
손익분기점,BEP,BREAK EVEN POINT,,,생략
손익분석,PFLSANL,PROFIT AND LOSS ANALYSIS,,,생략
손잡이,HNDL,HANDLE,,,생략
손조작기술,IHMS,IN HAND MANIPULATION SKILL,,,생략
손폐,LSDS,LOSS AND DISUSE,,,생략
손해,DMGE,DAMAGE,,,생략
손해배상,CPNS,COMPENSATION FOR DAMAGES,,,생략
손해배상조치,CNSNG,COMPENSATION MANAGEMENT,,,생략
솔레노이드,SOLNOID,SOLENOID,,,생략
솔루션,SOLTN,SOLUTION,,,생략
솔선수범,LDBEX,LEADING BY EXAMPLE,,,생략
송금,RMTC,REMITTANCE,,,생략
송금수수료,SCHG,SEND CHARGE,,,생략
송금액,RMTAMT,REMITTANCE AMOUNT,송금금액,,생략
송금자,RMITER,REMITER,,,생략
송달,DSPTCH,DISPATCH,,,생략
송달구분코드,DSPDVCD,DISPATCH DIVISION CODE,,분류어,생략
송부,SNDG,SENDING,,,생략
송부일자,SNDNGDT,SENDING DATE,송부일,,생략
송수구,HLWTP,HOLLOW OF WATER PIPE,,,생략
송수신,SNDRCV,SENDING AND RECEIVING,,,생략
송수신구분코드,TRICD,TRANS RECEIVE INDICATOR CODE,,분류어,생략
송수신기,TRSRCV,TRANSMITTER AND RECEIVER,,,생략
송수신번호,SNRNO,SENDING AND RECEIVING NUMBER,,분류어,생략
송수신처,SDRVPL,SENDING AND RECEIVING PLACE,,,생략
송신,SENDG,SENDING,SEND,,생략
송신기,TRSMT,TRANSMITTER,발신기,,생략
송신인,SENDR,SENDER,송신자,,생략
송신일자,SNDNDT,SENDING DATE,송신일,,생략
송신처,SENDPLC,SENDING PLACE,,,생략
송신출력,SENDGGNRCP,SENDING GENERATING CAPACIT,,,생략
송유관,OILPIPL,OIL PIPELINE,,,생략
송장,INVC,INVOICE,INVOICE,,생략
송장번호,INVCNO,INVOICE NUMBER,,분류어,생략
송전선,PTLINE,POWER-TRANSMISSION LINE,,,생략
송전선로,TRNMSLN,TRANSMISSION LINE,,,생략
송증,ASD,ARMY SHIPPING DOCUMENT,,,생략
송출,BRDCSTNG,BROADCASTING,,,생략
송풍,WOT,WIND OUT,,,생략
송풍기,FAN,FAN,,,생략
송풍량,ARFLRT,AIR FLOW RATE,송풍기풍량,,생략
송화,TRNSMSN,TRANSMISSION,,,생략
송화자,TRSMTR,TRANSMITTER,,,생략
쇄신,RNVT,RENOVATION,,,생략
쇼크,SHOCK,SHOCK,,,생략
쇼트톤,SHTTON,SHORT TON,"S/T,미국톤,숏톤",,생략
쇼핑,SHOPNG,SHOPPING,,,생략
쇼핑몰,SOPMAL,SHOPPING MALL,,,생략
수,HAND,HAND,,,생략
수,NMBR,NUMBER,,분류어,생략
수가,MDCLCHRG,MEDICAL CHARGE,,,생략
수가대분류,MCLRG,MEDICAL CHARGE LARGE CLASSIFICATION,,,생략
수가마스터,MCMAT,MEDICAL CHARGE MASTER,,,생략
수가중분류,MCMDL,MEDICAL CHARGE MIDDLE CLASSIFICATION,,,생략
수가코드번호,MDCLCHRGCDNO,MEDICAL CHARGECODE NUMBER,,분류어,생략
수가코드번호단독,MCCNOSIN,MEDICAL CHARGE CODE NUMBER SINGLE,,,생략
수감,CFMT,CONFINEMENT,,,생략
수감기관,ISNNT,IMPRISONMENT INSTITUTION,,,생략
수감자,PRISNR,PRISONER,,,생략
수강,TKCRS,TAKE A COURSE,,,생략
수거,TKAWY,TAKE AWAY,,,생략
수고,TRHGT,TREE HEIGHT,,,생략
수공구,HNDTL,HAND TOOL,,,생략
수관,WTRTB,WATER TUBE,,,생략
수교,AMITY,AMITY,,,생략
수구,WPOLO,WATER POLO ,,,생략
수금,BILCLCT,BILL COLLECTING,,,생략
수급,TKNGV,TAKING AND GIVING,,,생략
수기,NTDWN,NOTE DOWN,,,생략
수난,SUFER,SUFFERING,,,생략
수난구호,DSRRL,DISASTER RELIEF,,,생략
수난구호협력기관,SRFS,SUFFERINGS RELIEF COOPERATION INSTITUTION,,,생략
수납,RCTC,RECEIPTANCE,,,생략
수납기관,RCTORG,RECEIPTANCE ORGAN,,,생략
수납일자,RCTDT,RECEIPTANCE DATE,수납일,,생략
수납자,RCIVER,RECEIVE PERSON,,,생략
수납중,RCDUR,RECEIPTANCE DURING,,,생략
수능,NCEE,NATIONAL COLLEGE ENTRANCE EXAM,,,생략
수단,MEANS,MEANS,,,생략
수당,ALWNC,ALLOWANCE,,,생략
수당식별코드,ALICD,ALLOWANCE IDENTIFICATION CODE,,분류어,생략
수당실비코드,ALWACEXPCD,ALLOWANCE ACTUAL EXPENSE CODE,,분류어,생략
수당입력구분코드,AIDCD,ALLOWANCE INPUT DIVISION CODE,,분류어,생략
수당적용구분코드,AADCD,ALLOWANCE APPLY DIVISION CODE,,분류어,생략
수도,CPTL,CAPITAL,,,생략
수도권,GSMA,GREATER SEOUL METROPOLITAN AREA,,,생략
수도권방공,CAD,CAPITAL AIR DEFENSE,,,생략
수도권방공감시,CADM,CAPITAL AIR DEFENSE MONITORING,,,생략
수도권방공작전통제소,CADCC,CAPITAL AIR DEFENSE CONTROL CENTER,,,생략
수도권방공지역,CADA,CAPITAL AIR DEFENSE AREA,,,생략
수도권방공통제소프트웨어,CCS,CAPITAL AIR DEFENSE CENTER / CAPITAL AIR DEFENSE CONTROL CENTER CONTROL SOFTWARE,,,생략
수도권방공통제장교,CADAO,CAPITAL AIR DEFENCE CONTROL OFFICER,,,생략
수도권방위위협지수,CADIX,CAPITAL AIR DEFENSE THREAT INDEX,,,생략
수도꼭지,WTAP,WATER TAP,,,생략
수도방위사령부,CDC,CAPITAL DEFENSE COMMAND,수방사,,생략
수도방위사령부상황실,CADC,CAPITAL AIR DEFENSE CENTER,,,생략
수동,HNDOPR,HAND OPERATED,,,생략
수동,PASSIV,PASSIVITY,,,생략
수동식,HDOPR,HAND OPERATED,,,생략
수두,VRCL,VARICELLA,,,생략
수득,YELD,YIELD,,,생략
수락,ACPTC,ACCEPTANCE,,,생략
수락일자,ACPTDT,ACCEPTANCE DATE,수락일,,생략
수량,QTY,QUANTITY,,분류어,생략
수량계,WTRMTR,WATER METER,,,생략
수량적,QNTI,QUANTITATIVE,,,생략
수량조건,TRMQTY,TERMS OF QUANTITY,,,생략
수련,TRNING,TRAINING,,,생략
수련번호,TRNINGNO,TRAINING NO,,분류어,생략
수련의,INTERN,INTERN,,,생략
수렴,CLCT,COLLECTING,,,생략
수령,RCPT,RECEIPT,,,생략
수령,AGETR,AGE OF TREE,,,생략
수령구,RVHL,RECEIVING HOLE,,,생략
수령문서번호,RCPDOCNO,RECEIPT DOCUMENT NUMBER,,분류어,생략
수령부대,RCPUNT,RECEIPT UNIT,,,생략
수령액,RCPTAMT,RECEIPT AMOUNT,"수령금,수령금액",,생략
수령인,RCPNT,RECIPIENT,수령자,,생략
수령일자,RCPTDT,RECEIPT DATE,수령일,,생략
수로,WTRWAY,WATERWAY,,,생략
수록,RCRDNG,RECORDING,,,생략
수록일자,RECRDT,RECORDING DATE,수록일,,생략
수료,CMPL,COMPLETION,,,생략
수료일자,CMPLDT,COMPLETION DATE,수료일,,생략
수료자,CMPLTR,COMPLETER,,,생략
수료증,CTFHV,CERTIFICATE FOR ACHIEVEMENT,,,생략
수륙양용,AMPHIBIOUS,AMPHIBIOUS,,,생략
수리,REPR,REPAIR,,,생략
수리대상,RQRP,REQUIRED REPAIR,,,생략
수리대상개수정비대상,AMNCCF,REPAIR NEED CONVERSION REPAIR IMPROVEMENT OBJECT,,,생략
수리대상군직할수리불가,RQRPCNR,REQUIRED REPAIR TROOPS UNDER DIRECT CONTROL OF ARMY CAN NOT REPAIRED,,,생략
수리대상불완전품,AMNCCG,REPAIR NEED NON PERFECT PRODUCT,,,생략
수리대상상태,RPRCND,REPAIRABLE CONDITION,,,생략
수리대상수리이후결함,RQRPDFCT,REQUIRED REPAIR DEFECT AFTER REPAIR,,,생략
수리대상정상정비대상,AMNCCE,REPAIR NEED NORMAL MAINTENANCE OBJECT,,,생략
수리대상품,RQRITM,REQUIRED REPAIR ITEM,"요수리,요수리품목,요수리물자",,생략
수리부속비,CSTRPRPT,COST OF A REPAIRING PART,,,생략
수리부속품,RPRPT,REPAIR PART,수리부속,,생략
수리부속품검사상태코드,RISCD,REPAIR PART INSPECTION STATE CODE,,분류어,생략
수리부속품기능분류부호,RPFCNCLFCTSG,REPAIR PART FUNCTION CLSFCT SIGN,,분류어,생략
수리부속품번호,RPNO,REPAIR PART NUMBER,,분류어,생략
수리불가,CNR,CAN NOT REPAIRED,,,생략
수리불가품목,NRTS,NOT REPAIRABLE THIS STATION,NRTS,,생략
수리비,RPRCST,REPAIR COST,수리비용,,생략
수리수준분석,LORA,LEVEL-OF-REPAIR ANALYSIS,,,생략
수리순환소요,RCQ,REPAIR CYCLE QUANTITY,,,생략
수리순환품목,RCACI,REPAIR CYCLE ASSET CONTROL ITEM,,,생략
수리일자,REPRDT,REPAIR DATE,수리일,,생략
수리정비대충장비,RCF,REPAIR CYCLE FLOAT,,,생략
수리한계,RPRLMT,REPAIRABLE LIMIT,,,생략
수립,ESTBL,ESTABLISHMENT,,,생략
수립일자,ESTBDT,ESTABLISHMENT DATE,수립일,,생략
수막현상,HDRPLN,HYDROPLANING,,,생략
수면,SLEEP,SLEEP,,,생략
수명,LFSP,LIFE SPAN,,분류어,생략
수명연장계획,SLEP,SERVICE LIFE EXTENSION PROGRAM,,,생략
수명주기,LCY,LIFE CYCLE,,,생략
수명주기비용,LCC,LIFE CYCLE COST,,,생략
수명주기지속계획,LCSP,LIFE CYCLE SUSTAINMENT PLAN,,,생략
수목,TREE,TREE,,,생략
수목밀집정도코드,TREECRWDRCD,TREE CROWD DEGREE CODE,,분류어,생략
수문,FLDGT,FLOODGATE,,,생략
수밀,WATGT,WATERTIGHT,,,생략
수발,RCVNSND,RECEIVING AND SENDING,,,생략
수방,FLDCON, FLOOD CONTROL,,,생략
수배,RTRCP,RATION RECIPIENT,,,생략
수배시군번호,RTRCPWCNO,RATION RECIPIENT WARD AND COUNTY NUMBER,,분류어,생략
수배시도번호,RTRCPCDNO,RATION RECIPIENT CITY DO NUMBER,,분류어,생략
수배지역번호,RTRCPNO,RATION RECIPIENT AREA NUMBER,,분류어,생략
수법,TCHNIQ,TECHNIQUE,,,생략
수분,MSTR,MOISTURE,,,생략
수불,RCPDSBS,RECEIPT AND DISBURSEMENT,,,생략
수불구,RVSDHL,RECEIVING AND SENDING HOLE,,,생략
수불구번호,RSHNO,RECEIVING AND SENDING HOLE NUMBER,,분류어,생략
수불문서번호,RDDNO,RECEIPT AND DISBURSEMENT DOCUMENT NUMBER,,분류어,생략
수불번호,RDNO,RECEIPT AND DISBURSEMENT NUMBER,,분류어,생략
수불통제원인코드,RDCCD,RECEIPT AND DISBURSEMENT CONTROL CAUSE CODE,,분류어,생략
수상,WTRSF,WATER SURFACE,,,생략
수상레저기구,ATRP,AQUATIC LEISURE EQUIPMENT,,,생략
수상레저활동,ATSCT,AQUATIC LEISURE ACTIVITY,,,생략
수상및수중표적용어뢰,SUT,SURFACE AND UNDERWATER TARGET TORPEDO,SUT,,생략
수상자,PRZWNR,PRIZEWINNER,,,생략
수상함,SFSHIP,SURFACESHIP,,,생략
수색,RCNSC,RECONNAISSANCE,,,생략
수색정찰,RRC,SEARCH And RECONNAISSANCE,,,생략
수서,HANDW,HANDWRITTEN,,,생략
수석,CHF,CHIEF,,,생략
수선,REPAIR,REPAIR,,,생략
수선간장,LBP,LENGTH BETWEEN PREPENDICULARS,,,생략
수세식화장실,FLTLT,FLUSH TOILET,,,생략
수소,HYDRO,HYDROGEN ,,,생략
수속,PROCDR,PROCEDURE,,,생략
수손,FLDDMG,FLOOD DAMAGE,,,생략
수송,TRNSPTN,TRANSPORTATION,,,생략
수송건설,TRCO,TRANSPORTATION AND CONSTRUCTION,,,생략
수송계획번호,TPNO,TRANSPORTATION PLAN NUMBER,,분류어,생략
수송관리,TRSMGT,TRANSPORTATION MANAGEMENT,,,생략
수송기,TRSPARC,TRANSPORT AIRCRAFT,,,생략
수송능력구분코드,TRSCPBCD,TRANSPORTATION CAPABILITY SECTION CODE,,분류어,생략
수송대행기관,FF,FREIGHT FORWARDER,"운송주선인,수송대행업체",,생략
수송동원,MBTRS,MOBILIZATION OF TRANSPORTATION,,,생략
수송동원업체,TMENT,TRANSPORTATION MOBILIZATION ENTERPRISE,,,생략
수송로,TRNRO,TRANSPORT ROUTE,,,생략
수송방법코드,TMCD,TRANSPORTATION METHOD CODE,,분류어,생략
수송부대,TRUNT,TRANSPORTATION UNIT,,,생략
수송상태코드,TRSSTACD,TRANSPORTATION STATE CODE,,분류어,생략
수송수단번호,TRNSPTMNNO,TRANSPORTATION MEANS NUMBER,,,생략
수송신청진행상태코드,TAPSCD,TRANSPORTATION APPLICATION PROGRESS STATE CODE,,분류어,생략
수송업체,TPENT,TRANSPORT ENTERPRIZE,,,생략
수송완결,TRCL,TRANSPORTATION COMPLETION,,,생략
수송완결구분코드,TRCLDSCD,TRANSPORTATION COMPLETION DIVISION CODE,,분류어,생략
수송의뢰문서번호,TRDNO,TRANSPORTATION REQUEST DOCUMENT NUMBER,,분류어,생략
수송이동관리단,TMMG,TRANSPORTATION MOVEMENT MANAGEMENT GROUP,,,생략
수송일자,TRSPDT,TRANSPORTATION DATE,수송일,,생략
수송장비코드,TRNSPTNEQPCD,TRANSPORTATION EQUIPMENT CODE,,분류어,생략
수송적재목록,TRSMNFST,TRANSPORTATION MANIFEST,,,생략
수송지원,TRSPT,TRANSPORTATION SUPPORT,,,생략
수송지원반,TMO,TRANSPORTATION MOVEMENT OFFICE,TMO,,생략
수송지원형태코드,TSSCD,TRANSPORTATION SUPPORT SHAPE CODE,,분류어,생략
수송차량,TRNSVHCL,TRANSPORT VEHICLE,,,생략
수송파견대,DTCHTRS,DETACHMENT OF THE TRANSPORTATION,수파대,,생략
수송품목코드,TRNITMCD,TRANSPORTATION ITEM CODE,,분류어,생략
수수료,CMSN,COMMISSION,,분류어,생략
수술,OPRTN,OPERATION,,,생략
수술기록지,OPRD,OPERATION RECORD,,,생략
수술부위,OREG,OPERATION REGION,,,생략
수술상태,OSTE,OPERATION STATE,,,생략
수술실,OPRRM,OPERATING ROOM,수술장,,생략
수술이전,OPBF,OPERATION BEFORE,,,생략
수술이후,OPAF,OPERATION AFTER,,,생략
수술일자,OPRTNDT,OPERATION DATE,수술일,,생략
수술전복용약품,PREMED,PREMEDICATION,,,생략
수술코드번호,OPRTNCODENO,OPERATIONCODE NUMBER,,분류어,생략
수습,APNTC,APPRENTICESHIP,,,생략
수시,ANYTM,ANY TIME,,,생략
수시급여구분코드,ATPDCD,ANY TIME PAY DIVISION CODE,,분류어,생략
수시배정,ATAL,ANYTIME ALLOCATION,,,생략
수시정비,PRTMTN,OPERATING MAINTENANCE,,,생략
수식,DECRT,DECORATION,,,생략
수신,RCV,RECEIVE,,,생략
수신기,RCVER,RECEIVER,,,생략
수신인,RCVR,RECEIVER,"수신자,수한자",,생략
수신일자,RCVDT,RECEIVE DATE,수신일,,생략
수신처,RCVPLC,RECEIVING PLACE,,,생략
수신함,MAILBX,MAILBOX,,,생략
수심,DPWTR,DEPTH OF WATER,,분류어,생략
수심도,BATHCHT,BATHYMETRIC CHART,,,생략
수압,WTRPRSR,WATER PRESSURE,,,생략
수압계,WTPRGG,WATER PRESSURE GAUGE,,,생략
수액,FLUID,FLUID,,,생략
수액요법,FLDTRP,FLUID THERAPY,,,생략
수양버들,WPWL,WEEPING WILLOW,,,생략
수업,LSSN,LESSON,,,생략
수업료,TUTFEE,TUITION FEE,,,생략
수에즈운하,SUEZCN,SUEZ CANAL,,,생략
수여,PRSTN,PRESENTATION,,,생략
수여일자,PRSTDT,PRESENTATION DATE,수여일,,생략
수여자,PRSNTR,PRESENTER,,,생략
수역,WATERS,WATERS,,,생략
수영,SWIM,SWIM,,,생략
수영장,SWMPL,SWIMMING POOL,,,생략
수온,WTRTPR,WATER TEMPERATURE,,분류어,생략
수요,DMD,DEMAND,,,생략
수요관리,DMANDMANAGE,DEMAND MANAGEMENT,,,생략
수요군,DMDFRC,DEMANDING FORCES,,,생략
수요기관,DNTT,DEMAND INSTITUTION,,,생략
수요량,DMDQTY,DEMAND QUANTITY,수요수량,,생략
수요물자,DMANDGDS,DEMAND GOODS,,,생략
수요실적,DMACR,DEMAND ACTUAL RESULT,,,생략
수요예측,DMDFC,DEMANDING FORECASTING,,,생략
수요예측기법코드,DPTCD,DEMAND PREDICTION TECHNIQUES CODE,,분류어,생략
수요일,WED,WEDNESDAY,수,,생략
수요정수비설정,SDAR,SET UP THE DEMAND ALLOWANCE RATE,,,생략
수요지,DMPLC,DEMANDING PLACE,,,생략
수용,ACMD,ACCOMMODATION,,,생략
수용대기이동,RSO,Reception Staging Onward Movement,,,생략
수용대기전방이동및통합,RSOI,RECEPTION STAGING ONWARD MOVEMENT AND INTEGRATION,"수용대기전방이동,수용대기전방이동통합,연합전시증원",,생략
수용동원,MBEXP,MOBILIZATION FOR EXPROPRIATION,,,생략
수용성,WTRSLB,WATERSOLUBLE,,,생략
수용소,CAMP,CAMP,,,생략
수원,WTRSRC,WATER SOURCE,,,생략
수원지,GTRGRD,GATHERING GROUND,,,생략
수원지번호,GTRGRDNO,GATHERING GROUND NUMBER,,분류어,생략
수위,WTRLVL,WATER LEVEL,,분류어,생략
수유,FAO,FED AN OIL,,,생략
수유기,FEDPLN,FED PLANE,,,생략
수율,YLD,YIELD,,,생략
수의,VLTRNS,VOLUNTARINESS,,,생략
수의계약,PRVCTR,PRIVATE CONTRACT,수의,,생략
수의계약사유코드,PRVCTRSNCD,PRIVATE CONTRACT REASON CODE,,분류어,생략
수익,ERNG,EARNINGS,,,생략
수익권,BNFCRGT,BENEFICIARY RIGHT,,,생략
수익률,ERNGRT,EARNING RATE,수익율,,생략
수익성,PRFTBL,PROFITABILITY,,,생략
수익자,BNFCR,BENEFICIARY,,,생략
수익증권,BYTFC,BENEFICIARY CERTIFICATE,,,생략
수익채무자,ERNDEBTR,EARNING DEBTOR,,,생략
수임,ACPTAPNT,ACCEPTANCE OF AN APPOINTMENT,,,생략
수임기관,ACPTINSTT,ACCEPTANCE OF AN APPOINTMENT INSTITUTION,,,생략
수입,INCOME,INCOME,,,생략
수입,IMPT,IMPORT,,,생략
수입관리,RVNMGT,REVENUE MANAGEMENT,AI,,생략
수입관세,IMPTDT,IMPORT DUTIES,수입세,,생략
수입관코드,INPARTCD,INCOME PART CODE,,분류어,생략
수입금,PRCDS,PROCEEDS,,,생략
수입금마련지출,EXRVN,EXPENDITURE FOR REVENUE,,,생략
수입대체,IPTSB,IMPORT SUBSTITUTION,,,생략
수입대체경비,EXACRV,EXPENSE ACCOMPANY WITH REVENUE,,,생략
수입량,IMPTQTY,IMPORT QUANTITY,수입수량,,생략
수입목코드,INMOKCD,INCOME MOK CODE,,분류어,생략
수입액,IPTAMT,IMPORT AMOUNT,수입금액,,생략
수입업자,IMPTR,IMPORTER,수입자,,생략
수입예정,DI,DUE IN,DI,,생략
수입예정문서번호,DIDOCNO,DUE IN DOCUMENT NUMBER,,분류어,생략
수입원,SRCIC,SOURCE OF INCOME,,,생략
수입인지,RNSM,REVENUE STAMP,,,생략
수입일자,INCMDT,INCOME DATE,수입일,,생략
수입증빙서,CERTIMP,CERTIFICATE OF IMPORT,수입증,,생략
수입증빙서발행번호,CIPNO,CERTIFICATE OF IMPORT PUBLICATION NUMBER,,분류어,생략
수입증빙서번호,CINO,CERTIFICATE OF IMPORT NUMBER,,분류어,생략
수입지출구분코드,IMDSBSDVCD,IMPORT DISBURSEMENT DIVISION CODE,,분류어,생략
수입징수관,IMPCLTR,IMPORT COLLECTOR,수입관,,생략
수입항,PORTENT,PORT OF ENTRY,수입항구,,생략
수입항코드,INPRGCD,INCOME PARAGRAPH CODE,,분류어,생략
수자원,WTRSC,WATER RESOURCE,,,생략
수작업,HNDINTS,HAND-INTENSIVE,,,생략
수전,WPELT,WATERPOWER ELECTRICITY,,,생략
수전반,ICMPNL,INCOMING PANEL,,,생략
수정,MDFC,MODIFICATION,,,생략
수정계약,MDFCTR,MODIFICATION CONTRACT,,,생략
수정계약사유코드,MCRCD,MODIFICATION CONTRACT REASON CODE,,분류어,생략
수정일자,MDFCDT,MODIFICATION DATE,수정일,,생략
수정자,MDFR,MODIFIER,,,생략
수정작업,MDWRK,MODIFYING WORK,,,생략
수정작업명령,MWO,MODIFICATION WORK ORDER,,,생략
수정회차,UPDCNT,UPDATE COUNT,,,생략
수정후,AFTUPD,AFTER UPDATE,,,생략
수종,SPCSTR,SPECIES OF TREES,,,생략
수주,RCVORD,RECEIVING ORDER,,,생략
수준,LVL,LEVEL,"레벨,LEVEL",분류어,생략
수중,UDWTR,UNDERWATER,,,생략
수중온도측정기,BTHRM,BATHY THERMOGRAPH,,,생략
수중음향신호탄,SOUDSG,Sound Underwater Signal,,,생략
수중장애물구역모양코드,UDWATOSHPCD,UNDERWATER OBSTACLE SECTOR SHAPE CODE,,분류어,생략
수중탐지거리,UDWDTCDST,UNDERWATER DETECTION DISTANCE,,,생략
수증,RCPGFT,RECEIPT OF A GIFT,,,생략
수증기영상,VPIMG,VAPOR IMAGE,,,생략
수직,PDCLR,PERPENDICULAR,,,생략
수직감염,VTIFT,VERTICAL INFECTION,,,생략
수직분배,VTCDST,VERTICAL DISTRIBUTION,,,생략
수진,RCVMDEXM,RECEIVE MEDICAL EXAMINATION,,,생략
수진가능,RMEPSB,RECEIVE MEDICAL EXAMINATION POSSIBILITY,,,생략
수진이력,RMEHST,RECEIVE MEDICAL EXAMINATION HISTORY,,,생략
수진진료비,RMEFEE,RECEIVE MEDICAL EXAMINATION MEDICAL CONSULTATION FEE,,,생략
수질,WTRQLT,WATER QUALITY,,,생략
수집,CLTN,COLLECTION,,,생략
수집감지기종류코드,CLTNSNSRKDCD,COLLECTION SENSOR KND CODE,,분류어,생략
수집계획,CLPLN,COLLECTION PLAN,,,생략
수집계획번호,CPNO,COLLECTION PLAN NUMBER,,분류어,생략
수집기지고유부호,CLBSPCLSGN,COLLECTION BASE PECULIARITY SIGN,,분류어,생략
수집기지구분코드,CLTNBASEDVCD,COLLECTION BASE DIVISION CODE,,분류어,생략
수집담당자번호,CPCNO,COLLECTION PERSON IN CHARGE NUMBER,,분류어,생략
수집사,CLTR,COLLECTOR,,,생략
수집사담당자번호,CPICNO,COLLECTOR PERSON IN CHARGE NUMBER,,,생략
수집소,CLTPNT,COLLECTING POINT,,,생략
수집임무지시,CLNMS,COLLECTION INSTRUCTIONS MISSION,,,생략
수집자산,CLRS,COLLECTION RESOURCE,,,생략
수집자산가용성코드,CLRSAVLCD,COLLECTION RESOURCE AVAILABLE CODE,,분류어,생략
수집자산번호,CLTRSCNO,COLLECTION RESOURCE NUMBER,,분류어,생략
수집자산분류코드,CLRSCLCD,COLLECTION RESOURCE CLASSIFICATION CODE,,분류어,생략
수집자산운용상태코드,CLRSOPRSTCD,COLLECTION RESOURCE OPERATING STATE CODE,,분류어,생략
수처리기,WTRTMCHN,WATER TREATMENT MACHINE,,,생략
수첩,PKTBUK,POCKET BOOK,,,생략
수초,WTPN,WATER PLANT,,,생략
수축,CTRTN,CONTRACTION,,,생략
수축기혈압,SBP,SYSTOLIC BLOOD PRESSURE,,,생략
수출,EXPT,EXPORT,,,생략
수출신고필증,EXPMT,EXPORT PERMIT,,,생략
수출신용장,ELC,EXPORT LETTER OF CREDIT,,,생략
수출업자,EXPTR,EXPORTER,수출자,,생략
수취선하증권,RCVBL,RECEIVED BILL OF LADING,,,생략
수취인,RECVR,RECEIVER,,,생략
수치,NUMVAL,NUMERICAL VALUE,,,생략
수치고도자료,DEM,DIGITAL ELEVATION MODEL,,,생략
수칙,RULES,RULES,,,생략
수탁,TRUST,TRUST,,,생략
수탁병리,YPTHL,TRUST PATHOLOGY,,,생략
수탁자,TRUSTEE,TRUSTEE,,,생략
수평,HORN,HORIZONTALITY,,,생략
수평분배,HRZDST,HORIZONTAL DISTRIBUTION,,,생략
수평집단평가,HZGREVL,HORIZONTALITY GROUP EVALUATION,,,생략
수평평가,HZEVL,HORIZONTALITY EVALUATION,,,생략
수평평정,HZEVT,HORIZONTALITY EVALUATION,,,생략
수폭,WTRWD,WATER WIDTH,,,생략
수표,CHK,CHECK,,,생략
수하물,BAGG,BAGGAGE,,,생략
수하인,CSGN,CONSIGNEE,,,생략
수학,MTHMC,MATHEMATICS,,,생략
수해,FLOO,FLOOD ,,,생략
수행,EXCTN,EXECUTION,,,생략
수행업무,ATNDDU,ATTEND DUTY,,,생략
수행원,ENTURG,ENTOURAGE,,,생략
수행일자,EXCTNDT,EXECUTION DATE,수행일,,생략
수행임무상태코드,EXCTNMSNSTCD,EXECUTION MISSION STATE CODE,,분류어,생략
수행지침,EXCGUID,EXECUTION GUIDANCE,,,생략
수험,EXMNTN,EXAMINATION,,,생략
수험번호,EXMNO,EXAMINEES NUMBER,,분류어,생략
수험생,EXNST,EXAMINATION STUDENT,,,생략
수험자,EXMNE,EXAMINEE,,,생략
수험표,ADMTKEXM,ADMISSION TICKET FOR AN EXAMINATION,,,생략
수혈,BLDTR,BLOOD TRANSFUSION,,,생략
수혈부작용,BLSEF,BLOOD TRANSFUSION SIDE EFFECT,,,생략
수혈의뢰접수번호,BLDREQRCPTNO,BLOOD TRANSFUSIONREQUESTRECEIPT NUMBER,,분류어,생략
수혈중단,BLDSC,BLOOD TRANSFUSION DISCONTINUANCE,,,생략
수형,BNGUDSTC,BEING UNDER SENTENCE,,,생략
수혜,FVRD,FAVORED,,,생략
수혜자,BNFCRY,BENEFICIARY,,,생략
수화,RCVNG,RECEIVING,,,생략
수화기,TELRCVR,TELEPHONE RECEIVER,,,생략
수화자,TLPHNE,TELEPHONEE,,,생략
숙달급,MSTG,MASTER GRADE,,,생략
숙련,SKILL,SKILL,,,생략
숙련도,PRFNC,PROFICIENCY,,,생략
숙박,LDGM,LODGEMENT,,,생략
숙박비,LODCHRG,LODGE CHARGE,,,생략
숙소,QRTRS,QUARTERS,,,생략
숙영,BLTNG,BILLETING,,,생략
숙영지,BVAR,BIVOUAC AREA,,,생략
숙임각도,FLPANG,FLIP ANGLE,,,생략
숙지,FULKNLG,FULL KNOWLEDGE,,,생략
숙직,NHTC,NIGHT WATCH,,,생략
숙직수당,NTWN,NIGHT DUTY ALLOWANCE,,,생략
숙직자,NHHR,NIGHT WATCHER,,,생략
순,NET,NET,,,생략
순간,INSTNS,INSTANTANEOUS,,,생략
순국선열,PTROTMRTVR,PATRIOTIC MARTYR,,,생략
순기,LFCYCL,LIFE CYCLE,,,생략
순도,PRTDG,PURITY DEGREE,,,생략
순매출액,NTSL,NET SALES,,,생략
순번,SEQ,SEQUENCE,,분류어,생략
순서,SEQC,SEQUENCE,,분류어,생략
순서일,DOO,DATE OF ORDER,,,생략
순수,PURT,PURITY,,,생략
순시,TRINSPCT,TOUR OF INSPECTION,,,생략
순원가계약,SCC,STRAIGHT COST CONTRACT,,,생략
순위,RANKNG,RANKING,,분류어,생략
순유동자산,NCTAST,NET CURRENT ASSET,운전자본,,생략
순이익,NTINC,NET INCOME,,,생략
순자본,NTPL,NET CAPITAL,,,생략
순자산,NWRTH,NET WORTH,,,생략
순자산변동표,NSVS,NET ASSET VARIAION STATEMENT,,,생략
순직,DHNH,DEATH IN HARNESS,,,생략
순차,SERIAL,SERIAL,,,생략
순찰,PTRL,PATROL,,,생략
순톤수,NTON,NET TONNAGE,,,생략
순폭약,NETEXPL,NET EXPLOSIVES,,,생략
순항,CRSNG,CRUISING,,,생략
순환,CRCLTN,CIRCULATION,,,생략
순환기,CRCLORG,CIRCULATORY ORGAN,,,생략
순환불출,RCRISS,RECURRING ISSUE,,,생략
순환수요,RCRDMD,RECURRING DEMAND,,,생략
순환수요구분코드,CDDCD,CIRCULATION DEMAND DIVISION CODE,,분류어,생략
순환정비,RCRMTN,RECURRING MAINTENANCE,,,생략
순회,CIRCT,CIRCUIT,,,생략
순회교육,RNDC,ROUND EDUCATION,,,생략
술,LIQR,LIQUOR,,,생략
숨김,HIDING,HIDING,,,생략
숫자,NMRL,NUMERAL,,,생략
숫자형,NMRCL,NUMERICAL,,,생략
쉘터,SHLT,SHELTER,,,생략
쉽리프트,SHLFT,SHIPLIFT,SHIPLIFT,,생략
슈퍼,SUPER,SUPERINTENDENT,,,생략
슈퍼컴퓨터,SPERCOM,SUPERCOMPUTER,,,생략
스노클,SNRKL,SNORKEL,,,생략
스마트,SMRT,SMART,,,생략
스마트카드,SRTR,SMART CARD,,,생략
스마트탄,SMTBM,SMART BOMB,,,생략
스모그,SMOG,SMOG,,,생략
스위프트,SWIFT,SWIFT,,,생략
스캔,SCAN,SCAN,,,생략
스캔율,SWPRT,SWEEP RATE,,,생략
스커드,SCUD,SCUD,,,생략
스크랩,SCRP,SCRAP,,,생략
스크롤,SCRL,SCROLL,,,생략
스크류,SCRW,SCREW,,,생략
스크린,SCRN,SCREEN,,,생략
스크립터,SCRPTR,SCRIPTOR,,,생략
스크립트,SCRIPT,SCRIPT,,,생략
스키마,SCHM,SCHEMA,,,생략
스키장,SKIGRD,SKIING GROUND,,,생략
스킨,SKIN,SKIN,,,생략
스킵,SKIP,SKIP,,,생략
스타일,STYLE,STYLE,,,생략
스택,STACK,STACK,,,생략
스토리,STY,STORY,,,생략
스톡옵션,SCKP,STOCK OPTION,,,생략
스튜디오,STDIO,STUDIOS ,,,생략
스트레스,STRES,STRESS,,,생략
스트렙토마이신,SM,STREPTOMYCIN,STREPTOMYCIN,,생략
스트리밍,STRMG,STREAMING,,,생략
스트림,STRM,STREAM,,,생략
스티커,STICKR,STICKERS ,,,생략
스파이크,SPK,SPIKE,,,생략
스팸,SPAM,SPAM,,,생략
스팸메일,SPAMM,SPAM MAIL,,,생략
스펀지,SPONGE,SPONGE,,,생략
스펙트럼,SPECTRM,SPECTRUM,,,생략
스폰서,SPNSR,SPONSOR,,,생략
스풀,SPOOL,SPOOL,,,생략
스프링클러,SPRKLR,SPRINKLER,살수기,,생략
스프링클러헤드,SPRKHD,SPRINKLER HEAD,살수헤드,,생략
스피커번호,SPKNO,SPEAKER NUMBER,,분류어,생략
슬라이드,SLIDE,SLIDE,,,생략
슬립,SLP,SLIP,,,생략
슬립코드번호,SLPCDNO,SLIPCODE NUMBER,,분류어,생략
슬픔,SROW,SORROW,,,생략
습격,RAID,RAID,,,생략
습관,HABIT,HABIT,,,생략
습구온도,WETBLBTPRT,WET BULB TEMPERATURE,,,생략
습기,HMDT,HUMIDITY,,,생략
습도,HMDTY,HUMIDITY,,분류어,생략
습도유형코드,HMDTTYPCD,HUMIDITY TYPE CODE,,분류어,생략
습도코드,HMDTYCD,HUMIDITY CODE,,분류어,생략
습득,PICKUP,PICKING UP,,,생략
습득자,FINDER,FINDER,,,생략
습성,WETNS,WETNESS,,,생략
습지,MARSH,MARSH,,,생략
승강,ASCNT,ASCENT ,,,생략
승강기,ELVT,ELEVATOR,엘리베이터,,생략
승계,SCSN,SUCCESSION,,,생략
승교점,ASNO,ASCENDING NODE,,,생략
승급,PRMTN,PROMOTION,승진,,생략
승급,RISESAL,RISE IN SALARY,,,생략
승급대기자,WPPR,WAITING PERSON FOR PROMOTION,,,생략
승급일자,PRMTDT,PROMOTION DATE,"승진일자,승급일,승진일",,생략
승단,PROMTN,PROMOTION,,,생략
승무,WKOSH,"WORK ON AND OPERATE A SHIP, AIRCRAFT",,,생략
승무원,CREW,CREW,,,생략
승선,EMBKT,EMBARKATION,,,생략
승수,MLTP,MULTIPLIER,,,생략
승역지,SRVEST,SERVIENT ESTATE,,,생략
승인,APPRV,APPROVAL,,,생략
승인구분코드,APRVDIVCD,APPROVAL DIVISION CODE,,분류어,생략
승인권자,APRVR,APPROVER,,,생략
승인문서번호,APPDOCNO,APPROVAL DOCUMENT NUMBER,,분류어,생략
승인번호,APRVNO,APPROVAL NUMBER,,분류어,생략
승인상태구분코드,ASDCD,APPROVAL STATE DIVISION CODE,,분류어,생략
승인액,APRVAMT,APPROVAL AMOUNT,승인금액,,생략
승인일자,APVDT,APPROVAL DATE,승인일,,생략
승인자,APPRVR,APPROVER,,,생략
승인취소,CNFC,CONFIRM CANCEL,,,생략
승인통합임무명령서표적구분코드,APITOTGDVCD,APPROVAL INTEGRATED TASKING ORDER TARGET DIVISION CODE,,분류어,생략
승조,CRWTM,CREW`S TEAM,,,생략
승조원,CRW,CREW,,,생략
승차,GETON,GET ON,,,생략
승차권,TICKT,TICKET,차표,,생략
승차역,ENTSTN,ENTRAINING STATION,,,생략
승하차,RDGTOF,RIDE AND GET OFF,,,생략
승함,JSHIP,JOIN SHIP,,,생략
승합자동차,ONBUS,OMNIBUS,,,생략
시,CITY,CITY,,,생략
시,HOUR,HOUR,,분류어,생략
시,INCS,IN CASE,,,생략
시가,MKTPRC,MARKET PRICE,,,생략
시가,CURPRC,CURRENT PRICE,,,생략
시각,DNT,DATE AND TIME,시분초,분류어,생략
시각음성경보경고,VSVAW,VISUAL VOICE ALERT WARNINGS,,,생략
시간,TIME,TIME,TIME,분류어,생략
시간대,TMSLT,TIME SLOT,,,생략
시간대구분코드,TZCD,TIME ZONE CODE,,분류어,생략
시간외,OVTIME,OVER TIME,,,생략
시간이내,TW,TIME WITHIN,,,생략
시간장경,TMITVL,TIME INTERVAL,,,생략
시간지대선,TPL,TIME PHASE LINE,,,생략
시간지연상수1,TMDLCNS1,TIME DELAY CONSTANT1,,,생략
시간지연상수2,TMDLCNS2,TIME DELAY CONSTANT2,,,생략
시간차무장투하,RIPLEFIRE,RIPPLE FIRE,,,생략
시건,KLK,KEYLOCK,,,생략
시계,FOV,FIELD OF VIEW,,,생략
시계거리구분코드,FOVDSTCCD,FIELD OF VIEW DISTANCE SECTION CODE,,분류어,생략
시계비행규칙,VFR,VISUAL FLIGHT RULES,VFR,,생략
시계비행조건,VMC,VISUAL METEOROLOGICAL CONDITIONS,,,생략
시계열,TMSRS,TIME SERIES,,,생략
시계열분석,TMSANL,TIME-SERIES ANALYSIS,,,생략
시공,CSTRTN,CONSTRUCTION,,,생략
시공능력평가액,CCEA,CONSTRUCTING CAPACITY EVALUATION AMOUNT,"시평액,시공능력평가금액",,생략
시공능력평가제도,CCES,CONSTRUCTING CAPACITY EVALUATION SYSTEM,,,생략
시공부대,CNSTUNT,CONSTRUCTION UNIT,,,생략
시공일자,CSTDT,CONSTRUCTION DATE,시공일,,생략
시공자,BLDR,BUILDER,,,생략
시구,SIGU,SI GU,,,생략
시군,SIGUN,SI GUN,,,생략
시군구,WDCNTY,WARD AND COUNTY,,,생략
시군구코드,SIGNGUCD,SI GUN GU CODE,,분류어,생략
시금고,CTYBNK,RECEIVE BANK OF CITY,,,생략
시급,PYMHR,PAYMENT BY THE HOUR,,,생략
시기,PERID,PERIOD,,,생략
시나리오,SNRO,SCENARIO,,,생략
시나리오번호,SNRONO,SCENARIO NUMBER,,분류어,생략
시나리오상세번호,SNRODTLNO,SCENARIO DETAIL NUMBER,,분류어,생략
시내,DWTW,DOWNTOWN,,,생략
시내외,CITYSBRB,CITY AND SUBURB,,,생략
시내전화,LCLN,LOCAL PHONES,,,생략
시담,PRVSTL,PRIVATE SETTLEMENT,,,생략
시도,ATTMPT,ATTEMPT,,,생략
시도,CITYDO,CITYDO,,,생략
시도상위관리번호,CDHRMNO,CITY DO HIGH RANK MANAGEMENT NUMBER,,분류어,생략
시도코드,CITYDOCD,CITYDO CODE,,분류어,생략
시동,STRUP,START-UP,,,생략
시디롬,CDROM,CDROM,,,생략
시력,ESGT,EYESIGHT,,분류어,생략
시료,SMPORE,SAMPLE ORE,검체,,생략
시료검사,SMINP,SAMPLE ORE INSPECTION,,,생략
시료번호,SMPORENO,SAMPLE ORE NUMBER,검체번호,분류어,생략
시료요구,SDMN,SAMPLE ORE DEMAND,,,생략
시료탄,SMPAMN,SAMPLE AMMUNITION,,,생략
시립,MUNIC,MUNICIPAL ,,,생략
시뮬레이터,SIMLT,SIMULATOR,,,생략
시뮬레이터번호,SIMLTNO,SIMULATOR NUMBER,,분류어,생략
시민권,CTSHP,CITIZENZHIP,,,생략
시보,PROFFR,PRE-WORKING OFFICER,,,생략
시분,HRMT,HOUR MINUTE,,분류어,생략
시분초,HMS,HOUR MINUTE SECOND,,분류어,생략
시사탄,TSTFRAMN,TEST-FIRE AMMUNITION,,,생략
시산표,TIABL,TRIAL BALANCE,,,생략
시선,GAZE,GAZE,,,생략
시설,INSTLTN,INSTALLATION,UB,,생략
시설거래유형1단계코드,FCTPS1CD,INSTALLATION TRANSACTION TYPE FIRST STEP CODE,,분류어,생략
시설거래유형2단계코드,FCTPS2CD,INSTALLATION TRANSACTION TYPE SECOND STEP CODE,,분류어,생략
시설거래유형3단계코드,FCTPS3CD,INSTALLATION TRANSACTION TYPE THIRD STEP CODE,,분류어,생략
시설거래유형4단계코드,FCTPS4CD,INSTALLATION TRANSACTION TYPE FOURTH STEP CODE,,분류어,생략
시설공사,FCLCST,FACILITY CONSTRUCTION,,,생략
시설관리,FCLMGT,FACILITY MANAGEMENT,,,생략
시설구분코드,INSTLDVCD,INSTALLATION DIVISION CODE,,분류어,생략
시설단,FCLGRP,FACILITY GROUP,,,생략
시설면적,FCAR,FACILITY AREA,,,생략
시설물,INSTLA,INSTALLATION,,,생략
시설물관리번호,IMNO,INSTALLATION MANAGEMENT NUMBER,,분류어,생략
시설물작업구분코드,INSTLWOKCD,INSTALLATION WORK SECTION CODE,,분류어,생략
시설번호,FCLTNO,FACILITIES NUMBER,,분류어,생략
시설변동,FCLTYCHANGE,FACILITY CHANGE,,,생략
시설사업,FCLPRJ,FACILITY PROJECT,,,생략
시설영상번호,INSTLTNIMGNO,INSTALLATION IMAGE NUMBER,,분류어,생략
시설운용유형코드,INSTOPTYCD,INSTALLATION OPERATING TYPE CODE,,분류어,생략
시설자산이동구분코드,IAMDCD,INSTALLATION ASSETS MOVE DIVISION CODE,,분류어,생략
시설작전계획부호,FOPSGN,FACILITIES OPERATION PLAN SIGN,,,생략
시설장비,INSTEQ,INSTALLATION EQUIPMENT,,,생략
시설종류부호,FKSGN,FACILITIES KIND SIGN,,,생략
시설종류부호코드,FKSGNCD,FACILITIES KIND SIGN CODE,,분류어,생략
시설협정,FCLTYTRTY,FACILITY TREATY,,,생략
시설활성부호,FASGN,FACILITIES ACTIVE SIGN,,,생략
시소,SESAW,SEESAW,,,생략
시속,SPDHR,SPEED PER HOUR,,,생략
시술,SRGPRC,SURGICAL PROCEDURE,,,생략
시술소,SROPRM,SURGICAL OPERATING ROOM,,,생략
시스템,SYST,SYSTEM,,,생략
시스템공학,SE,SYSTEM ENGINEERING,SE,,생략
시스템자원,SYSRSC,SYSTEM RESOURCE,,,생략
시식,SMP,SAMPLING,,,생략
시안,CYN,CYAAN,,,생략
시약,REAG,REAGENT,,,생략
시영,MNCMNG,MUNICIPAL MANAGEMENT,,,생략
시외,SUBRB,SUBURB,,,생략
시운전,TRLRUN,TRIAL RUN,,,생략
시운전일자,TRLRUNDT,TRIAL RUN DATE,시운전일,,생략
시위,DMSTRT,DEMONSTRATION,,,생략
시유지,CTYLND,CITY LAND,,,생략
시의성,TIMELINESS,TIMELINESS,,,생략
시인,APRVL,APPROVAL,,,생략
시인번호,APPRNO,APPROVAL NUMBER,,분류어,생략
시인상태코드,APRSACD,APPROVAL STATE CODE,,분류어,생략
시작,START,START,FROM,,생략
시작년월,STYRMON,START YEAR AND MONTH,,,생략
시작일자,STARTDT,START DATE,"FROM일자,시작일",,생략
시작점,STPNT,START POINT,,,생략
시장성,MKABLT,MARKETABILITY,,,생략
시재금,VC,VAULT CASH,,,생략
시점,PNTM,POINT OF TIME,,,생략
시정,VSBLTY,VISIBILITY,,,생략
시정,CRRCTN,CORRECTION,,,생략
시제,PROTP,PROTOTYPE,,,생략
시제업체,PRTCPN,PROTOTYPE COMPANY,,,생략
시제품,TMGDS,TRIAL MANUFACTURED GOODS,,,생략
시제품검사,PRQLFTST,PROTOTYPE QUALIFICATION TEST,,,생략
시제품창정비,PRDPMTN,PROTOTYPE DEPOT MAINTENANCE,,,생략
시차,EOT,EQUATION OF TIME,,,생략
시차별부대전개제원,TPFDD,TIME-PHASED FORCE AND DEPLOYMENT DATA,TPFDD,,생략
시청,CTYHLL,CITY HALL,,,생략
시청각,ADOVSL,AUDIOVISUAL,,,생략
시체,DEADBD,DEAD BODY,,,생략
시추,DLL,DRILL,,,생략
시추공,EXPHL,EXPLORATORY HOLE,,,생략
시트,SHT,SHEET,"쉬트,SHEET",,생략
시특법,ISLAW,SPECIAL LAW OF INSTALLATION,,,생략
시특법종류코드,ISLAWKNDCD,SPECIAL LAW OF INSTALLATION KIND CODE,,분류어,생략
시한,TMLMT,TIME LIMIT,,,생략
시한성,TMCPC,TIME COMPLIANCE,,,생략
시한성교환단위코드,TEUCD,TIME LIMIT EXCHANGE UNIT CODE,,분류어,생략
시한성교환주기,TCP,TIME CHANGE ITEM PERIOD,,,생략
시한성교환품목,TCI,TIME CHANGE ITEM,TCI,,생략
시한성기술지시,TCTO,TIME COMPLIANCE TECHNICAL ORDER,TCTO,,생략
시한성기술지시구분코드,TCTODVSCD,TIME COMPLIANCE TECHNICAL ORDER DIVISION Code,,분류어,생략
시한성기술지시번호,TCTONO,TIME COMPLIANCE TECHNICAL ORDER DIVISION NUMBER,,분류어,생략
시한성표적,TST,TIME SENSITIVE TARGET,,,생략
시한성품목,SLI,SHELF LIFE ITEM,,,생략
시한성화생방물자,TNBC,"TIME COMPLIANCE NUCLEAR, BIOLOGICAL AND CHEMICAL MATERIALS",,,생략
시한신관,TMFUZE,TIME FUZE,,,생략
시합,BOUT,BOUT ,,,생략
시행,ENFC,ENFORCEMENT,,,생략
시행령,ENFOD,ENFORCEMENT ORDINANCE,,,생략
시행문,EFCDOC,ENFORCEMENT DOCUMENT,,,생략
시행부서,EDPT,ENFORCEMENT DEPARTMENT,,,생략
시행일자,ENFCDT,ENFORCEMENT DATE,시행일,,생략
시행지시번호,EINO,ENFORCEMENT INSTRUCTIONS NUMBER,,분류어,생략
시행측정요소,MSRPFM,MEASURE OF PERFORMANCE,,,생략
시험,TEST,TEST,"테스트,TEST",,생략
시험개발,TSTDVL,TEST DEVELOPMENT,,,생략
시험계획번호,TSTPLNO,TEST PLAN NUMBER,,분류어,생략
시험과목,EXMSBJ,EXAMINATION SUBJECT,,,생략
시험기관구분코드,TOCCD,TEST ORGAN CATEGORY CODE,,분류어,생략
시험기동,TRLMN,TRIAL MANEUVER,,,생략
시험기동실제기동,TRFMN,TRIAL AND FIRM MANEUVER,,,생략
시험번호,TESTNO,TEST NUMBER,,분류어,생략
시험법,MHMN,METHOD OF EXAMINATION,,,생략
시험분석,TSTANL,TEST ANALYSIS,,,생략
시험소,EXMSTN,EXAMINATION STATION,,,생략
시험실,TECE,TEST CELL,,,생략
시험용탄약,TSTAMN,TEST AMMUNITION,,,생략
시험일자,TSTDT,TEST DATE,시험일,,생략
시험자,TSTR,TESTER,,,생략
시험장,EXMR,EXAMINATION ROOM,,,생략
시험평가,TSTNEVL,TEST AND EVALUATION,,,생략
시험평가일자,TSNEVLDT,TEST AND EVALUATION DATE,시험평가일,,생략
시현,DEMO,DEMONSTRATION,,,생략
시효,PRSC,PRESCRIPTION,,,생략
시효성,EXPIRTN,EXPIRATION,,,생략
시효수명코드,PRSCLFCD,PRESCRIPTION LIFE CODE,,분류어,생략
시효시한성품목식별코드,PTCICD,PRESCRIPTION AND TIME COMPLIANCE ITEM CODE,,분류어,생략
시효중단,INTPRSC,INTERRUPTION OF PRESCRIPTION,,,생략
시효중단구분코드,INTPRDVCD,INTERRUPTION OF PRESCRIPTION DIVISION CODE,,분류어,생략
식각,ETCH,ETCHING,,,생략
식권,FSTMP,FOOD STAMPS ,,,생략
식기,DISH,DISH,,,생략
식단,MNU,MENU,,,생략
식당,DNGRM,DINING ROOM,,,생략
식대,CGFFD,CHARGE FOR FOOD,,,생략
식량,FOOD,FOOD,음식,,생략
식물성,VPRPT,VEGETABLE PROPERTY,,,생략
식물원,BGADN,BOTANIC GARDEN,,,생략
식별,IDTF,IDENTIFICATION,,,생략
식별검사,II,IDENTIFICATION INSPECTION,,,생략
식별기준,IDSTD,IDENTIFICATION STANDARD,,,생략
식별번호,IDNO,IDENTIFICATION NUMBER,,분류어,생략
식별보류표적분류,PDTCS,PENDING TRACKS CLASSIFICATION,,,생략
식별자,IDTFR,IDENTIFIER,식별키,분류어,생략
식별자료목록,KIL,KOREA IDENTIFICATION LIST,,,생략
식별장교,IDO,IDENTIFICATION OFFICER,,,생략
식별체,DSMSLD,DISCERNMENT SOLID,,,생략
식별표적,IDTGT,IDENTIFICATION TARGET,,,생략
식별표적일련번호,IDTFTGTSN,IDENTIFICATION TARGET SERIAL NUMBER,,분류어,생략
식비,FDEXP,FOOD EXPENSES,,,생략
식사,MEAL,MEAL,끼니,,생략
식사비,MLEXP,MEAL EXPENSE,,,생략
식생,GRPLT,GROUP OF PLANT,,,생략
식수,DRNKWTR,DRINKING WATER,,,생략
식수,NUMFD,NUMBER OF FOOD,,,생략
식욕,APTIT,APPETITE,,,생략
식이,DIET,DIET,,,생략
식이요법,DTCTRP,DIETETIC THERAPY,,,생략
식이처방,DIPRC,DIET PRESCRIPTION,,,생략
식중독,FOODP,FOOD POISONING,,,생략
식품,GRCRS,GROCERIES,,,생략
식품류,FDTP,FOOD TYPE,,,생략
식품의약품안전청,KFDA,KOREA FOOD AND DRUG ADMINISTRATION,"KFDA,한국식품의약청",,생략
신개념기술시범,ACTD,ADVANCED CONCEPT TECHNOLOGY DEMONSTRATION,,,생략
신경,NERVE,NERVE,,,생략
신경정신과,NP,NEUROPSYCHIATRY,"정신과,신경과",,생략
신고,REPORT,REPORT,,,생략
신고망,RPTNW,REPORT NETWORK,,,생략
신고서,DCLRT,DECLARATION,,,생략
신고일자,REPTDT,REPORT DATE,신고일,,생략
신고자,RPRTR,REPORTER,,,생략
신관,FUSE,FUSE,,,생략
신구,NWD,NEW AND OLD,,,생략
신규,NEW,NEW,"신,NEW",,생략
신규고객지원반응,NDSR,NEW DELINQUENT SUPPORT RESPONSE,,,생략
신규약품,NWMED,NEW MEDICINE,,,생략
신년,NEWYEA,NEW YEAR,,,생략
신디케이트,SYNDCT,SYNDICATE,,,생략
신뢰,RLNC,RELIANCE,,,생략
신뢰도,CFDLV,CONFIDENCE LEVEL,,분류어,생략
신뢰도구분코드,CFDLVDVCD,CONFIDENCE LEVEL DIVISION CODE,,분류어,생략
신뢰도예측,RLBPRD,RELIABILITY PREDICTION,,,생략
신뢰도평가,RLBEVL,RELIABILITY EVALUATION,,,생략
신뢰도할당,RLBALC,RELIABILITY ALLOCATION,,,생략
신뢰성,RLBT,RELIABILITY,,,생략
신뢰성등급코드,TRSLVCD,TRUST LEVEL CODE,,분류어,생략
신뢰성인증,RCGRLB,RECOGNITION OF RELIABILITY,,,생략
신문,NWSP,NEWSPAPER,,,생략
신문,ITRG,INTERROGATION,,,생략
신문대상자관리번호,NTPMNO,NEWSPAPER TARGETED PERSON MANAGEMENT NUMBER,,분류어,생략
신문대상자분류코드,NTPCCD,NEWSPAPER TARGETED PERSON CLASSIFICATION CODE,,분류어,생략
신문사,NWSPCMP,NEWSPAPER COMPANY,,,생략
신문특수첩보주제번호,NSISNO,NEWSPAPER SPECIALITY INFORMATION SUBJECT NUMBER,,분류어,생략
신발,FTWR,FOOTWEAR,,,생략
신병,NRSDR,NEW RECRUIT SOLDIER,,,생략
신병교육,NRSEDU,NEW RECRUIT SOLDIER EDUCATION,,,생략
신분,SCLPST,SOCIAL POSITION,,,생략
신분구분코드,SCLPSTDVSCD,SOCIAL POSITION DIVISION CODE,,분류어,생략
신분별병과코드,PSPBRCD,PUBLIC SERVICE PERSONNEL BRANCH OF SERVICE CODE,,분류어,생략
신분증,IDCARD,IDENTIFICATION CARD,"신분증명서,아이디카드",,생략
신분코드,SCPSTCD,SOCIAL POSITION CODE,,분류어,생략
신빙,CFDC,CONFIDENCE,,,생략
신빙성,CRDBLT,CREDIBILITY,,,생략
신빙성등급코드,PSTLVCD,POSITIVE LEVEL CODE,,분류어,생략
신상,PSNMTR,PERSONAL MATTER,,,생략
신생,EMERG,EMERGENT ,,,생략
신생아,NBRNB,NEWBORN BABY,,,생략
신설,NES,NEW ESTABLISHMENT,,,생략
신설회사,NCPN,NEW COMPANY,,,생략
신속,RPDT,RAPIDITY,,,생략
신속보급제도,QSS,QUICK SUPPLY SYSTEM,,,생략
신속억제방안,FDO,FLEXIBLE DETERRENT OPTION,FDO,,생략
신앙,FAITH,FAITH,,,생략
신용,CRDT,CREDIT,,,생략
신용거래,CRDTD,CREDIT DEALING,,,생략
신용등급,CRDRTNG,CREDIT RATING,,,생략
신용보증탄,CRCAMN,CERTIFIED ROUND CONCEPT AMMUNITION,,,생략
신용장,LC,LETTER OF CREDIT,L/C,,생략
신용장번호,LCNO,LETTER OF CREDIT NUMBER,,분류어,생략
신용조사,CRDCHK,CREDIT CHECK,,,생략
신용카드,CRCAD,CREDIT CARD,,,생략
신용평가,CRDTASS,CREDIT ASSESSMENT,,,생략
신원,IDNTY,IDENTITY,,,생략
신원여부,IDENTITYYN,IDENTITY YES OR NO,,,생략
신원조사,BI,BACKGROUND INVESTIGATION,,,생략
신원진술서,IDSDOC,IDENTITY STATEMENT DOCUMENT,,,생략
신의,FATH,FAITH,,,생략
신인도,RCGDGR,RECOGNITION DEGREE,,,생략
신입,NWMB,NEW MEMBER,,,생략
신장,STATUR,STATURE,,분류어,생략
신조선,NHPD,NEW SHIPBUILDING,,,생략
신종사채,NKNND,NEW KIND BOND,,,생략
신주,NSTK,NEW STOCK,,,생략
신주인수권,WRANT,WARRANT,,,생략
신주인수권부사채,BWHN,BOND WITH WARRANT,,,생략
신주인수권증서,CRNS,CERTIFICATE OF PREEMPTIVE RIGHT TO NEW STOCKS,,,생략
신진대사,METAS,METABOLISM,,,생략
신진지,NWPST,NEW POSITION,,,생략
신청,APL,APPLICATION,,,생략
신청결과,APRSLT,APPLY RESULT,,,생략
신청번호,APLNO,APPLICATION NUMBER,,분류어,생략
신청서,WRTAPL,WRITTEN APPLICATION,,,생략
신청서번호,WANO,WRITTEN APPLICATION NUMBER,,분류어,생략
신청일자,APLDT,APPLICATION DATE,신청일,,생략
신청자,APPLCT,APPLICANT,신청인,,생략
신체,BD,BODY,인체,,생략
신체검사,PHEXM,PHYSICAL EXAMINATION,신검,,생략
신체검사번호,PHEXMNO,PHYSICAL EXAMINATIONNUMBER,,분류어,생략
신체검사유형,PETYP,PHYSICAL EXAMINATION TYPE,,,생략
신체검사유형부호,PETYPSGN,PHYSICAL EXAMINATION TYPE SIGN,,분류어,생략
신체검사일자,PEDT,PHYSICAL EXAMINATION DATE,"신체검사일,신검일,신검일자,신검검사일",,생략
신체등급구분코드,BDGDCD,BODY GRADE DIVISION CODE,,분류어,생략
신체장애등급코드,BOGCD,BODY OBSTACLE GRADE CODE,,분류어,생략
신축,NCNST,NEW CONSTRUCTION,,,생략
신축일자,NCNSTDT,NEW CONSTRUCTION DATE,신축일,,생략
신탁,TRST,TRUST,,,생략
신탁자,TRSTR,TRUSTER,,,생략
신품,NITM,NEW ITEM,,,생략
신품즉시사용,AMNCCA,NEW ITEM IMMEDIATELY USE,,,생략
신형,NTYL,NEW STYLE,,,생략
신호,SGNL,SIGNAL,,,생략
신호감도구분코드,SGNLSNSTDVCD,SIGNAL SENSITIVITY DIVISION CODE,,분류어,생략
신호기,SGNAPRT,SIGNAL APPARATUS,,,생략
신호기호분류코드,SGNLSMBLCLCD,SIGNAL SYMBOL CLASSIFICATION CODE,,분류어,생략
신호대잡음비,SNR,SIGNAL TO NOISE RATIO,,,생략
신호등,TFCLGHT,TRAFFIC LIGHT,,,생략
신호병과구분코드,SGNLBRDVCD,SIGNAL BRANCH OF SERVICE DIVISION CODE,,분류어,생략
신호사용목적구분코드,SGNLUSPRDVCD,SIGNAL USE PURPOSE DIVISION CODE,,분류어,생략
신호서,CDSGNL,CODE OF SIGNAL,,,생략
신호소,SGLPC,SIGNAL PLACE,,,생략
신호정보,SIGINT,SIGNAL INTELLIGENCE,,,생략
신호제대구분코드,SGNLECHLDVCD,SIGNAL ECHELON DIVISION CODE,,분류어,생략
신호현시,SGNASP,SIGNAL ASPECT,,,생략
신호형태코드,SGNLSHCD,SIGNAL SHAPE CODE,,분류어,생략
실,RM,ROOM,,,생략
실,ACTL,ACTUAL,,,생략
실공정률,ACTPRGRT,ACTUAL PROGRESS RATE,"실시공정율,실공정율",,생략
실권주,FRRSC,FORFEITURE STOCK,,,생략
실기,PRTECH,PRACTICAL TECHNIQUE,,,생략
실기동시뮬레이션,LVSIM,LIVE SIMULATION,,,생략
실내,INTRR,INTERIOR,,,생략
실내등,INTLGT,INTERIOR LIGHT,,,생략
실명,RLNM,REAL NAME,,,생략
실무,PRCTAFR,PRACTICAL AFFAIRS,,,생략
실무자,HOWKR,HANDS-ON WORKER,,,생략
실비,ACEXP,ACTUAL EXPENSE,,,생략
실사,ACTINSP,ACTUAL INSPECTION,,,생략
실셈군수품조사,ACTCNT,ACTUAL COUNT,"현수,실셈",,생략
실소요,NETRQM,NET REQUIREMENT,,,생략
실속속도,STALLVLCT,STALL VELOCITY,,,생략
실속형,SBSTY,SUBSTANCE TYPE,,,생략
실수,ACTNO,ACTUAL NUMBER,,,생략
실수요자,ENDS,END USER,,,생략
실습,PRCT,PRACTICE,,,생략
실시,EXCUTN,EXECUTION,,,생략
실시간,RLTM,REAL TIME,,,생략
실시간데이터처리기,DLP,DATA LINK PROCESSOR,DLP,,생략
실시간항적전시체계,RTDS,REAL-TIME TRACK DISPLAY SYSTEM,,,생략
실시요일,EWDAY,EXECUTION WEEKDAY,,,생략
실시일자,EXCDT,EXECUTION DATE,실시일,,생략
실시자,EXCTR,EXECUTOR,,,생략
실외,OUTSD,OUTSIDE,,,생략
실용,PRTUSE,PRACTICAL USE,,,생략
실용화,CMMCLZ,COMMERCIALIZATION,,,생략
실장,SCCHF,SECTION CHIEF,,,생략
실적,ACTRSLT,ACTUAL RESULT,,,생략
실전,NCNTR,ENCOUNTER ,,,생략
실정,ACTCON,ACTUAL CONDITION,,,생략
실제,RLTY,REALITY,,,생략
실제발생비용,ACWP,ACTUAL COST OF WORK PERFORMED,,,생략
실제직접비용,ADC,ACTUAL DIRECT COSTS,,,생략
실존,EXST,EXISTENCE,,,생략
실종,MISS,MISSING,,,생략
실종선고,DCLDSP,DECLARATION OF DISAPPEARANCE,,,생략
실종자,MSSPRSN,MISSING PERSON,,,생략
실질,REAL,REAL,,,생략
실측,ACTSV,ACTUAL SURVEY,,,생략
실태,ACTST,ACTUAL STATE,,,생략
실태조사,SV,SURVEY,,,생략
실태조사일자,SVDT,SURVEY DATE,실태조사일,,생략
실패,FAILR,FAILURE,,,생략
실행,EXECUTN,EXECUTION,오퍼레이션,,생략
실행일자,OPRDT,OPERATION DATE,실행일,,생략
실험,EXPER,EXPERIMENT,,,생략
실험시제품,EPMPRT,EXPERIMENTAL PROTOTYPE,,,생략
실험실공장,LFTRY,LABORATORY FACTORY,,,생략
실화,AFIRE,AN ACCIDENTAL FIRE,,,생략
실황,RLST,REAL SITUATION,,,생략
실효,EFFCY,EFFICIENCY,,,생략
실효치,RMSQ,ROOT MEAN SQUARE,,,생략
심각,SERIUS,SERIOUS,,,생략
심결,TIADCS,TRIAL DECISION,,,생략
심도,FTHM,FATHOM,,분류어,생략
심리,MNTLT,MENTALITY,,,생략
심리검사,PSYCHTST,PSYCHOLOGICAL TEST,,,생략
심리전,PSYWAR,PSYCHOLOGICAL WARFARE,,,생략
심리전매체구분코드,PWMEDIADVSCD,PSYWAR MEDIA DIVISION CODE,,분류어,생략
심리전시설,PWINSTLTN,PSYCHOLOGICAL WARFARE INSTALLATION,,,생략
심리전자산,PWASST,PSYCHOLOGICAL WARFARE ASSETS,,,생략
심사,JDGM,JUDGMENT,,,생략
심사결과,JRLT,JUDGMENT RESULT,,,생략
심사결정,JDCS,JUDGMENT DECISION,,,생략
심사내역서,JDTS,JUDGMENT DETAILED STATEMENT,,,생략
심사담당,JRSP,JUDGMENT RESPONSIBILITY,,,생략
심사보훈,JPTV,JUDGMENT PATRIOTS AND VETERAN AFFAIRS,,,생략
심사분류,JCLS,JUDGMENT CLASSIFICATION,,,생략
심사분석,RVANL,REVIEW AND ANALYSIS,,,생략
심사불능,JINC,JUDGMENT INCAPACITY,,,생략
심사위탁,JCSM,JUDGMENT CONSIGNMENT,,,생략
심사일자,JDGMDT,JUDGMENT DATE,심사일,,생략
심사자,EXAMNR,EXAMINER,,,생략
심사표,JDGTBL,JUDGMENT TABLE,,,생략
심신,MNDBD,MIND AND BODY,,,생략
심야,MDNGHT,MIDNIGHT,,,생략
심야할인,MDGHTDSCNT,MIDNIGHT DISCOUNT,,,생략
심의,DLBR,DELIBERATION,,,생략
심의결과구분코드,DLBRLTDVCD,DELIBERATION RESULT  DIVISION CODE,,분류어,생략
심의규격번호,DSNO,DELIBERATION SPECIFICATION NUMBER,,분류어,생략
심의번호,DLBRNO,DELIBERATION NUMBER,,분류어,생략
심의요청구분코드,DLBRQDVCD,DELIBERATION REQUEST  DIVISION CODE,,분류어,생략
심의위원,DLBMBR,DELIBERATING MEMBER,,,생략
심의위원회,DLBCMT,DELIBERATION COMMITTEE,심의회,,생략
심의일자,DLBRDT,DELIBERATION DATE,심의일,,생략
심장박동,CDBEAT,CARDIAC BEAT,,,생략
심장박동수,CDRT,CARDIAC RATE,HR,,생략
심장병,HRTDISS,HEARTDISEASE,,,생략
심장정지,CDARST,CARDIAC ARREST,심정지,,생략
심전도,ECG,ELETROCARDIOGRAM,,,생략
심정,DPWEL,DEEP WELL,,,생략
심층,DEPTHS,THE DEPTHS,,,생략
심폐,CDPMNR,CARDIOPULMONARY,,,생략
심폐소생술,CPR,CARDIOPULMONARY RESUSCITATION,"CPR,심폐소생",,생략
심해자기온도계,BTMG,BATHYTHERMOGRAPH,,,생략
심해저,DPL,DEEP-SEA FLOOR,,,생략
심혈관,CRDVSC,CARDIOVASCULAR,,,생략
쌀,RICE,RICE,,,생략
쌍,PAIR,PAIR,,,생략
쌍둥이,TWNS,TWINS,,,생략
쌍무,BLTR,BILATERAL,,,생략
쌍무계약,BLTRCNTRCT,BILATERAL CONTRACT,,,생략
쌍무적,BLTRL,BILATERAL,,,생략
쌍발,TWNENGN,TWIN ENGINES,,,생략
쌍방대리,RRSTB,REPRESENTATION OF BOTH PARTIES,,,생략
쌍방향,TOWWAY,TWO-WAY,,,생략
쌍방훈련,MTLTRNNG,Mutual Training,,,생략
썰매장,SLDPL,SLEDDING PLACE,,,생략
쏘티,ST,SORTIE,소티,,생략
쏘티구간번호,SRTISCTNO,SORTIE SECTION NUMBER,,분류어,생략
쓰레기,TRASH,TRASH ,,,생략
쓰레드,THREAD,THREAD,,,생략
아,OUR,OUR,,,생략
아교,GLUE,GLUE,,,생략
아군,OURFRCS,OUR FORCES,,,생략
아군부대규모코드,FUSCD,FRIENDLY UNIT SIZE CODE,,분류어,생략
아군의무시설코드,OFMDCAINSCD,OUR FORCES MEDICAL AFFAIRS INSTALLATION CODE,,분류어,생략
아날로그,ANLG,ANALOG,,,생략
아래,LWER,LOWER,,,생략
아버지,FATHR,FATHER ,,,생략
아부대,OURUNT,OUR UNIT,,,생략
아스콘,APNRT,ASPHALT CONCRETE,,,생략
아스팔트살포기,ASPDSBT,ASPHALT DISTRIBUTOR,,,생략
아스피린,ASPRN,ASPIRIN,ASPIRIN,,생략
아시아,ASIA,ASIA,,,생략
아연,ZN,ZINC,ZN,,생략
아연판,ZNSHT,ZINC SHEET,,,생략
아울렛,OLT,OUTLET,OUTLET,,생략
아울렛박스,OLTBX,OUTLET BOX,OUTLETBOX,,생략
아이론정비,IROAN,INSPECT AND REPAIR ONLY AS NECESSARY,,,생략
아이콘,ICON,ICON,,,생략
아이콘번호,ICONNO,ICON NUMBER,,분류어,생략
아이핀,IPIN,INTERNET PERSONAL IDENTIFICATION NUMBER,,,생략
아치,ARCH,ARCH,,,생략
아침,MORN,MORNING ,,,생략
아카시아,ACCA,ACACIA,,,생략
아카이브,ARCHV,ARCHIVE,,,생략
아키텍처,ARCHTC,ARCHITECTURE,,,생략
아트로핀,ATRPN,ATROPINE,ATROPINE,,생략
아티스트,ARTST,ARTIST ,,,생략
아파트,APT,APARTMENT,,,생략
아프리카,AFRICA,AFRICA,,,생략
아흉고,SBH,SUBTREE BREAST HEIGHT,,,생략
악,BAD,BAD,,,생략
악기,MCLSR,MUSICAL INSTRUMENT,,,생략
악기상,MGWTH,MARGINAL WEATHER,,,생략
악단,ORCHS,ORCHESTRA ,,,생략
악력,HNDSTRTH,HAND STRENGTH,,,생략
악성코드,MCSC,MALICIOUS CODE,,,생략
악성프로그램,MLGNPGM,MALIGNANT PROGRAM,,,생략
악작용탄약,AMMLFT,AMMUNITION MALFUNCTION,악작용,,생략
악화,DTRTN,DETERIORATION,,,생략
안,IDEA,IDEA,,,생략
안개,FOG,FOG,,,생략
안개영상,FGIMG,FOG IMAGE,,,생략
안건,AGND,AGENDA,,,생략
안경,GLSS,GLASSES,,,생략
안경테,FPGLS,FRAMES OF A PAIR OF GLASSES,,,생략
안과,OPTHMLG,OPHTHALMOLOGY,,,생략
안내,GUIDNCE,GUIDANCE,,,생략
안내문,GDCC,GUIDANCE DOCUMENT,,,생략
안내문코드번호,GDCCCODENO,GUIDANCE DOCUMENTCODE NUMBERNAME,,분류어,생략
안내사항,UGMT,GUIDANCE MATTER,,,생략
안내소,INFBRU,INFORMATION BUREAU,,,생략
안내인,CNDCTR,CONDUCTOR,안내자,,생략
안내판,DRCBRD,DIRECTION BOARD,,,생략
안료,PIGMNT,PIGMENT,,,생략
안벽,QUAY,QUAY,,,생략
안벽,INWL,INNER WALL,내벽,,생략
안보,SECRT,SECURITY,,,생략
안보관,VONSC,VIEW OD NATIONAL SECURITY,,,생략
안보교육기관,SEDUF,SECURITY EDUCATIONAL FACILITIES,,,생략
안보교육기관일련번호,SEFSNO,SECURITY EDUCATIONAL FACILITIES SERIAL NUMBER,,분류어,생략
안보지원계획,SAP,SECURITY ASSISTANCE PROGRAM,,,생략
안분,PRPDVS,PROPORTIONAL DIVISION,,,생략
안심자,SFTMN,SAFETY MAN,,,생략
안압,INTPRS,INTRAOCULAR PRESSURE,,,생략
안장,BURAL,BURIAL,,,생략
안장,SDDL,SADDLE,,,생략
안전,SFTY,SAFETY,,,생략
안전간격,SFTDST,SAFETY DISTANCE,,,생략
안전관리,SFCTRL,SAFETY CONTROL,,,생략
안전관리비,SFMGTCST,SAFETY MANAGEMENT COST,,,생략
안전도,SFDG,SAFETY DEGREE,,,생략
안전띠,SFTBLT,SAFETY BELT,,,생략
안전수준,SL,SAFETY LEVEL,SL,,생략
안전장구,SFGR,SAFETY GEARS,,,생략
안전재고,SFINVC,SAFETY INVOICE,,,생략
안전점검,SFTCHK,SAFETY CHECK,,,생략
안전진단,SFTDGSS,SAFETY DIAGNOSIS,,,생략
안정,STBZT,STABILIZATION,,,생략
안정도,STBLT,STABILITY,,,생략
안정성,FRMNS,FIRMNESS,,,생략
안정요법,RSTCR,REST CURE,,,생략
안정제,TRQL,TRANQUILIZER,,,생략
안정화,STBZTIZE,Stabilization ~IZE,,,생략
안정화과제코드,STBZTZETSKCD,STABILIZATION TASK CODE,,분류어,생략
안정화분야코드,STBZTZESPHCD,STABILIZATION SPHERE CODE,,분류어,생략
안쪽복사,INLTML,INSIDE LATERAL MALLEOLUS,,,생략
안착,SFARV,SAFE ARRIVAL,,,생략
안치,ENSHRINE,ENSHRINE,,,생략
안테나,ANT,ANTENNA,,,생략
안테나구분코드,ANTDVCD,ANTENNA DIVISION CODE,,분류어,생략
안테나조준각도,ATNTRNAGL,ANTENNA TRAIN ANGLE,,,생략
앉기,STNG,SITTING,,,생략
앉아서기,SITST,SIT TI STAND,,,생략
알고리즘,AGRSM,ALGORISM,,,생략
알라닌아미노전달효소,LVAST,LIVER ASPARTATE AMINOTRANSFERASE,,,생략
알라닌아미노전이효소,LVALT,LIVER ALANINE AMINOTRANSFERASE,,,생략
알람,ALARM,ALARM,,,생략
알레르기,ALGY,ALLERGY,알러지,,생략
알레르기유발항원,ALRGN,ALLERGEN,,,생략
알루미늄,ALUM,ALUMINIUM,AL,,생략
알림,ANCMT,ANNOUNCEMENT,,,생략
알림문,ANCDOC,ANNOUNCEMENT DOCUMENT,,,생략
알림창,ALTWW,ALERT WINDOW,팝업창,,생략
알코올,ALCHL,ALCOHOL,,,생략
알파,ALP,ALPHA,ALPHA,,생략
알파벳,ALPH,ALPHABET,ALPHABETIC,,생략
암,RCK,ROCK,,,생략
암,CANC,CANCER,,,생략
암거,UNDDRN,UNDERDRAIN,,,생략
암내,ODOR,ODOR,,,생략
암등록번호,CANCRGSTNO,CANCER REGISTRATION NUMBER,,분류어,생략
암벽,RCKFC,ROCK FACE,,,생략
암질,QTST,QUALITY OF STONE,,,생략
암호자재,PSWDMTR,PASSWORD MATERIAL,,,생략
암호해독,DECD,DECODEMENT,,,생략
암호화,ECRYPT,ENCRYPTION,,,생략
암호화ID,ECRYPID,ENCRYPTION IDENTIFICATION NUMBER,,분류어,생략
암호화계좌번호,ECRYPTACCNO,ENCRYPTION ACCOUNT NUMBER,,분류어,생략
암호화내역,ECRYPPTCLS,ENCRYPTION PARTICULARS,,분류어,생략
암호화내용,ECRYPCTNT,ENCRYPTION CONTENT,,분류어,생략
암호화명,ECRYPNM,ENCRYPTION NAME,,분류어,생략
암호화비밀번호,ECRYPTPW,ENCRYPTION PASSWORD,,분류어,생략
암호화알고리즘코드,ENCACD,ENCRYPTION ALGORITHM CODE,,분류어,생략
암호화적용,ECRYPTAPLY,ENCRYPTION APPLY,,분류어,생략
암호화점수,ECRYPSCR,ENCRYPTION SCORE,,분류어,생략
암호화주민등록뒷자리번호,ECRYPTLDSSN,ENCRYPTION LAST DIGIT OF SOCIAL SECURITY NUMBER,,분류어,생략
암호화주민등록번호,ECRYPTSSN,ENCRYPTION SOCIAL SECURITY NUMBER,,분류어,생략
암호화주민등록앞자리번호,ECRYPTFDSSN,ENCRYPTION FIRST DIGIT OF SOCIAL SECURITY NUMBER,,분류어,생략
압력,PRSSR,PRESSURE,,분류어,생략
압력용기,PRSRCNTN,PRESSURE CONTAINER,,,생략
압류,SZR,SEIZURE,,,생략
압류금지,SZRPBT,PROHIBITION OF SEIZURE,,,생략
압류채권자,DSTRNR,DISTRAINER,,,생략
압박,OPRSS,OPPRESSION,,,생략
압축,CPRSN,COMPRESSION,,,생략
압축기,CMPRSR,COMPRESSOR,,,생략
압출,PRSOUT,PRESSING OUT,,,생략
압통,OPPAIN,OPPRESSIVE PAIN,,,생략
앞,FRNT,FRONT,,,생략
앞자리,FSTDGT,FIRST DIGIT,,,생략
애견,PETDOG,PET DOG,,,생략
애국,PATRTSM,PATRIOTISM,,,생략
애국지사,PATRT,PATRIOT,,,생략
애로,BTLN,BOTTLENECK,,,생략
애로,DEFILE,DEFILE,,,생략
애로지역,CKPNT,CHOKE POINT,,,생략
애플리케이션,APP,APPLICATION,"APP,어플리케이션",,생략
액,AMT,AMOUNT,,분류어,생략
액면,FACE,FACE,,,생략
액면가격,FCVL,FACE VALUE,"액면가,액면가액,액면금액,액면가금액",,생략
액면주식,PVSTOCK,PAR VALUE STOCK,,,생략
액상,LIQD,LIQUID ,,,생략
액체,LQD,LIQUID,,,생략
액체산소,LQO,LIQUID OXYGEN,,,생략
액체폭약,LQDEXP,LIQUID EXPLOSIVE,,,생략
액터,ACTOR,ACTOR,,,생략
액화석유가스,LPG,LIQUEFIED PETROLEUM GAS,"LPG,엘피지",,생략
앨범,ALBM,ALBUM,,,생략
앵커체인,ANCHN,ANCHOR CHAIN,ACC,,생략
야간,NGTM,NIGHT TIME,밤,,생략
야간감시장비,NVG,NIGHT VISION GOGGLES,NVG,,생략
야간비행,NTFLY,NIGHT TIME FLYING,,,생략
야간악기상,HMFN,HARD METEOROLOGICAL FOR NIGHT,,,생략
야간행군,NTMRC,NIGHT TIME MARCH,,,생략
야간활동유형코드,NTATYCD,NIGHT TIME ACTIVITY TYPE CODE,,분류어,생략
야구장,BBPRK,BASEBALL PARK,,,생략
야근,NGTOVTM,NIGHT OVERTIME,,,생략
야드,YD,YARD,,,생략
야드트랙터,YRDTRA,YARD TRACTOR,,,생략
야맹,NGTBLD,NIGHT BLINDNESS,,,생략
야생화,WDFW,WILD FLOWER,,,생략
야영장,CAMPG,CAMPING GROUND,,,생략
야외,FLDS,FIELDS,,,생략
야외기동연습,FTX,FIELD TRAINING EXERCISE,,,생략
야유회장,PCNPL,PICNIC PLACE,,,생략
야적,OPNST,OPEN STORAGE,,,생략
야적물자,OPSTSP,OPEN STORAGE SUPPLIES,,,생략
야적지,OSS,OPEN STORAGE SPACE,야적장,,생략
야전,FLDWAR,FIELD WARFARE,,,생략
야전군사령부,FFCH,FIELD FORCES COMMAND HEADQUARTERS,군사령부,,생략
야전보급,FLDSPL,FIELD SUPPLY,,,생략
야전부대시험,TRPTST,TROOP TEST,,,생략
야전수리품목,SRU,SHOP REPAIRABLE UNIT,,,생략
야전순환정비,WFRM,FIELD WARFARE RECURRING MAINTENANCE,,,생략
야전외주정비,FWOM,FIELD WARFARE OUTSIDE ORDERING MAINTENANCE,,,생략
야전재고통제제도,FSCS,FIELD STOCK CONTROL SYSTEM,,,생략
야전정비,ITMTN,INTERMEDIATE MAINTENANCE,,,생략
야전정비계획,FWMP,FIELD WARFARE MAINTENANCE PLAN,,,생략
야전정비부대,FMUNT,FIELD MAINTENANCE UNIT,,,생략
야전정비수집소,FMSHP,FIELD MAINTENANCE SHOP,,,생략
야전정비종결,FMCLS,FIELD MAINTENANCE CLOSE,,,생략
야전지원부대,FSUNT,FIELD SUPPORTING UNIT,,,생략
야전치중대,FLDTRN,FIELD TRAIN,,,생략
야지,CRSCT,CROSS - COUNTRY,,,생략
야포,FLDGUN,FIELD GUN,,,생략
야포발사식지뢰,ADAM,AREA DENIAL ARTILLERY MUNITION,ADAM,,생략
야포식,FDGTP,FIELD GUN TYPE,,,생략
약관,CLAUS,CLAUSES,,,생략
약국,PHMCY,PHARMACY,,,생략
약도,RGHMAP,ROUGH MAP,,,생략
약력,BIHST,BRIEF HISTORY,,,생략
약리,MDCACT,MEDICAL ACTION,,,생략
약물,DRUG,DRUG,,,생략
약물유해반응보고,ADR,ADVERSE DRUG REACTION,,,생략
약사,PMST,PHARMACIST,,,생략
약속,PROMS,PROMISE,,,생략
약식,IFML,INFORMALITY,,,생략
약식규격서,IFMSPC,INFORMALITY SPECIFICATIONS,,,생략
약식명령,SYDR,SUMMARY ORDER,,,생략
약식선하증권,SHTFBL,SHORT FORM BILL OF LADING,,,생략
약실,CHMBR,CHAMBER,,,생략
약어,ABRVWD,ABBREVIATION WORD,,,생략
약어명,ABBRNM,ABBREVIATION NAME,"약명,약식명,단축명칭",,생략
약자,WKSN,WEAK PERSON,,,생략
약점,WP,WEAK POINT,,,생략
약정,AGRMT,AGREEMENT,,,생략
약주사,DGIJ,DRUG AND INJECTION,,,생략
약지,RNGFNGR,RING FINGER,,,생략
약칭,ABBR,ABBREVIATION,,,생략
약품,MDCN,MEDICINE,"약,약제",,생략
약품단위코드,MDCNUICD,MEDICINE UNIT OF ISSUE CODE,,분류어,생략
약품반납,MDRN,MEDICINE RETURN,,,생략
약품상한,MEUP,MEDICINE UPPER,,,생략
약품처방,MEPRS,MEDICINE PRESCRIPTION,,,생략
약품청구,MDRQ,MEDICINE REQUISITION,,,생략
약호,CDDR,CODE ADDRESS,,,생략
약효,EFTMDC,EFFECT OF A MEDICINE,,,생략
양각,ANGLE,ANGLE OF ELEVATION,,,생략
양거리,QTDST,QUANTITIES DISTANCE,,,생략
양거리번호,QDNO,QUANTITIES DISTANCE NUMBER,,분류어,생략
양도,TRSF,TRANSFER,,,생략
양도담보,TRFSCR,TRANSFER FOR SECURITY,,,생략
양도배서,TRFENS,TRANSFER ENDORSE,,,생략
양력,SLCLD,SOLAR CALENDAR,,,생략
양로,TKCRAGE,TAKING CARE OF THE AGED,,,생략
양륙,LNDG,LANDING,,,생략
양륙공항,APOD,AERIAL PORT OF DEBARKATION,,,생략
양륙항만,SPOD,SEA PORT OF DEBARKATION,,,생략
양말,SOCKS,SOCKS,,,생략
양면,BTSDE,BOTH SIDES,,,생략
양방,BOTH,BOTH,,,생략
양방향,BDRCL,BIDIRECTIONAL,,,생략
양산,MSPDC,MASS PRODUCTION,,,생략
양성,TRAIN,TRAINING,,,생략
양성,PST,POSITIVE,,,생략
양성교육,TRNEDU,TRAINING EDUCATION,,,생략
양성기관,TRNSCHL,TRAINING SCHOOL,,,생략
양성평등,GNDREQL,GENDER EQUALITY,,,생략
양수,ACQTRNS,ACQUISITION BY TRANSFER,,,생략
양수기,WRMP,WATER PUMP,,,생략
양수인,GRNTE,GRANTEE,,,생략
양수자,ASGNE,ASSIGNEE,,,생략
양어장,FSHFRM,FISH FARM,,,생략
양여,CSSN,CESSION,,,생략
양육,BRP,BRINGING UP,,,생략
양적분석,QUNAS,QUANTITATIVE ANALYSIS,,,생략
양정,LIFT,LIFT,,,생략
양초,CANDLE,CANDLE,,,생략
양측편측구분,DVSBNO,DIVISION OF BOTH SIDES AND ONE SIDE,,,생략
양친자,ADRTCH,ADOPTIVE PARENT AND ADOPTED CHILD,,,생략
양해,UNDSTND,UNDERSTANDING,,,생략
양해각서,MOU,MEMORANDUM OF UNDERSTANDING,MOU,,생략
양허,CNCSS,CONCESSION,,,생략
양허,PERMT,PERMIT,,,생략
양허품목,CNCSITM,CONCESSION ITEMS,,,생략
양호,GOOD,GOOD,,,생략
어구,WAP,WORDS AND PHRASES,,,생략
어깨,SHLDR,SHOULDER,,,생략
어댑터,ADTR,ADAPTER,아답터,,생략
어둠,DRKN,DARKNESS,,,생략
어디서,WHERE,WHERE,,,생략
어뢰,TROP,TORPEDO,,,생략
어뢰발사관,TPDTB,TORPEDO TUBE,발사관,,생략
어뢰음향대항체계,TACM,TORPEDO ACOUSTIC COUNTER MEASURES,,,생략
어머니,MOTHR,MOTHER,,,생략
어선,FSHBT,FISHING BOAT,,,생략
어선등록번호,FBRNO,FISHING BOAT REGISTRATION NUMBER,,분류어,생략
어선침범조치구분코드,FSHIVCTDVCD,FISHING BOAT INVASION ACTION DIVISION CODE,,분류어,생략
어음,PRMSRNT,PROMISSORY NOTE,,,생략
어음교환,BLLCL,BILL CLEARING,,,생략
어음대출,LOANBL,LOAN ON BILLS,,,생략
어음등본,BILTRNSCR,BILL TRANSCRIPT,,,생략
어음시효,BILPRSCRP,BILL PRESCRIPTION,,,생략
어장,FSHRY,FISHERY,,,생략
어종,KDFSH,KIND OF FISH,,,생략
어책,FSPLC,FISHERY FACILITIES,,,생략
어학,LANGSTD,LANGUAGE STUDY,,,생략
어학공인증명서종류코드,LSACKCD,LANGUAGE STUDY AUTHORIZATION CERTIFICATE KIND CODE,,분류어,생략
어학등급코드,LSGCD,LANGUAGE STUDY GRADE CODE,,분류어,생략
어획,COF,CATCH OF FISH,,,생략
어휘,VCBLR,VOCABULARY,,,생략
억류,DETNT,DETENTION,,,생략
억제,DTRNC,DETERRENCE,,,생략
억제대,SR,SIDE RAIL,,,생략
억제제,IHBT,INHIBITOR,,,생략
언급,MENTN,MENTION,,,생략
언동,OSPBHV,ONE'S SPEECH AND BEHAVIOR,,,생략
언로더,UNLDR,UNLOADER,"언로다,UNLOADER",,생략
언로드,UNLD,UNLOAD,언로딩,,생략
언론분쟁,MSMCPT,MASS COMMUNICATION DISPUTE,,,생략
언어,LANG,LANGUAGE,,,생략
언인스톨,UNINST,UNINSTALL,,,생략
언제,WHEN,WHEN,,,생략
얼룩,STI,STAIN,,,생략
얼음,ICE,ICE,,,생략
엄밀,STRICT,STRICT,,,생략
엄지대립,THMBOPSTN,THUMB OPPOSITION,,,생략
엄체호유형코드,SHLTRTYPCD,SHELTER TYPE CODE,,분류어,생략
엄폐,CVR,COVER,,,생략
엄호,CVRNG,COVERING,,,생략
업계,BCS,BUSINESS CIRCLES,,,생략
업그레이드,UPGRAD,UPGRADE,,,생략
업로드,UPLD,UPLOAD,UPLOAD,,생략
업로드자,UPLMN,UPLOADING MAN,,,생략
업링크,UPLINK,UPLINK,,,생략
업무,BIZNES,BUSINESS,용무,,생략
업무규칙,BIZRL,BUSINESS RULE,,,생략
업무번호,BZNO,BUSINESS NUMBER,,분류어,생략
업무실적,BIZACR,BUSINESS ACTUAL RESULT,,,생략
업무일지,BIZLOG,BUSINESS LOG,,,생략
업무추진비,EXPACC,EXPENSE ACCOUNT,판공비,,생략
업소,BSSH,BUSINESS ESTABLISHMENT,,,생략
업자,BIZMN,BUSINESS MAN,,,생략
업종,CTGBIZ,CATEGORY OF BUSINESS,,,생략
업종코드,CTGBIZCD,CATEGORY OF BUSINESS CODE,,분류어,생략
업체,ENTPRZ,ENTERPRISE,,,생략
업체등급코드,ENTGRDCD,ENTERPRISE GRADE CODE,,분류어,생략
업체번호,ENTPNO,ENTERPRISE NUMBER,,분류어,생략
업체성격,BIZCRT,BUSINESS CHARACTER,,,생략
업체제재유형코드,ENTRSTPCD,ENTERPRISE RESTRAINT TYPE CODE,,분류어,생략
업태,BIZCND,BUSINESS CONDITIONS,,,생략
없음,NEXST,NONEXISTENCE,,,생략
엉덩이,HIP,HIP,,,생략
에너지,ENERGY,ENERGY,,,생략
에디터,EDITR,EDITOR,,,생략
에스컬레이터,ESCLTR,ESCALATOR,,,생략
에어로빅장,ARDCPL,AEROBIC DANCING PLACE,,,생략
에어백,AIRBAG,AIR BAG,,,생략
에이라인,ALINE,ARTERIAL LINE,A-LINE,,생략
에이전트,AGENT,AGENT,,,생략
에이커,ACRE,ACRE,,,생략
에코,ECHO,ECHO,ECHO,,생략
에틸벤젠,CHCH,ETHYLBENZENE,,,생략
에폭시,EPOXY,EPOXY,,,생략
에피네프린,EPNPRN,EPINEPHRINE,EPINEPHRINE,,생략
엑셀,EXCEL,EXCEL,,,생략
엑스선,XRAY,X-RAY,"X-선,XRAY,X-RAY,X선",,생략
엔진,ENGN,ENGINE,,,생략
엔진번호,ENGNO,ENGINE NUMBER,,분류어,생략
엔진수명관리프로그램,ESIP,ENGINE STRUCTURAL INTEGRITY PROGRAM,기관수명관리프로그램,,생략
엔티티,ENTITY,ENTITY,,,생략
여객,TRVLR,TRAVELER,,,생략
여객선,PSNSHIP,PASSANGER SHIP,,,생략
여객열차,PSGTRN,PASSENGER TRAIN,,,생략
여건,CDTS,CONDITIONS,,,생략
여격,ITVL,INTERVAL,,,생략
여과,FLTRTN,FILTRATION,,,생략
여과기,FILTR,FILTER,,,생략
여과집진,FLTDSCLT,FILTER DUST COLLECTOR,,,생략
여권,PSPR,PASSPORT,,,생략
여권번호,PASSNO,PASSPORT NUMBER,,분류어,생략
여단,BRGD,BRIGADE,,,생략
여력,ENGY,ENERGY,,,생략
여론,PBLOPN,PUBLIC OPINION,,,생략
여론조사,ONVY,OPINION SURVEY,,,생략
여름,SMMR,SUMMER,,,생략
여부,YN,YES OR NO,,분류어,생략
여분,SRPLS,SURPLUS,,,생략
여비,TREXP,TRAVELING EXPENSES,,,생략
여비구분코드,TEDCD,TRAVELING EXPENSES DIVISION CODE,,분류어,생략
여비지급구분코드,TPDCD,TRAVELING EXPENSES PAYMENT DIVISION CODE,,분류어,생략
여성,FEML,FEMALE,여,,생략
여성검사참고치,FREF,FEMALE REFERENCE VALUE,,,생략
여신,LOAN,LOAN,,,생략
여신한도,CRDLMT,CREDIT LIMIT,,,생략
여울목,NORPD,NECK OF THE RAPIDS,,,생략
여유,RSRV,RESERVE,,,생략
여유자금,SPLSFND,SURPLUS FUND,,,생략
여인숙,INN,INN,,,생략
여자,WMN,WOMAN,,,생략
여학생,GRLSTDN,GIRL STUDENT,,,생략
여행,TRIP,TRIP,,,생략
여행경비,TRVEXP,TRAVELLING EXPENSES,,,생략
여행자,TRAVLR,TRAVELER,,,생략
여행자보험,TRVISR,TRAVELER`S INSURANCE,,,생략
역,STN,STATION,철도역,,생략
역,IVS,INVERSE,,,생략
역경매,DTCHAC,DUTCH-AUCTION,,,생략
역구내,STNCMP,STATION COMPOUND,역구,,생략
역내,INTRA,INTRA,,,생략
역물류,RVLGST,REVERSE LOGISTICS,,,생략
역방향,BCKWR,BACKWARD,,,생략
역배선,RVSWIR,REVERSE WIRING,,,생략
역배열,CVRRY,CONVERSE ARRAY,,,생략
역변,ARSTN,AROUND STATION,,,생략
역변탄약보급소,RAILASP,RAILHEAD AMMUNITION SUPPLY POINT,,,생략
역분개전표,RVDOC,REVERSAL DOCUMENT,,,생략
역사,HSTR,HISTORY,,,생략
역설계,RVSEGN,REVERSE ENGINEERING,,,생략
역수출,BUYBCK,BUY-BACK,,,생략
역외,OFSHR,OFFSHORE,,,생략
역율,EVRP,EFFECTIVE VERSUS REACTIVE POWER,,,생략
역자,TRNSLR,TRANSLATOR ,,,생략
역전,INVRS,INVERSION,,,생략
역전보전,TARV,TUNING ANNUITY IN REVERSAL,,,생략
역종,CSS,CLASSIFICATION OF SERVICE STATUS,,,생략
역종코드,CSSCD,CLASSIFICATION OF SERVICE STATUS CODE,,분류어,생략
역할,ROLE,ROLE,롤,,생략
역할번호,ROLENO,ROLE NUMBER,,분류어,생략
연가,ANVC,ANNUAL VACATION,,,생략
연가보상,ANVCPS,ANNUAL VACATION COMPENSATION,연가보상지급,,생략
연가보상비,AVCEXP,ANNUAL VACATION COMPENSATION EXPENSES,연가보상지급비,,생략
연가보상비비대상사유코드,AVCENORCD,ANNUAL VACATION COMPENSATION EXPENSES NON OBJECT REASON CODE,,분류어,생략
연간수요,QRD,QUANTITY OF RECURRING DEMAND,,,생략
연결,LNKNG,LINKING,,,생략
연결표적,PRDTR,PAIRED TRACK,,,생략
연경,CBY,CONNECTION BOUNDARY,,,생략
연계,LNK,LINK,,,생략
연계수송,LUT,LINK UP TRANSPORTATION,,,생략
연계일자,LNKDT,LINK DATE,연계일,,생략
연고,RELT,RELATION,,,생략
연고지,RLZONE,RELATIVE ZONE,,,생략
연관,RELTN,RELATION,,,생략
연구,RSCH,RESEARCH,,,생략
연구개발,RND,RESEARCH AND DEVELOPMENT,"RND,R&D",,생략
연구개발비,RNDCST,RESEARCH AND DEVELOPMENT COST,,,생략
연구소,INST,INSTITUTE,,,생략
연구원,RSCHR,RESEARCHER,,,생략
연금,PNSN,PENSION,,,생략
연금취급기관코드,PDOCD,PENSION DEALING ORGAN CODE,,분류어,생략
연기,PSTP,POSTPONE,,,생략
연납,TXPOST,POSTPONEMENT OF TAX,,,생략
연대,RGMN,REGIMENT,,,생략
연대보증,JLG,JOINT LIABILITY ON GUARANTEE,,,생략
연대채무,JTDB,JOINT DEBT,,,생략
연돌,CHMN,CHIMNEY,,,생략
연동,ITCNTN,INTERCONNECTION,,,생략
연동등록번호,IRNO,INTERCONNECTION REGISTRATION NUMBER,,분류어,생략
연동소요진행상태코드,INTPSCD,INTERCONNECTION REQUIREMENT PROGRESS STATE CODE,,분류어,생략
연동수송신청번호,ITRNSAPLNO,INTERCONNECTION TRANSPORTATION APPLICATION NUMBER,,,생략
연동자료,INTDAT,INTERCONNECTION DATA,,,생략
연동자료번호,IDTNO,INTERCONNECTION DATA NUMBER,,분류어,생략
연동처리상태코드,LKPSCD,LINKAGE PROCESS STATE CODE,,분류어,생략
연동체계코드,LKSTCD,LINKAGE SYSTEM CODE,,분류어,생략
연동통제문서,ICD,INTERFACE CONTROL DOCUMENT,,,생략
연동프로그램,IPGM,INTERCONNECTION PROGRAM,,,생략
연락,CONTCT,CONTACT,,,생략
연락자,CNTCTR,CONTACTOR,,,생략
연락처,CNTADR,CONTACT ADDRESS,연락소,,생략
연령,AGE,AGE,나이,분류어,생략
연령대,AGRDE,AGE GRADE,,,생략
연령부등호,ASGN,AGE A SIGN OF INEQUALITY,,,생략
연료,FUEL,FUEL,,,생략
연료결빙방지제,FSII,FUEL SYSTEM ICING INHIBITOR,,,생략
연료구분코드,FUELDVCD,FUEL DIVISION CODE,,분류어,생략
연료랙,FULRAK,FUEL RACK,연료RACK,,생략
연료유,FLOIL,FUEL OIL,,,생략
연료탱크,FUELTK,FUEL TANK,,,생략
연료탱크용량,FLTKCP,FUEL TANK CAPACITY,,,생략
연립주택,RWHS,ROW HOUSES,,,생략
연막,SMKSCRN,SMOKESCREEN,,,생략
연막발생유형코드,SMKOCCRTYPCD,SMOKE OCCUR TYPE CODE,,분류어,생략
연막유형코드,SMKTYPCD,SMOKE TYPE CODE,,분류어,생략
연막제,FMGT,FUMIGANT,,,생략
연막통,SMKSL,SMOKE SHELL,,,생략
연말,YREND,YEAR-END,,,생략
연말정산,YETA,YEAR-END TAX ADJUSTMENT,,,생략
연면적,TFLAR,TOTAL FLOOR AREA,,,생략
연못,POND,POND,,,생략
연방,FDRT,FEDERATION,,,생략
연방군수자료,FEDLOG,FEDERAL LOGISTICS DATABASE,,,생략
연봉,ANSLRY,ANNUAL SALARY,,,생략
연봉계약자경력구분코드,ASCCDCD,ANNUAL SALARY CONTRACTOR CAREER DIVISION CODE ,,분류어,생략
연부,YRISTL,YEARLY INSTALLMENT,,,생략
연부액,YRPYMN,YEARLY PAYING MONEY,,,생략
연부율,YRISTRT,YEARLY INSTALLMENT RATE,,,생략
연비,MILEG,MILEAGE ,,,생략
연산식,CLTHD,CALCULATION METHOD,,,생략
연산자,OPTR,OPERATOR,,,생략
연생보험,JLNNC,JOINT LIFE INSURANCE,,,생략
연석,KERB,KERB ,,,생략
연설,SPCH,SPEECH,,,생략
연설문,DTTSC,DRAFT OF THE SPEECH,,,생략
연소성,CMBST,COMBUSTIBILITY,,,생략
연속,CTNATN,CONTINUATION,,,생략
연속검사,CINP,INTERCHANGE SAVE,,,생략
연속성,CNTNTY,CONTINUITY,,,생략
연수,STUDY,STUDY,,,생략
연수생,PRCER,PRACTICES PERSON,,,생략
연수원,TNINST,TRAINING INSTITUTE,,,생략
연수자,TRNR,TRAINER,,,생략
연습,EXRCS,EXERCISE,,,생략
연습용탄약,ERM,EXERCISE RESERVE MATERIEL,,,생략
연습자료,EXEDTA,EXERCISE DATA,,,생략
연식,YRTP,YEAR TYPE,년식,분류어,생략
연안수역,COASTWATERS,COAST WATERS,,,생략
연예,ENTRTN,ENTERTAINMENT,,,생략
연임,REAPNT,REAPPOINTMENT,,,생략
연장,EXTD,EXTEND,,,생략
연장복무,EXTSVC,EXTEND SERVICE,,,생략
연장전,EDBF,EXTEND BEFORE,,,생략
연접,JCTN,JUNCTION,,,생략
연주,PLAYNG,PLAYING ,,,생략
연중,WHLYR,WHOLE YEAR,,,생략
연찬,HSTY,HARD STUDY,,,생략
연체,ARRG,ARREARAGE,년체,,생략
연체료,AREARS,ARREARS,"연체금,연체금액,연체이자",,생략
연체요율,ARSRT,ARREARS RATE,연체금리,,생략
연체율,DFTRT,DEFAULT RATE,년체율,,생략
연체이자,OVDINTR,OVERDUE INTEREST,,,생략
연초,BGYR,BEGINNING OF THE YEAR,,,생략
연초병력,MILPWBGYR,MILITARY POWER AT THE BEGINNING OF THE YEAR,,,생략
연초비,CGRCST,CIGARETTE COST,,,생략
연평균,YRYMN,YEARLY MEAN,,,생략
연합,CMBND,COMBINED,,,생략
연합공수사무소,CALO,COMBINED AIRLIFT OFFICE,,,생략
연합공중기동단,CAMD,COMBINED AIR MOBILITY DIVISION,,,생략
연합국,ALNTNS,ALLIED NATIONS,,,생략
연합군,CF,COMBINED FORCE,,,생략
연합군대부호코드,CFWARSBLCD,COMBINED WAR SYMBOL CODE,,분류어,생략
연합군병종코드번호,CFASPCD,COMBINED FORCE ARMS SPECIALTIES CODE,,분류어,생략
연합군부대규모코드번호,CFUSCD,COMBINED FORCE UNIT SCALE CODE,,분류어,생략
연합군수이동통제본부,CLMCC,COMBINED LOGISTICS MOVEMENT CONTROL CENTER,,,생략
연합군수준비본부,CLRC,COMBINED LOGISTICS READINESS CENTER,,,생략
연합군수협조기구,CLCA,COMBINED LOGISTICS COORDINATING AGENCY,,,생략
연합권한위임사항,CODA,COMBINED DELEGATED AUTHORITY,,,생략
연합수송위원회,CTB,COMBINED TRANSPORTATION BOARD,,,생략
연합유류지원본부,CPSC,COMBINED PETROLEUM SUPPORT CENTER,,,생략
연합이동관리반,CMCT,COMBINED MOVEMENT CONTROL TEAM,,,생략
연합이동조정위원회,CMSB,COMBINED MOVEMENT SYNCHRONIZATION BOARD,,,생략
연합정보종합상황실,CASIC,COMBINED ALL SOURCES INTELLIGENCE CENTER,CASIC,,생략
연합탄약협조단,CACG,COMBINED AMMUNITION COORDINATING GROUP,,,생략
연합토지관리계획,LPP,LAND PARTNERSHIP PLAN,,,생략
연합합동해안양륙군수지원,CJLOTS,"COMBINED, JOINT LOGISTICS OVER THE SHORE",,,생략
연합항만협조본부,CSCC,COMBINED SEAPORT COORDINATION CENTER,,,생략
연합해군군수위원회,CNLC,COMBINED NAVAL LOGISTICS COMMITTEE,,,생략
연합해군전술신호서,MTP,MULTINATIONAL MARITIME TACTICAL INSTRUCTIONS AND PROCEDURES,,,생략
연합해병군수위원회,CMLC,COMBINED MARINE LOGISTICS COMMITTEE,,,생략
연합효과위원회,CEB,COMBINED EFFECTS BOARD,CEB,,생략
연혁,HSTRY,HISTORY,,,생략
연회비,YYF,YEARLY FEE,,,생략
열,HEAT,HEAT,,,생략
열,COLMN,COLUMN,,,생략
열객차,TRNPSGCR,TRAIN AND PASSENGER CAR,,,생략
열람,PRSL,PERUSAL,,,생략
열람석,LBCE,LIBRARY CUBICLE,,,생략
열람자,PSLPN,PERUSAL PERSON,,,생략
열량,CAL,CALORIE,,,생략
열번호,COLNO,COLUMN NUMBER,,분류어,생략
열상,LCRTN,LACERATION,,,생략
열상,THRML,THERMAL,,,생략
열상관측장비,TOD,THERMAL OBSERVATION DEVICE,,,생략
열수,LIN,LIN,,,생략
열정,PASN,PASSION,,,생략
열차,TRN,TRAIN,기차,,생략
염도,SLNT,SALINITY,,분류어,생략
염분,SALT,SALT,,,생략
염소,CHLOR,CHLORINE,,,생략
염증,IFLMTN,INFLAMMATION,,,생략
염화칼슘,CACL2,CALCIUM CHLORIDE,,,생략
엽궐련,CIGAR,CIGAR,,,생략
엽산,FLACD,FOLIC ACID,폴산,,생략
영공,TRTAIR,TERRITORIAL AIR,,,생략
영관,FLDOFCR,FIELD OFFICER,,,생략
영구,PRPTTY,PERPETUITY,,,생략
영남,YNAM,YEONGNAM,,,생략
영내,INBRCK,INSIDE BARRACKS,,,생략
영내급식,INBMLS,INSIDE BARRACKS MEAL SERVICE,,,생략
영내외,IOBRCK,INSIDE AND OUTSIDE BARRACKS,,,생략
영내외구분코드,IOBDCD,INSIDE AND OUTSIDE BARRACKS DIVISION CODE,,분류어,생략
영동,YEONGDONG,YEONGDONG,,,생략
영리보험,PRFMINSR,PROFIT-MAKING INSURANCE,,,생략
영문,ENGLSH,ENGLISH,영문자,,생략
영문명,ENGNM,ENGLISH NAME,영문명칭,,생략
영상,IMAGE,IMAGE,"이미지,IMAGE",,생략
영상디스크,VDSK,VIDEO DISK,,,생략
영상물,IMGMD,IMAGE VIDEO MEDIA,,,생략
영상보고서관리번호,IRMNO,IMAGE REPORT MANAGEMENT NUMBER,,분류어,생략
영상분석,IMGAN,IMAGE ANALYSIS,,,생략
영상수집감지기종류코드,IMGCLTSNKNCD,IMAGE COLLECTION SENSOR KIND CODE,,분류어,생략
영상수집자산유형코드,IMAGCRTYCD,IMAGE COLLECTION RESOURCE TYPE CODE,,분류어,생략
영상수집자산종류코드,IMGCLTRSKNCD,IMAGE COLLECTION RESOURCE KIND CODE,,분류어,생략
영상식별번호,IMGIDNO,IMAGE IDENTIFICATION NUMBER,,분류어,생략
영상정보,IMINT,IMAGERY INTELLIGENCE,,,생략
영상정보관리체계,IMS,IMAGERY INTELLIGENCE MANAGEMENT SYSTEM,,,생략
영상정합,IMGREG,IMAGE REGISTRATION,,,생략
영상종류코드,IMGTYCD,IMAGE TYPE CODE,,분류어,생략
영상진단,DUI,DIAGNOSIS USING IMAGES,,,생략
영상채널번호,IMAGECHNLNO,IMAGE CHANNEL NUMBER,,분류어,생략
영상첩보요청우선순위코드,IMGIRPOCD,IMAGE INFORMATION REQUEST PRIORITY ORDER CODE,,분류어,생략
영상첩보요청종류코드,IIRKCD,IMAGE INFORMATION REQUEST KIND CODE,,분류어,생략
영상판독보고서,IIR,IMAGERY INTERPRETATION REPORT,,,생략
영선,RPRUTL,REPAIR AND UTILITY,,,생략
영세,POOR,POOR,,,생략
영세기업,SMBIZ,SMALL BUSINESS,,,생략
영세민,TPR,THE POOR,,,생략
영세율,ZRTX,ZERO TAX RATE,,,생략
영수,RECV,RECEIVE,,,생략
영수금액,RCVAMT,RECEIVE AMOUNT,영수액,,생략
영수증,RECPT,RECEIPT,,,생략
영시,ZRH,ZERO HOUR,,,생략
영양,NTRT,NUTRITION,,,생략
영양가,NTRVAL,NUTRITIVE VALUE,,,생략
영양상태,NTRTCND,NUTRITIVE CONDITIONS,,,생략
영양진단,NDS,NUTRITIONAL DIAGNOSIS,,,생략
영어,ENG,ENGLISH,,,생략
영업,BIZNS,BUSINESS,,,생략
영업비밀,BSNSECRET,BUSINESS SECRET,,,생략
영업소,PLCBIZ,A PLACE OF BUSINESS,,,생략
영업양도,BSNTRNSFR,BUSINESS TRANSFER,,,생략
영업용,BIZUSE,BUSINESS USE,,,생략
영업이익,OPTPF,OPERATING PROFIT,,,생략
영업이익률,OPTPFRT,OPERATING PROFIT RATE,"영업이익율,매출액영업이익률",,생략
영업지,BIZDST,BUSINESS DISTRICT,,,생략
영역,DOMAIN,DOMAIN,,,생략
영외,OUTBRCK,OUTSIDE BARRACKS,,,생략
영위관,FNCOFCR,FIELD AND COMPANY OFFICER,,,생략
영유아,INFANT,INFANT,,,생략
영전,HONORS,HONORS,,,생략
영점,ZEROPT,ZERO POINT,,,생략
영주,PRMRSD,PERMANENT RESIDENCE,,,생략
영주권,DNZNSHP,DENIZENSHIP,,,생략
영주권자,PRRSD,PERMANENT RESIDENT,,,생략
영토,TRTRY,TERRITORY,,,생략
영한,EK,ENGLISH-KOREAN,,,생략
영해,TRTEWTR,TERRITORIAL WATERS,,,생략
영향,INFLNC,INFLUENCE,,,생략
영향신호종류부호,INFLSGLKNSGN,INFLUENCE SIGNAL KIND SIGN,,분류어,생략
영현,GRVS,GRAVES,,,생략
영현등록,GRVREG,GRAVE REGISTRATION,,,생략
예가,AMDPRC,ALREADY MADE PRICE,,분류어,생략
예가평가기준코드,AMPESCD,ALREADY MADE PRICE EVALUATION STANDARD CODE,,분류어,생략
예결,STTBDG,BUDGET AND SETTLEMENT OF ACCOUNTS,,,생략
예고,ADVNTC,ADVANCE NOTICE,,,생략
예고등기,RTVTC,RIGISTRATION WITH ADVANCE NOTICE,,,생략
예고문,AVNTS,ADVANCE NOTICE SENTENCE,,,생략
예광,TRC,TRACER,,분류어,생략
예규,SOP,STANDARD OPERATING PROCEDURE,,,생략
예규번호,SOPNO,STANDARD OPERATING PROCEDURE NUMBER,,분류어,생략
예금,DPST,DEPOSIT,예치,,생략
예금주,DPSTR,DEPOSITOR,예금자,,생략
예능,ATLS,ARTISTIC ACCOMPLISHMENTS,,,생략
예량,ESTMQTY,ESTIMATION QUANTITY,,,생략
예량문서번호,EQDOCNO,ESTIMATION QUANTITY DOCUMENT NUMBER,,분류어,생략
예량사,EQOFCR,ESTIMATION QUANTITY OFFICER,,,생략
예매,ADVANTK,ADVANCE TICKET ,,,생략
예문,EXMPLSTC,EXAMPLE SENTENCE,,,생략
예문코드번호,EXMPLSTCSTCD,EXAMPLE SENTENCESTANDARDCODE,,분류어,생략
예방,PREVTN,PREVENTION,,,생략
예방점검,PRVCHK,PREVENTION CHECK,,,생략
예방접종,VACN,VACCINATION,,,생략
예방정비,PRVMTN,PREVENTIVE MAINTENANCE,,,생략
예방정비점검결과코드,PMIRCD,PREVENTION MAINTENANCE INSPECTION RESULT CODE,,분류어,생략
예방조치,PRACT,INFECTION PREVENTION ACTION,,,생략
예방항생제,PRATB,PREVENTION ANTIBIOTICS,,,생략
예방항생제투여,PRATBADM,ADMINISTRATION ANTIBIOTICS ADMINISTRATION,,,생략
예배,WORSHP,WORSHIP,,,생략
예배속,ASNAT,ASSIGNMENT AND ATTACHMENT,,,생략
예배지,WRSPL,PLACE FOR WORSHIP,,,생략
예보,PRDCTN,PREDICTION,,,생략
예보관,WTHMN,WEATHERMAN,,,생략
예보자료,FRCSTD,FORECAST DATA,,,생략
예비,PRLMNR,PRELIMINARY,,,생략
예비,RESRV,RESERVE,,,생략
예비군,AMRSV,ARMY RESERVE,,,생략
예비군중대,RSCPDN,RESERVE COMPANY OF DONG,"동대,면대",,생략
예비군지원,RRCPT,RESERVE FORCE SUPPORT,,,생략
예비군훈련,RSVDTRN,RESERVE DUTY TRAINING,,,생략
예비금,RSVFND,RESERVE FUND,예비금액,,생략
예비기동로,RSAFM,RESERVE AVENUE FOR MANEUVER,,,생략
예비대,RESR,RESERVE,,,생략
예비등기,PRREGST,PREPARATION REGISTRATION,,,생략
예비보급로,ASR,ALTERNATE SUPPLY ROUTE,,,생략
예비비,RSFND,RESERVE FUND,,,생략
예비설계,PRLDSGN,PRELIMINARY DESIGN,,,생략
예비설계검토,PDR,PRELIMINARY DESIGN REVIEW,,,생략
예비소요,RSVDMD,RESERVE DEMAND,,,생략
예비역,RSVSVC,RESERVE SERVICE,,,생략
예비일자,RSRVDT,RESERVE DATE,예비일,,생략
예비재고,STCKRSV,STOCK RESERVE,,,생략
예비전력,RSVFRC,RESERVE FORCE,,,생략
예비지급인,PRMPAYR,PRELIMINARY PAYOR,,,생략
예비타당성조사제도,PFS,PRELIMINARY FEASIBILITY STUDY,,,생략
예비탄,SPRAMN,SPARE AMMUNITION,,,생략
예비호기번호,PHNO,PRELIMINARY HULL NUMBER,,분류어,생략
예산,BDGT,BUDGET,,,생략
예산계정,ACCBGT,ACCOUNT BUDGETARY,,,생략
예산과목구조,BIS,BUDGET ITEM STRUCTURE,"예산과목,프로그램예산사업구조,프로그램예산사업,예산사업부호,프로그램예산사업코드,프로그램예산사업부호",,생략
예산과목구조구성코드,BISCPCD,BUDGET ITEM STRUCTURE COMPOSITION CODE,,분류어,생략
예산구분코드,BDDVCD,BUDGET DIVISION CODE,,분류어,생략
예산배정,BGALC,BUDGET ALLOCATION,,,생략
예산배정계획,BAP,BUDGET ALLOCATION PLAN,배정계획,,생략
예산배정일자,BADT,BUDGET ALLOCATION DATE,예산배정일,,생략
예산변경구분코드,BDCHCTCD,BUDGET CHANGE CATEGORY CODE,,분류어,생략
예산변경처리상태코드,BDCHPSCD,BUDGET CHANGE PROCESS STATE CODE,,분류어,생략
예산비목,BDGITMEXP,BUDGET ITEM OF EXPENDITURE,,,생략
예산서,BDGTPR,BUDGET PAPER,,,생략
예산승인상태구분코드,BDASDCD,BUDGET APPROVAL STATE DIVISION CODE,,분류어,생략
예산심의,BGTDLB,BUDGET DELIBERATION,,,생략
예산심의단계구분코드,BDSDCD,BUDGET DELIBERATION STEP DIVISION CODE,,분류어,생략
예산액,BGTSUM,BUDGET SUM,,,생략
예산운영,BGTOPR,BUDGET OPERATION,,,생략
예산이용,TAB,TRANSFER OF AN APPROPRIATION IN THE BUDGET,,,생략
예산이월,BCO,BUDGET CARRIED-OVER,,,생략
예산이월사유코드,BDCORSNCD,BUDGET CARRIED-OVER REASON CODE,,분류어,생략
예산이체,TRFBG,TRANSFER OF BUDGET,,,생략
예산작업구분코드,BDWDCD,BUDGET WORK DIVISION CODE,,분류어,생략
예산전용,DVSBG,DIVERSION OF BUDGET,,,생략
예산조달구분코드,BPDCD,BUDGET PROCUREMENT DIVISION CODE,,분류어,생략
예산집행,EXCBGT,EXECUTION OF THE BUDGET,,,생략
예산편성,BC,BUDGET COMPILATION,,,생략
예산편성적용단가코드,BCAUPCD,BUDGET COMPILATION APPLY UNIT PRICE CODE,,분류어,생략
예산항목,BGTITM,BUDGET ITEM,,,생략
예산현액,CBGAMT,CURRENT BUDGET AMOUNT,,,생략
예상,EXPTTN,EXPECTATION,,,생략
예상오염지역보고,NBC3,NUCLEAR BIOLOGICAL AND CHEMICAL 3,"NBC3,NBC-3",,생략
예상일자,EXPTDT,EXPECTATION DATE,예상일,,생략
예상환자,EPPTT,EXPECTATION PATIENT,,,생략
예선,TWBOT,TOWBOAT,예인선,,생략
예선계약,TGBOTCTC,TUGBOAT CONTRACT,,,생략
예속,ASSGMT,ASSIGNMENT,,,생략
예속일자,ASGMDT,ASSIGNMENT DATE,예속일,,생략
예수,ADVRCV,RECEIVE IN ADVANCE,,,생략
예수금,WTHLDNG,WITHHOLDINGS,예수금액,,생략
예수금리,WHDINT,WITHHOLDINGS INTEREST,,,생략
예식,ETBLFM,ESTABLISHED FORM,,,생략
예약,RSVTN,RESERVATION,,,생략
예약등록,RSVREG,RESERVATION REGISTRATION,,,생략
예약어,RSVWD,RESERVED WORD,,,생략
예약일자,RESVDT,RESERVATION DATE,예약일,,생략
예약일정번호,RSVTNSCHDLNO,RESERVATIONSCHEDULENUMBER,,분류어,생략
예약자,RSVCTM,RESERVATION CUSTOMER,,,생략
예약지코드번호,RSVPCDNO,RESERVATION CONTENTS PRINTED ON PAPER CODE NUMBER,,분류어,생략
예외,EXCPTN,EXCEPTION,,,생략
예우,HLRT,HONORABLE TREATMENT,,,생략
예인배열음파탐지기,TASS,TOWED ARRAY SONAR SYSTEM,,,생략
예입,MKST,MAKING DEPOSIT,,,생략
예정,PARG,PREARRANGEMENT,,,생략
예정가격,ARGPRC,ARRANGED PRICE,"예정가,예정금액",,생략
예정등록자,PARGT,PREARRANGEMENT REGISTRAR,,,생략
예정량,EXPQTY,EXPECTED QUANTITY,,,생략
예정병원,PRHP,PREARRANGEMENT HOSPITAL,,,생략
예정보험,PRSINSR,PROVISIONAL INSURANCE,,,생략
예정신고,PRVSRTN,PREVISIONAL RETURN,,,생략
예정신고번호,PRNO,PREVISIONAL RETURN NUMBER,,분류어,생략
예정신고일자,PRVRTNDT,PREVISIONAL RETURN DATE,예정신고일,,생략
예정일자,PARGDT,PREARRANGED DATE,예정일,,생략
예정자,PRDSTR,PREDESTINATOR,,,생략
예정지,INTSPT,INTENDED SPOT,,,생략
예정회담,TLSCDL,TALK SCHEDULE,,,생략
예측,FRCST,FORECAST,,,생략
예측도,PRDGM,PREDICT DIAGRAM,,,생략
예치금,DPSTMN,DEPOSIT MONEY,예치금액,,생략
예탁,DPSTNG,DEPOSITING,,,생략
예탁원,KCTTY,KOREA SECURITIES DEPOSITORY,,,생략
예하,UDCMD,UNDER THE COMMAND,,,생략
예하부대,SUBOR,SUBORDINATE UNIT,,,생략
예행,RHRSAL,REHEARSAL,,,생략
예후,PRGNS,PROGNOSIS,,,생략
오납,FLTPAY,FAULT PAYMENT,,,생략
오답,ICRCT,INCORRECT ANSWER,,,생략
오답자,ICTNS,INCORRECT ANSWER PERSON,,,생략
오디오,AUDIO,AUDIO,,,생략
오디오채널번호,AUDIOCHNLNO,AUDIO CHANNEL NUMBER,,분류어,생략
오뚝이,TUMBLR,TUMBLER,,,생략
오라클,ORA,ORACLE,ORACLE,,생략
오래매달리기,LTMHNG,A LONG TIME HANG,,,생략
오류,ERR,ERROR,"에러,ERROR",,생략
오류번호,ERRNO,ERROR NUMBER,,분류어,생략
오류신고게시판,ERBBS,ERROR REPORT BOARD,,,생략
오류정정감,ECR,ERROR CORRECTION REDUCTION,,,생략
오르막,UPHIL,UPHILL ,,,생략
오른쪽,RIGHT,RIGHT,"우,우측",,생략
오리엔트,ORIENT,ORIENT,,,생략
오명,DSGRC,DISGRACE,,,생략
오물,DIRT,DIRT,,,생략
오버,OVER,OVER,,,생략
오보,FSPRT,FALSE REPORT,,,생략
오수,SWGE,SEWAGE,,,생략
오수처리,SWGTRT,SEWAGE TREATMENT,,,생략
오수처리장,SWGDPSPL,SEWAGE DISPOSAL PLANT,,,생략
오심,NAUSEA,NAUSEA,,,생략
오염,CNTMN,CONTAMINATION,,,생략
오염도,PNLV,POLLUTION LEVEL,,,생략
오염수준단위코드,CLUCD,CONTAMNATION LEVEL UNIT CODE,,분류어,생략
오염지역보고,NBC5,NUCLEAR BIOLOGICAL AND CHEMICAL 5,"NBC5,NBC-5",,생략
오인,MSCNP,MISCONCEPTION,,,생략
오일채취구분코드,OPICD,OIL PICKING INDICATOR CODE,,분류어,생략
오일채취방법코드,OPMCD,OIL PICKING METHOD CODE,,분류어,생략
오전,MRNNG,MORNING,,,생략
오즈,OZ,OZ Report,,,생략
오차,TOLRNC,TOLERANCE,,,생략
오토바이,ABYL,AUTO BICYCLE,,,생략
오퍼,OFR,OFFER,오파,,생략
오퍼및수락서,LOA,LETTER OF OFFER AND ACCEPTANCE,오파및수락서,,생략
오퍼발행군코드,PFPBMLCD,OFFER PUBLICATION MILITARY CODE,,분류어,생략
오퍼요청서,LOR,LETTER OF REQUEST,"오파요청서,LOR",,생략
오폐수,SWGWSTWT,SEWAGE AND WASTE WATER,,,생략
오프라인,OFFLN,OFF-LINE,,,생략
오피스텔,OFCTL,OFFICETEL,,,생략
오픽,OPIC,ORAL PROFICIENCY INTERVIEW COMPUTER,,,생략
오후,AFTN,AFTERNOON,,,생략
옥내,INSHS,INSIDE OF A HOUSE,,,생략
옥내외,IOHS,INSIDE AND OUTSIDE OF HOUSE,,,생략
옥수수,CORN,CORN,,,생략
옥외,OUTHS,OUTSIDE OF A HOUSE,,,생략
옥타,OCTA,OCTA,,,생략
옥탄트,OCTNT,OCTANT,"8분원,옥탄드",,생략
온나라시스템,ONNARA,ON-NARA BPS SYSTEM,,,생략
온도,TPRT,TEMPERATURE,,분류어,생략
온도계,THRMT,THERMOMETER,,,생략
온도구분코드,TMPRCD,TEMPERATURE SECTION CODE,,분류어,생략
온라인,OLN,ONLINE,,,생략
온라인디지털콘텐츠,ODTNS,ON-LINE DIGITAL CONTENTS,,,생략
온라인디지털콘텐츠사업자,OLTMN,ON-LINE DIGITAL CONTENTS BUSINESSMAN,,,생략
온라인디지털콘텐츠산업,ODLSY,ON-LINE DIGITAL CONTENTS INDUSTRY,,,생략
온라인디지털콘텐츠제작,OLNNF,ON-LINE DIGITAL CONTENTS MANUFACTURE,,,생략
온라인디지털콘텐츠제작자,ONGTT,ON-LINE DIGITAL CONTENTS MANUFACTURER,,,생략
온수,HWTR,HOT WATER,,,생략
온실,GRNH,GREENHOUSE,,,생략
온요법,HOTHRP,HOT THERAPY,,,생략
온천,HSPR,HOT SPRING,,,생략
온탕,WBATH,WARM BATH,,,생략
올림,RNDUP,ROUNDING UP,절상,,생략
옴,SCBS,SCABIES,,,생략
옵션,OPT,OPTION,선택사항,,생략
옵티마이저,OPTMZR,OPTIMIZER,,,생략
옹벽,BREWAL,BREAST WALL,,,생략
와류검사,ECI,EDDY CURRENT INSPECTION,,,생략
와이어,WIRE,WIRE,,,생략
와이파이,WIFI,WIRELESS FIDELITY,,,생략
와전류,EDYNT,EDDY CURRENT,,,생략
완결,CPLTN,COMPLETION,,,생략
완결일자,CPLTDT,COMPLETION DATE,완결일,,생략
완납,FULPAY,FULL PAYMENT,,,생략
완납일자,FULPAYDT,FULL PAYMENT DATE,완납일,,생략
완료,CMPLT,COMPLETION,,,생략
완료번호,CMPLNO,COMPLETION NUMBER,,분류어,생략
완료일자,CMPLTDT,COMPLETION DATE,완료일,,생략
완료자,CMPTER,COMPLETER,,,생략
완성,PFTN,PERFECTION,,,생략
완성탄약,CPAMN,COMPLETE ROUND AMMUNITION,완성탄,,생략
완성탄약번호,CRANO,COMPLETE ROUND AMMUNITION NUMBER,,분류어,생략
완성품,FNSGDS,FINISHED GOODS,,,생략
완수,SCSEXC,SUCCESSFUL EXECUTION,,,생략
완수일자,SCEXDT,SUCCESSFUL EXECUTION DATE,완수일,,생략
완장,ARMBAND,ARMBAND,,,생략
완전,PRFCT,PERFECT,,,생략
완전무장,INDVBL,INDIVIDUAL BASIC LOAD,,,생략
완전성,CMPLTNS,COMPLETENESS,,,생략
완전어음,PBILL,PERFECTION BILL,,,생략
완전조립생산,CKD,COMPLETELY KNOCK DOWN,녹다운,,생략
완전피해기준백분율,PFTDMGSTDPCT,PERFECT DAMAGE STANDARD PERCENTAGE,,,생략
완제품,ENDITM,END ITEM,,,생략
완충,SCKAB,SHOCK-ABSORBING,,,생략
완파,TOTDM,TOTAL DAMAGE,,,생략
완편,CMPM,COMPLEMENT,,,생략
완화,EASE,EASE,,,생략
완화곡선,ECV,EASEMENT CURVE,,,생략
완화제,LNTV,LENITIVE,,,생략
왕래,INTRCRS,INTERCOURSE,,,생략
왕복,CMGN,COMING AND GOING,,,생략
왕복운동,RCPMOT,RECIPROCATING MOTION,,,생략
왕진,HSCL,HOUSE CALL,,,생략
왜,WHY,WHY,,,생략
왜곡,DSTOR,DISTORTION,,,생략
외,OTSD,OUTSIDE,,,생략
외,EXCPT,EXCEPT,,,생략
외과,SGRY,SURGERY,,,생략
외곽,OUTWL,OUTER WALL,,,생략
외관,OUTAPR,OUTWARD APPEARANCE,,,생략
외교,DPLMC,DIPLOMACY,,,생략
외교통상부,MOFAT,MINISTRY OF FOREIGN AFFAIRS AND TRADE,,,생략
외국,FRNCTR,FOREIGN COUNTRY,,,생략
외국군,FRNFC,FOREIGN FORCE,,,생략
외국도산절차,FKYC,FOREIGN NATION BANKRUPTCY PROCESS,,,생략
외국명,FCNNM,FOREIGN COUNTRY NAME,,,생략
외국명코드,FCNCD,FOREIGN COUNTRY NAME CODE,,분류어,생략
외국법인,FRNP,FOREIGN CORPORATION,,,생략
외국선박,FNSHP,FOREIGN SHIP,,,생략
외국어,FRLANG,FOREIGN LANGUAGE,,,생략
외국어코드,FRLANGCD,FOREIGN LANGUAGE CODE,,분류어,생략
외국인,FORN,FOREIGN NATIONAL,,,생략
외국인등록번호,FGNRNO,FOREIGNER REGISTRATION NUMBER,,,생략
외래,ABLTCR,AMBULATORY CARE,,,생략
외래,CFOUT,COMING FROM OUTSIDE,,,생략
외래계산,ABCALC,AMBULATORY CARE CALCULATION,,,생략
외래기,UNPLN,UNRELATED PLANE,,,생략
외래대기,ABWAT,AMBULATORY CARE WAIT,,,생략
외래수납,ABRCTC,AMBULATORY CARE RECEIPTANCE,,,생략
외래응급,ABEM,AMBULATORY CARE AND EMERGENCY,,,생략
외래일자,ABCRDT,AMBULATORY CARE DATE,외래일,,생략
외래키,FK,FOREIGN KEY,FK,,생략
외래환자,OUTPTNT,OUTPATIENT,,,생략
외면,SURFC,SURFACE,,,생략
외모,LOOK,LOOKS ,,,생략
외무공무원,FRGSRV,FOREIGN SERVICE,,,생략
외박,STAYOUT,STAYING OUT,,,생략
외벽,EXTW,EXTERIOR WALL ,,,생략
외부,EXTRNL,EXTERNAL,,,생략
외부감사,EXTADT,EXTERNAL AUDIT,,,생략
외부병원,EHSP,EXTERNAL HOSPITAL,,,생략
외부보급,EXTSPL,EXTERNAL SUPPLY,,,생략
외부연동,EXITCNTN,EXTERNAL INTERCONNECTION,,,생략
외부영상,EIMG,EXTERNAL IMAGE,,,생략
외부인,OUTSDR,OUTSIDER,,,생략
외부체계,EXSYS,EXTRNL SYSTEM,,,생략
외부포탈,EXPORTL,EXTERNAL PORTAL,,,생략
외상,TRAUMA,TRAUMA,,,생략
외설,OBSC,OBSCENITY ,,,생략
외양,APRC,APPEARANCE,,,생략
외자,FRNCPT,FOREIGN CAPITAL,,,생략
외자계약형태코드,FCCSCD,FOREIGN CAPITAL CONTRACT SHAPE CODE,,분류어,생략
외장,EXTR,EXTERIOR,,,생략
외장용기,EXTRRCNTNR,EXTERIOR CONTAINER,,,생략
외조부모,MTRPRNT,MOTHER'S PARENTS,,,생략
외주,OUTSC,OUTSOURCING,,,생략
외주가공비,APTS,AMOUNT PAID TO SUBCONTRACTORS,,,생략
외주정비,OUTODMTN,OUTSIDE ORDERING MAINTENANCE,,,생략
외주정비비,CFOM,COST FOR OUTSIDE ORDERING MAINTENANCE,외주정비비용,,생략
외주정비실적,OMAR,OUTSIDE ORDERING MAINTENANCE ACTUAL RESULT,,,생략
외주정비업체,OUTMTNCO,OUTSIDE ORDERING MAINTENANCE ENTERPRISE,,,생략
외진,EXTEXM,EXTERNAL EXAMINATION,,,생략
외출,GOUT,GOING OUT,,,생략
외출증,LVSLP,LEAVE SLIP,,,생략
외판,OTPL,OUTSIDE PLATE,,,생략
외피,OUTSKN,OUTSIDE SKIN,,,생략
외피,PKNG,PACKING,,,생략
외함,HSNG,HOUSING,,,생략
외함번호,HSNGNO,HOUSING NUMBER,,분류어,생략
외항선,OCGSH,OCEAN-GOING SHIP,,,생략
외형,XTFRM,EXTERNAL FORM,,,생략
외화,FRCR,FOREIGN CURRENCY,,,생략
왼손잡이,LHNDNS,LEFTHANDEDNESS,,,생략
왼쪽,LEFT,LEFT,"좌,좌측",,생략
요,RQ,REQUIRE,,,생략
요,YAW,YAW,,,생략
요PH,URPH,URINE PH,,,생략
요강,MNPRC,MAIN PRINCIPAL,,,생략
요건,RQSTE,REQUISITE,,,생략
요검사,URNLS,URINALYSIS,,,생략
요격,INTCPT,INTERCEPTION,INT,,생략
요격수단부호,ITMSGN,INTERCEPTION MEANS SIGN,,분류어,생략
요격시도계산,TRITCL,TRIAL INTERCEPT CALCULATION,,,생략
요구,DMND,DEMAND,,,생략
요구량,DMNDQTY,DEMAND QUANTITY,요구수량,,생략
요구번호,DMDNO,DEMAND NUMBER,,분류어,생략
요구서,WRTRQST,WRITTEN REQUEST,,,생략
요구액,AMTDMD,AMOUNT DEMANDED,"요구금,요구금액",,생략
요구일자,DMDDT,DEMAND DATE,요구일,,생략
요구자,DMDER,DEMANDER,,,생략
요구조자,RSCDMD,RESCUE DEMANDER,,,생략
요구종류코드,ITGRTYCD,INTELLIGENCE REQUIREMENT TYPE CODE,,분류어,생략
요금,FEE,FEE,,분류어,생략
요금계산,CRGLT,CHARGE CALCULATE,,,생략
요금면제,FRCH,FREE OF CHARGE,,,생략
요금문의,CQRYB,CHARGE INQUIRY JOB,,,생략
요급식량,RQMLAMT,REQUIRED MEAL AMOUNT,,,생략
요기,WNGMN,WINGMAN,,,생략
요단백,PROUR,PROTEINURIA,,,생략
요당,URCLU,URINE GLUCOSE,,,생략
요대,BELT,BELT,"허리띠,박클,바클,버클",,생략
요도,STRMP,STRIP MAP,,,생략
요령,KNCK,KNACK,,,생략
요루,URSTM,UROSTOMY,,,생략
요망,DSR,DESIRE,,,생략
요망효과,DSREFT,DESIRED EFFECT,,,생략
요망효과코드,DSREFCTCD,DESIRE EFFECT CODE,,분류어,생략
요목,PRCITM,PRINCIPAL ITEMS,,,생략
요반납,MDTRTN,MANDATORY RETURN,,,생략
요반납품,MRITM,MANDATORY RETURN ITEM,요반납품목,,생략
요반납품목코드,MRICD,MANDATORY RETURN ITEM CODE,,분류어,생략
요법,TRPY,THERAPY,,,생략
요새,FORT,FORT,,,생략
요소,ELMT,ELEMENT,,,생략
요식증권,FMLPR,FORMELLES PAPIER,,,생략
요약,SMRY,SUMMARY,,,생략
요약문,SMRST,SUMMARY SENTENCE,,,생략
요양,TRTMT,TREATMENT,,,생략
요양급여,TRINS,TREATMENT INSURANCE REQUISITION AMMOUNT,,,생략
요양기관,TORG,TREATMENT ORGAN,,,생략
요양기관번호,TORGNO,TREATMENT ORGAN NUMBER,,분류어,생략
요양비,TRTEXP,TREATMENT EXPENSE,,,생략
요양승인,TRAPV,TREATMENT APPROVAL,,,생략
요양승인상태구분코드,TASDCD,TREATMENT APPROVAL STATE DIVISION CODE,,분류어,생략
요업,CCTY,CERAMIC INDUSTRY,,,생략
요원,PSNL,PERSONNEL,,,생략
요율,TRFF,TARIFF,,분류어,생략
요인,MNCS,MAIN CAUSE,,,생략
요인증권,FCTRSCRITS,FACTOR SECURITIES,,,생략
요일,WKDY,WEEKDAY,,,생략
요일코드,DOWCD,DAY OF THE WEEK CODE,,분류어,생략
요잠혈,UROBL,URINE OCCULT BLOOD,,,생략
요정비품,RMITM,REQUIRED MAINTENANCE ITEM,요정비,,생략
요지,ESNTL,ESSENTIAL,,,생략
요철,UNEVN,UNEVENNESS,,,생략
요청,RQST,REQUEST,,,생략
요청번호,RQSTNO,REQUEST NUMBER,,분류어,생략
요청서,REQST,REQUEST,,,생략
요청서번호,RQSNO,REQUEST NUMBER,,분류어,생략
요청일자,RQSTDT,REQUEST DATE,요청일,,생략
요청자,RQSTR,REQUESTER,,,생략
요청재보급,CLRSPL,ON CALL RESUPPLY,,,생략
요통,LUMB,LUMBAGO,,,생략
욕설,ABSE,ABUSE,,,생략
욕창,DCBTS,DECUBITUS,,,생략
용,PPS,PURPOSE,,,생략
용골,KEEL,KEEL,,,생략
용구손료,USEFEE,USE FEE,,,생략
용기,VSSL,VESSEL,,,생략
용납성,ACPTABLT,ACCEPTABILITY,,,생략
용달,DLVSRV,DELIVERY SERVICE,,,생략
용대선,CRSSL,CHARTERING AND LEASING OF VESSEL,,,생략
용도,PURPS,PURPOSE,,,생략
용도지구,USEDST,USE DISTRICT,,,생략
용도지역,USEAR,USE AREA,,,생략
용도지역코드,USEARCD,USE AREA CODE,,분류어,생략
용도폐지,USERCSS,USE RESCISSION,,,생략
용량,CPCT,CAPACITY,,분류어,생략
용모,CNTENC,COUNTENANCE,,,생략
용법,USG,USAGE,,,생략
용선계약,CHTRCTR,CHARTER CONTRACTOR,,,생략
용선계약선하증권,CPBL,CHARTER PARTY BILL OF LADING,,,생략
용선료,CHTRG,CHARTERAGE,,,생략
용수,USWTR,USING WATER,,,생략
용수철,SPRI,SPRING ,,,생략
용어,TERMNLG,TERMINOLOGY,,,생략
용역,SERVC,SERVICE,,,생략
용역관리번호,SMNO,SERVICE MANAGEMENT NUMBER,,분류어,생략
용역구분코드,SVCDIVCD,SERVICE DIVISION CODE,,분류어,생략
용역비,SVCST,SERVICE COST,,,생략
용역원가,SVST,SERVICE PRIME COST,,,생략
용적,BULK,BULK,,분류어,생략
용적률,FLART,FLOOR AREA RATIO,용적율,,생략
용접,WLDG,WELDING,,,생략
용지,LND,LAND,,,생략
용치,DRGNTH,DRAGON TEETH,,,생략
용치구분코드,DRGNTHCD,DRAGON TEETH SECTION CODE,,분류어,생략
용품,GOODS,GOODS,,,생략
용해,MLTG,MELTING,,,생략
용해성,SLBL,SOLUBILITY,,,생략
우군,FDFRC,FRIENDLY FORCE,,,생략
우군요격기,FRINT,FRIEND INTERCEPTOR,,,생략
우군첩보기본요소,EEFI,ESSENTIAL ELEMENTS OF FRIENDLY,EEFI,,생략
우군첩보요구,FFIR,FRIENDLY FORCES INFORMATION REQUIREMENT,FFIR,,생략
우기,RNSN,RAINY SEASON,,,생략
우대,SPCTRT,SPECIAL TREATMENT,,,생략
우대금리,PRMRT,PRIME RATE,,,생략
우등,EXCLGRD,EXCELLENT GRADE,,,생략
우등상,HNRPRZ,HONOR PRIZE,,,생략
우량,SPRTY,SUPERIORITY,,,생략
우량업체,SPENTP,SUPERIORITY ENTERPRISE,,,생략
우려,WORRY,WORRY,,,생략
우리사주,ELCWRH,EMPLOYEE STOCK OWNERSHIP,,,생략
우물,WELL,WELL,,,생략
우범,LTTRM,LIABILITY TO CRIME,,,생략
우범자,PLTCC,PERSON LIABLE TO COMMITTING CRIME,,,생략
우산,UMBRLA,UMBRELLA,,,생략
우선,PRIRT,PRIORITY,,,생략
우선레이더,PRERD,PREFERRED RADAR,,,생략
우선변제,PRIPAY,PRIOR PAYMENT,,,생략
우선소집,PRFCLP,PREFERENCE CALL UP,,,생략
우선순위,PRTORD,PRIORITY ORDER,,,생략
우선순위번호,PONO,PRIORITY ORDER NUMBER,,분류어,생략
우선순위코드,PRICD,PRIORITY CODE,,분류어,생략
우선순위후보표적목록,PCTL,PRIORITIZED CANDIDATE TARGET LIST,,,생략
우선정보요구,PIR,PRIORITY INTELLIGENCE REQUIREMENTS,PIR,,생략
우선주,PRSTK,PRIOR STOCK,,,생략
우선효과목록,PEL,Prioritized Effects List,,,생략
우세,SPRRTY,SUPERIORITY,,,생략
우수,EXCL,EXCELLENCE,,,생략
우수군수인,EXMP,EXCELLENT MILITARY PERSON,,,생략
우안,RHTBNK,RIGHT BANK,,,생략
우울,GLOOM,GLOOM,,,생략
우울지수,GINUM,GLOOM INDEX NUMBERS,,,생략
우유,MLK,MILK,,,생략
우점종,DKPAR,DOMINANT KIND OF PLANTS IN A  GIVEN AREA,,,생략
우주,UNIVRS,UNIVERSE,,,생략
우주방사선,COSRY,COSMIC RAYS,,,생략
우체국,PSTOFC,POST OFFICE,,,생략
우측한계,RGTLMT,RIGHT LIMIT,,,생략
우편,POST,POST,,,생략
우편물,PSTMTR,POSTAL MATTER,,,생략
우편번호,ZIPCD,ZIP CODE,,분류어,생략
우편일련번호,POSTSN,POST SERIAL NUMBER,,분류어,생략
우현,STBD,STARBOARD,,,생략
우호,FRDSHP,FRIENDSHIP,,,생략
우회,BYPS,BY PASS,,,생략
우회로,BPSLN,BY PASS LANE,,,생략
우회수송,TNGTRS,TURNING TRANSPORTATION,,,생략
운고,HTCLDCL,HEIGHT OF THE CLOUD CEILING,,분류어,생략
운고각,HTCLDCLANG,HEIGHT OF THE CLOUD CEILING ANGLE,,분류어,생략
운고구분코드,CILNGSECCD,CEILING SECTION CODE,,분류어,생략
운동,MOTN,MOTION,,,생략
운동,EXERCS,EXERCISE,,,생략
운동장,PLGRND,PLAY GROUND,,,생략
운량,CLDAMT,CLOUD AMOUNT,,분류어,생략
운량등급코드,CLDAMTGRCD,CLOUD AMOUNT GRADE CODE,,분류어,생략
운반,TRNSPT,TRANSPORT,,,생략
운반방법,TMTH,TRANSPORT METHOD,,,생략
운반비,TRSPCHG,TRANSPORT CHARGES,,,생략
운반선,CRER,CARRIER,,,생략
운반업,TRSPBIZ,TRANSPORTATION BUSINESS,,,생략
운세,LUCK,LUCK,,,생략
운송,TRSPRT,TRANSPORT,,,생략
운송계약,CTRCRG,CONTRACT OF CARRIAGE,,,생략
운송보험,TRTINSR,TRANSIT INSURANCE,,,생략
운송비및보험료지급인도조건,CIP,CARRIAGE AND INSURANCE PAID TO,CIP,,생략
운송수단코드,TRMCD,TRANSPORT MEANS CODE,,분류어,생략
운송약관,TRTCLS,TRANSIT CLAUSE,,,생략
운송인,PTR,PORTER,,,생략
운송인인도조건,FCA,FREE CARRIER AGREEMENT,,,생략
운송장,WAYBIL,WAYBILL,,,생략
운송주선인,FRWRDR,FORWARDER,,,생략
운송주선인선하증권,FBL,FORWARDER BILL OF LADING,,,생략
운영,OPERTN,OPERATION,,,생략
운영단가,OPRUNT,OPERATION UNIT PRICE,,,생략
운영대충장비,ORF,OPERATIONAL READINESS FLOAT,,,생략
운영량,OPQTY,OPERATIONAL QUANTITY,,,생략
운영모드코드,OPRMDCD,OPERATION MODE CODE,,분류어,생략
운영및정비소요,OMR,OPERATIONAL AND MAINTENANCE REQUIREMENT,,,생략
운영배당량,OAF,OPERATION ALLOCATION FACTOR,,,생략
운영번호,OPRNO,OPERATION NUMBER,,분류어,생략
운영병과코드,OBSCD,OPERATION BRANCH OF SERVICE CODE,,분류어,생략
운영부대,OPUNIT,OPERATION UNIT,,,생략
운영비용,ORPNS,OPERATION EXPENSE,,,생략
운영상태구분코드,OPSTADVCD,OPERATION STATE DIVISION CODE,,분류어,생략
운영소요,OPRQM,OPERATING REQUIREMENT,,,생략
운영수익,OPERERN,OPERATION EARNING,,,생략
운영용,OPRUSE,OPERATING USE,,,생략
운영용탄약,OPAMN,OPERATING AMMUNITION,운영용탄,,생략
운영원가,OPRCST,OPERATING COST,,,생략
운영유지비,ONSCST,OPERATION AND SUPPORT COST,,,생략
운영유지자료,OMD,OPERATION AND MAINTENANCE DATA,,,생략
운영자,SYSOP,SYSTEM OPERATOR,,,생략
운영자원,OPRSUR,OPERATION RESOURCE,,,생략
운영체제,OS,OPERATION SYSTEM,OS,,생략
운영평가,OPREVL,OPERATIONAL EVALUATION,,,생략
운영하자번호,PDNO,OPERATION DEFICIENCY NUMBER,,분류어,생략
운용,OPR,OPERATING,,,생략
운용가용도,OPAVL,OPERATIONAL AVAILABILITY,,,생략
운용개념기술서,OCD,OPERATIONAL CONCEPT DESCRIPTION,,,생략
운용모드,OPMD,OPERATION MODE,,,생략
운용번호,OPRTNO,OPERATING NUMBER,,분류어,생략
운용병구분코드,OPCMSLDCD,OPERATING COMMON SOLDIER SECTION CODE,,분류어,생략
운용보고서종류코드,ORKCD,OPERATING REPORT KIND CODE,,분류어,생략
운용상태코드,OPRSTCD,OPERATING STATE CODE,,분류어,생략
운용수준,OL,OPERATING LEVEL,OL,,생략
운용시험평가,OT,OPERATIONAL TEST AND EVALUATION,,,생략
운용현황,OPSTS,OPERATING PRESENT STATUS,,,생략
운용형태종합,OMS,OPERATIONAL MODE SUMMARY,,,생략
운임,FARE,FARE,"운송비,운송비용,운송료,수송비,수송임,수송비용",,생략
운임보험료포함조건,CIF,"COST, INSURANCE AND FREIGHT",,,생략
운저,CLDBS,CLOUD BASE,,,생략
운저각,CLDBSANG,CLOUD BASE ANGLE,,분류어,생략
운전,DRVNG,DRIVING,,,생략
운전면허,DRVLCN,DRIVERS LICENSE,,,생략
운전면허번호,DLN,DRIVERS LICENSE NUMBER,,분류어,생략
운전면허시험,DRVLCTST,DRIVER`S LICENSE TEST,,,생략
운전병,DRVR,DRIVER,,,생략
운전자,DRIVER,DRIVER,,,생략
운전자용열영상관측장비,NVE,NIGHT VISION ENHANCER,,,생략
운전자자력기록부,DSRB,DRIVER`S SELF RECORD BOOK,,,생략
운항,SERVCE,SERVICE,,,생략
운항식별번호,SVCIDNO,SERVICE IDENTIFICATION NUMBER,,분류어,생략
운항실,CTRCNTR,CONTROL CENTER,,,생략
운항중,INSVC,IN SERVICE,,,생략
운행,MVMT,MOVEMENT,,,생략
운행일자,MVMTDT,MOVEMENT DATE,운행일,,생략
운행증,TRPTK,TRIP TICKET,,,생략
운형,CLDFRM,CLOUD FORM,,,생략
운형형태코드,CLDFRMSHCD,CLOUD FORM SHAPE CODE,,분류어,생략
운휴,SRVSPN,SUSPENSION OF SERVICE,,,생략
울타리,HDG,HEDGE,,,생략
워게임,WARGAME,WARGAME,,,생략
워치콘,WATCHCON,WATCH CONDITION,"정보감시태세,경계태세",,생략
워크스테이션,WRKSTN,WORKSTATION,,,생략
워크아웃,WRKOUT,WORK OUT,,,생략
워크플로우,WRKFLOW,WORKFLOW,,,생략
워터마크,WTRMK,WATERMARK,,,생략
원,CRCL,CIRCLE,,,생략
원,SRC,SOURCE,,,생략
원,ORGNLY,ORIGINALLY,원래,,생략
원가,PRDCST,PRODUCTION COST,,분류어,생략
원가검증제도,CSTADSYS,COST AUDIT SYSTEM,,,생략
원가계산,CSTACC,COST ACCOUNTING,,,생략
원가관리,COSTMGT,COST MANAGEMENT,,,생략
원가대상,PRMCTTGT,PRIME COST TARGET,,,생략
원가요소,CSTFCT,COST FACTOR,,,생략
원가절감,CSTRDT,COST REDUCTION,,,생략
원가중심점,CSTCT,COST CENTER,비용중심점,,생략
원가한도액,CSTCL,COST CEILING,,,생략
원격,RMT,REMOTE,,,생략
원격시험장치,RMNST,REMONT TEST UNIT,,,생략
원격영상심판,RLDG,REMOTE REFLEX JUDGMENT,,,생략
원격영상재판,RTRRS,REMOTE REFLEX REIMPRESSION,,,생략
원격운용통제탄,RMTCM,Remote Control Mine,,,생략
원격정비시스템,RMS,REMOTELY MAINTENANCE SYSTEM,,,생략
원격조정기,RMCTRL,REMOTE CONTROL,,,생략
원격조종방향지정능동소노부이,DICASS,DIRECTIONAL COMMAND ACTIVE SONOBUOY SYSTEM,DICASS,,생략
원고,PLTF,PLAINTIFF,,,생략
원금,PRNCP,PRINCIPAL,본전,,생략
원금대부,PRPLOA,PRINCIPAL LOANING,,,생략
원기,EPOCH,EPOCH,,,생략
원내,INORG,INSIDE ORGAN,,,생략
원내가능,IPSB,INSIDE ORGAN POSSIBILITY,,,생략
원내외,IOHOSP,IN / OUT HOSPITAL,,,생략
원내조정사유,IAJRSN,INSIDE ORGAN ADJUSTMENT REASON,,,생략
원내조정사유코드번호,IAJRSNCODENO,INSIDE ORGAN ADJUSTMENT REASONCODE NUMBER,,분류어,생략
원내처방,INPRS,INSIDE ORGAN PRESCRIPTION,,,생략
원내치료,INCURE,CURE IN HOSPITAL,,,생략
원대,PRUNT,PARENT UNIT,,,생략
원대복귀,RTD,RETURN TO DUTY,원복,,생략
원동기,PRMMVR,PRIME MOVER,,,생략
원동기장치자전거,MCBCC,MOTOR DEVICE BICYCLE,,,생략
원리금,PRCINT,PRINCIPAL INTEREST,원리금액,,생략
원무,WRKORG,WORK FOR ORGAN,,,생략
원무상태,WSTE,WORK FOR ORGAN STATE,,,생략
원무처방,WKPRS,WORK FOR ORGAN PRESCRIPTION,,,생략
원무처방순번,WRKCRT,WORK FOR ORGAN PRESCRIPTION SEQUENCE,,,생략
원문,OTXT,ORIGIN TEXT,,,생략
원본,ORGINL,ORIGINAL,,,생략
원본영상,ORGINIMG,ORIGINAL IMAGE,,,생략
원사,SGM,SERGEANT MAJOR,,,생략
원산지,PLORGN,THE PLACE OF ORIGIN,,,생략
원상태,OGSTE,ORIGINALLY STATE,,,생략
원상회복의무,DTYRY,DUTY TO RECOVERY,,,생략
원서,APLCTN,APPLICATION,,,생략
원소,CELMNT,CHEMICAL ELEMENT,,,생략
원수,SVRGN,SOVEREIGN,,,생략
원시,ORIGIN,ORIGIN,,,생략
원시자료,RAWDATA,RAW DATA,,,생략
원시표적,PRMTRK,PRIMITIVE TRACK,,,생략
원심력,CNTRFC,CENTRIFUGAL FORCE,,,생략
원심력집진,CYDSCLT,CYCLONE DUST COLLECTOR,,,생략
원어,SRCLANG,SOURCE LANGUAGE,,,생략
원외,OUTORG,OUTSIDE ORGAN,,,생략
원외약품,OTMDC,OUTSIDE ORGAN MEDICINE,,,생략
원외처방,OTPRS,OUTSIDE ORGAN PRESCRIPTION,,,생략
원외처방전,OTPPM,OUTSIDE ORGAN PAPER OF MEDICAL ORDER,,,생략
원유,CDOIL,CRUDE OIL,,,생략
원인,CAUSE,CAUSE,,,생략
원인균,VOCS,VIRUS OF CAUSE,,,생략
원인행위,CSACT,CAUSATIVE ACTS,,,생략
원인행위번호,CSACTNO,CAUSATIVE ACTS NUMBER,원인요청행위번호,분류어,생략
원인행위일자,CSACTDT,CAUSATIVE ACTS DATE,원인행위일,,생략
원자력법,AEL,ATOMIC ENERGY LAW,,,생략
원자재,RWMTR,RAW MATERIAL,,,생략
원장,LEDGR,LEDGER,총계정원장,,생략
원적,PRMABOD,PERMANENT ABODE,,,생략
원정,EXPDTN,EXPEDITION,,,생략
원정작전형태코드,EXOPTYCD,EXPEDITION OPERATION TYPE CODE,,분류어,생략
원조,ASSTN,ASSISTANCE,,,생략
원처방,OPRE,ORIGINALLY PRESCRIPTION,,,생략
원천,SORC,SOURCE,,,생략
원천과세,TSI,TAXATION AT THE SOURCE OF INCOME,,,생략
원천지,ORGNPL,PLACE OF ORIGIN,,,생략
원해,PLGCS,PELAGIC SEA,,,생략
원해작전,OVSTR,OVERSEAS TRAINING,,,생략
원형,RNDSHP,ROUND SHAPE,,,생략
원형공산오차,CEP,CIRCULAR ERROR PROBABLE,CEP,,생략
원호,CRCAC,CIRCULAR ARC,,,생략
원호,RELIEF,RELIEF,,,생략
원호대상자,RRPNT,RELIEF RECIPIENT,,,생략
원화,WON,WON CURRENCY,,,생략
원화조달물자,WBP,WON BUDGET PROPERTY,,,생략
월,MONTH,MONTH,,분류어,생략
월간,BYMON,BY THE MONTH,,,생략
월간계획,MNPLN,MONTHLY PLAN,,,생략
월경,MENS,MENSES,,,생략
월계,MONACC,MONTHLY ACCOUNT,,,생략
월계대사,MNACTCP,MONTHLY ACCOUNT COMPARE,,,생략
월광,MNLGT,MOONLIGHT,,분류어,생략
월광구분코드,MNLGTDVCD,MOONLIGHT DIVISION CODE,,분류어,생략
월광상태코드,MNLGTSTACD,MOONLIGHT STATE CODE,,분류어,생략
월광코드,MNLGTCD,MOONLIGHT CODE,,분류어,생략
월급,MNTSLR,MONTHLY SALARY,,,생략
월남중,MRDPSNG,MERIDIAN PASSING,,,생략
월동,PSWNTR,PASSING THE WINTER,,,생략
월동물자,WTMTR,WINTER MATERIAL,,,생략
월동준비,WTRZTN,WINTERIZATION,,,생략
월령,AOMN,AGE OF THE MOON,,,생략
월령값,AMVAL,AGE OF THE MOON VALUE,,,생략
월류,OVFL,OVERFLOW,,,생략
월류턱,PPWTROVDPS,A PIPE PASSES WATER OVER S DEPOSITED AT THE BOTTOM,,,생략
월말,ENDMON,END OF THE MONTH,,,생략
월몰,MNSET,MOONSET,,,생략
월별,MNTHLY,MONTHLY,,,생략
월보,MTHPR,MONTH REPORT,,,생략
월선,OVAL,OVER A LINE,,,생략
월세,MTHT,MONTH RENT,,,생략
월수입,MONINC,MONTHLY INCOME,월수,,생략
월액,MONAMT,MONTHLY AMOUNT,,,생략
월요일,MON,MONDAY,월,,생략
월의주,MONWK,MONTHLY WEEK,,,생략
월일,MMDD,MONTH AND DAY,,분류어,생략
월정,MNRCT,MONTH CONTRACT,,,생략
월중,INMON,IN MONTH,,,생략
월차,EVRMON,EVERY MONTH,,,생략
월초,BGMON,BEGINNING OF A MONTH,,,생략
월출,MNRS,MOONRISE,,,생략
월하물자,SMRMTR,SUMMER MATERIAL,,,생략
웨어하우스,WREHOUS,WARE-HOUSE,,,생략
웨이버,WVR,WAIVER,"웨이바,유보면제",,생략
웰던,WLDON,WELDON,,,생략
웹,WEB,WEB,WEB,,생략
웹브라우저,WBSR,WEB BROWSER,,,생략
웹사이트,WEBSITE,WEB SITE,,,생략
웹서버,WEBS,WEBSERVER ,,,생략
웹서비스,WEBSVC,WEB SERVICE,WEBSERVICE,,생략
웹진,WEBZN,WEBZINE,,,생략
웹캅,WEBCOP,WEB COMMON OPERATION PICTURE,"웹콥,WEBCOP",,생략
위,STMCH,STOMACH,,,생략
위,UPSD,UPSIDE,,,생략
위경도,LTDLNGT,LATITUDE AND LONGITUDE,,,생략
위관,CPOFCR,COMPANY OFFICER,,,생략
위급,EMGNC,EMERGENCY,,,생략
위기,CRSS,CRISIS,,,생략
위기조치부호,CAMS,Crisis Action MeasureS,,,생략
위기조치예규,CASOP,CRISIS ACTION STANDARD OPERATING PROCEDURES,,,생략
위도,LTD,LATITUDE,,분류어,생략
위력,MIT,MIGHT,,,생략
위령,MMRAL,MEMORIAL,,,생략
위령탑,MRLTW,MEMORIAL TOWER,,,생략
위문,CONSLAT,CONSOLATION,,,생략
위문품,CRPCKG,CARE PACKAGE,,,생략
위반,VLTN,VIOLATION,위규,,생략
위반자,OFFND,OFFENDER,,,생략
위법배당,IGDV,ILLEGAL DIVIDEND,,,생략
위법처분,IGLS,ILLEGAL DISPOSITION,,,생략
위병,GD,GUARD,,,생략
위상,PSTSTS,POSITION STATUS,,,생략
위생,SNTT,SANITATION,,,생략
위성,STL,SATELLITE,,,생략
위성번호,STLNO,SATELLITE NUMBER,,분류어,생략
위성사진,STLPT,SATELLITE PHOTOGRAPH,,,생략
위성상태부호,STLSTAT,SATELLITE STATE SIGN,,분류어,생략
위성지상감시국,STGRDSVNCSTN,SATELLITE GROUND SURVEILLANCE STATION,,,생략
위성항법체계,GPS,GLOBAL POSITIONING SYSTEM,GPS,,생략
위액,GASFLU,GASTRIC FLUID,,,생략
위약,BKCT,BREAK THE CONTRACT,,,생략
위약금,PENLTY,PENALTY,,,생략
위업,FEAT,FEAT,,,생략
위염,GSTRTS,GASTRITIS,위장염,,생략
위원,CMTMB,COMMITTEE MEMBER,,,생략
위원장,CHARMN,CHAIRMAN,,,생략
위원회,CMTT,COMMITTEE,,,생략
위원회,BOAD,BOARD,,,생략
위원회역할코드,CMTRLCD,COMMITTEE ROLE CODE,,분류어,생략
위임,MNDT,MANDATE,,,생략
위임기관,TRUINST,TRUST INSTITUTION,,,생략
위임명령,DGTRR,DELEGATED ORDER,,,생략
위임배서,MNDTENDRS,MANDATE ENDORSE,,,생략
위임자,MNDTR,MANDATOR,,,생략
위임장,LTDLG,LETTER OF DELEGATION,,,생략
위자료,CTLS,CONSOLATION MONEY,,,생략
위장,GSTREN,GASTROENTERIC,,,생략
위장,CAM,CAMOUFLAGE,,,생략
위장도색,PTPNT,PATTERN PAINTING,,,생략
위장망,CFNET,CAMOUFLAGE NET,,,생략
위젯,WIDGET,WIDGET,,,생략
위조,FRGRY,FORGERY,,,생략
위쪽,UPDRC,UPPER DIRECTION,,,생략
위촉,ENTRS,ENTRUSTING,,,생략
위치,LOCTN,LOCATION,LOCATION,분류어,생략
위치,PSTN,POSITION,포지션,,생략
위치값,LOCTNVAL,LOCATION VALUE,,분류어,생략
위치관성항법장치,INVS,INERTIAL NAVIGATION SYSTEM,,,생략
위치구분코드,LOCTNDVSCD,LOCATION DIVISION CODE,,분류어,생략
위치번호,LOCNO,LOCATION NUMBER,,분류어,생략
위치보고접속장치,PRE,POSITION REPORTING EQUIPMENT,PRE,,생략
위키,WIKI,WIKI,,,생략
위탁,CSMT,CONSIGNMENT,,,생략
위탁감사,TRUINSP,TRUST INSPECTION,,,생략
위탁검사,CINS,CONSIGNMENT INSPECTION,,,생략
위탁관리,TRSTMGT,TRUST MANAGEMENT,,,생략
위탁교육,TRUEDU,TRUST EDUCATION,,,생략
위탁구매방식,TRSTBUY,TRUST BUYING,,,생략
위탁기관,CORG,CONSIGNMENT ORGAN,,,생략
위탁매매인,CNSGNR,CONSIGNOR,,,생략
위탁어음,CNSGNBIL,CONSIGN BILL,,,생략
위탁자,CNSGNOR,CONSIGNOR,,,생략
위탁판매,CTTMLT,CONSIGNMENT SALE,,,생략
위패봉안,MRNHN,MORTUARY TABLET ENSHRINEMENT,,,생략
위해,HARM,HARM,,,생략
위험,DNGR,DANGER,,,생략
위험관리기법,RSKMANG,RISK MANAGEMENT,,,생략
위험구역목록,HZRDS,HAZARDS,,,생략
위험도,DNGRD,DANGER DEREE,,,생략
위험물,DNGATC,DANGEROUS ARTICLE,,,생략
위험물취급,DD,DAGATC DEALING,,,생략
위험물취급자,DGRTCG,DANGEROUS ARTICLE AGENT,,,생략
위험성물자,HZDMTR,HAZARDOUS MATERIAL,,,생략
위험지역,DGAR,DANGER AREA,,,생략
위험평가,RSKASS,RISK ASSESSMENT,,,생략
위험화물,DNGCRG,DANGEROUS CARGO,,,생략
위험화물운반선,DDNGFRCR,DANGER FREIGHT CARRIER,,,생략
위협,THRT,THREAT,,,생략
위협도,THRLV,THREAT LEVEL,,,생략
위협등급,DGRTHR,DEGREE OF THREAT,,,생략
위협목록,THRLST,THREAT LISTS,,,생략
위협평가구역,THREVLAR,THREAT EVALUATION AREA,,,생략
위협평가및무기할당,TEWA,THREAT EVALUATION AND WEAPON ASSIGNMENT CAPACITY,,,생략
위협표적,THRTRK,THREATENING TRACKS,,,생략
윈드시어,WNDSHR,WIND SHEAR,,,생략
윈치,WINCH,WINCH,,,생략
윈터가법,WADMET,WINTERS ADDITIVE METHOD,,,생략
윈터승법,WMULTMET,WINTERS MULTIPLICATIVE METHOD,,,생략
윗몸일으키기,SITUP,SIT-UP,,,생략
유,EXIST,EXISTENCE,,,생략
유가,OILPRC,OIL PRICE,,,생략
유가족,BRVDFMLY,BEREAVED FAMILY,유족,,생략
유가증권,VLSCRT,VALUABLE SECURITIES,,,생략
유가증권구분코드,VSDCD,VALUABLE SECURITIES DIVISION CODE,,분류어,생략
유가증권평가액,VSEA,VALUABLE SECURITIES EVALUATION AMOUNT,유가증권평가금액,,생략
유개형,CVDTYP,COVERED TYPE,,,생략
유개호,CVDTRNCH,COVERED TRENCH,,,생략
유고,ACCDNT,AN ACCIDENT,,,생략
유골,ASHES,ASHES,,,생략
유공,MERIT,MERIT,,,생략
유관기관,RELORG,RELATED ORGANIZATIONS,,,생략
유급,PAID,PAID,,,생략
유급지원병구분코드,PACSDCD,PAID APPLY COMMON SOLDIER DIVISION CODE,,분류어,생략
유급지원병지급구분코드,PACSPDCD,PAID APPLY COMMON SOLDIER PAYMNT DIVISION CODE,,분류어,생략
유기물질,ORGNICMTTR,ORGANIC MATTER,,,생략
유기탄약,ABDAMN,ABANDONMENT AMMUNITION,,,생략
유네스코,UNESCO,"UNITED NATIONS EDUCATIONAL, SCIENTIFIC AND CULTURA",,,생략
유닉스,UNIX,UNIX,,,생략
유닛,UNT,UNIT,,,생략
유닛번호,UNTNO,UNIT NUMBER,,분류어,생략
유단자,BBHLD,BLACKBELT HOLDER,,,생략
유대,BONDS,BONDS,,,생략
유도,GDNC,GUIDANCE,,,생략
유도등,EXLT,EXIT LIGHT,LANDINGRAMP,,생략
유도로,TXWAY,TAXIWAY,,,생략
유도탄,GDMSL,GUIDED MISSILE,,,생략
유도탄교전지역,SEAR,SAM ENGAGEMENT AREA,,,생략
유도탄통제방법구분코드,GDMSLCTMTCD,GUIDED MISSILE CONTROL METHOD DIVISION CODE,,분류어,생략
유도탄통제장교,MCO,MISSILE CONTROL OFFICER,,,생략
유도탄포대,FRUNT,FIRE UNIT,,,생략
유동,MVFRL,MOVING FREELY,,,생략
유동부채,CURLBLT,CURRENT LIABILITIES,단기부채,,생략
유동비율,CURRT,CURRENT RATIO,유동율,,생략
유동성,LQDT,LIQUIDITY,,,생략
유동식,LIQFD,LIQUID FOOD,,,생략
유동자산,CURAST,CURRENT ASSETS,,,생략
유락,AMSMNT,AMUSEMENT,,,생략
유람선,XCSSHP,EXCURSION SHIP,,,생략
유래,GNSS,GENESIS,,,생략
유량,QTYFLW,QUANTITY OF FLOW,유동량,분류어,생략
유량계,FLWMTR,FLOWMETER,,,생략
유럽,EUROPE,EUROPE,,,생략
유력,POTNT,POTENT,,,생략
유로,EURO,EURO ,,,생략
유료,PCHRG,PAY CHARGE,,,생략
유류,KNDOIL,ALL KINDS OF OIL,,,생략
유류검사구분코드,OICCD,OIL INSPECTION CATEGORY CODE,,분류어,생략
유류결산,OILCA,ALL KINDS OF OIL CLOSING ACCOUNTS,,,생략
유류고,POLSY,PETROLEUM OIL LUBRICANT STORAGE YARD,,,생략
유류납품방법코드,ODMCD,OIL DELIVERY METHOD CODE,,분류어,생략
유류분,LPNHR,LEGAL PORTION OF AN HEIR,,,생략
유류비,FLCST,FUEL COST,유류비용,,생략
유류소요장비구분코드,ORECD,OIL REQUIREMENT EQUIPMENT INDICATOR CODE,,분류어,생략
유류수송수단코드,OTMCD,OIL TRANSPORTATION METHOD CODE,,분류어,생략
유류시설,OIFC,OIL FACILITIES,,,생략
유류시험항목코드,OTICD,OIL TEST ITEM CODE,,분류어,생략
유류오염손해,DGLL,DAMAGE OF OIL POLLUTION,,,생략
유류운영용도코드,OUCD,OIL OPERATIONAL USE CODE,,분류어,생략
유류운영절기코드,OSCD,OIL OPERATIONAL SEASON CODE,,분류어,생략
유류운영지역코드,ORCD,OIL OPERATIONAL REGION CODE,,분류어,생략
유류지역,OPDRG,OIL PRODUCT DESTINATION REGION,,,생략
유린,OVRN,OVERRUN,,,생략
유린계수구분코드,OVRNCFCNCD,OVERRUN COEFFICIENT SECTION CODE,,분류어,생략
유망,PRMSNG,PROMISING,,,생략
유모차,BYBGY,BABY BUGGY,,,생략
유무,EXNEX,EXISTENCE AND NONEXISTENCE,,분류어,생략
유무상,CPSGRT,COMPENSATION AND GRATUITOUS,,,생략
유무상구분코드,PFICD,PAID AND FREE INDICATOR CODE,,분류어,생략
유발,CSE,CAUSE,,,생략
유보자금계정서,HAS,HOLDING ACCOUNT STATEMENT,H/A,,생략
유비쿼터스,UBQTS,UBIQUITOUS,,,생략
유사,SMLR,SIMILAR,,,생략
유사군용장구,SRMRYG,SIMILARITY MILITARY GEARS,,,생략
유사도,SIMILDEGER,SIMILAR DEGREE,,,생략
유상,CPNSTN,COMPENSATION,,,생략
유상계약,ONRCTR,ONEROUS CONTRACT,,,생략
유상대부,ONRLOAN,ONEROUS LOAN,유료대부,,생략
유상증자,PICI,PAID-IN CAPITAL INCREASE,,,생략
유상취득,AFV,ACQUISITION FOR VALUE,,,생략
유선,CABL,CABLE,,,생략
유선사업,ECSP,EXCURSION SHIP BUSINESS,,,생략
유속,DFT,DRIFT,,분류어,생략
유수분리기,OWSEP,OIL WATER SEPARATOR,,,생략
유수지,RTDBSN,RETARDING BASIN,,,생략
유실,SWEEP,SWEEP,,,생략
유실물,LSTATC,LOST ARTICLE,,,생략
유아,INFNT,INFANT,,,생략
유압,OILPRS,OIL PRESSURE,,,생략
유액,EMULS,EMULSION ,,,생략
유언,TSTMNT,TESTAMENTARY,,,생략
유언비어,GRDLRM,GROUNDLESS RUMOR,,,생략
유엔국제법위원회,ILC,INTERNATIONAL LAW COMMISSION OF THE UNITED NATIONS,,,생략
유엔평화활동,PKO,PEACE KEEPING OPERATION,,,생략
유예,PSTPNMT,POSTPONEMENT,,,생략
유예기간,LGDLY,LEGAL DELAY,,,생략
유용성,VUSFL,VALUE USEFULNESS,,,생략
유원지,AMSPRK,AMUSEMENT PARK,,,생략
유의,HEED,HEED,,,생략
유의사항,MTRATD,MATTERS TO BE ATTENDED TO,,,생략
유익,PRFTB,PROFITABLE,,,생략
유인,TMPT,TEMPTATION,,,생략
유인계약,ICTCTR,INCENTIVE CONTRACT,,,생략
유인이익,TMPPRF,TEMPTATION PROFIT,,,생략
유일,UNIQUE,UNIQUE,,,생략
유임,RMNOFC,REMAIN IN OFFICE,,,생략
유입,INFL,INFLOW,,,생략
유자철선,BRBDIWR,BARBED IRON WIRE,,,생략
유전,HEREDT,HEREDITY,,,생략
유전자,GENE,GENE,,,생략
유조,OILTNK,OIL TANK,,,생략
유조선,OILTNKR,OIL TANKER,,,생략
유조차,OILCAR,OIL CAR,,,생략
유족급여,BDBT,BEREAVED FAMILY'S BENEFIT,,,생략
유족보상,BFLM,BEREAVED FAMILY'S COMPENSATION,,,생략
유족연금,BLSPN,BEREAVED FAMILY'S PENSION,,,생략
유종,OILTP,OIL TYPE,,,생략
유죄,GLT,GUILTINESS,,,생략
유증,BQST,BEQUEST,,,생략
유지,MTNC,MAINTENANCE,,,생략
유지관리,MNTMNG,MAINTENANCE MANAGEMENT,,,생략
유지보수관리,MNTMGT,MAINTENANCE MANAGEMENT,,,생략
유지비,MTNCST,MAINTENANCE COST,유지비용,,생략
유지운영자금,MOFND,MAINTENANCE AND OPERATION FUND,,,생략
유지청구권,RHTNJ,RIGHT TO INJUNCTION,,,생략
유찰,HNBT,HAVING NO BIDS TENDERED,,,생략
유창,OHD,OIL HOLD,,,생략
유창청소업,OHS,OIL HOLD CLEANING BUSINESS,,,생략
유추,IFRNS,INFERENCE,,,생략
유출,OTFW,OUTFLOW,,,생략
유충,LAVL,LARVAL,,,생략
유치수수료,ACQCMS,ACQUISITION COMMISSION,,,생략
유치자,ENTC,ENTICEMENT,,,생략
유턴,UTURN,U-TURN,,,생략
유통,DISTRBTN,DISTRIBUTION,,,생략
유통관리,FLWMGT,FLOW MANAGEMENT,,,생략
유통증권,NSTY,NEGOTIABLE SECURITY,,,생략
유틸리티,UTILT,UTILITY,,,생략
유포,SPRD,SPREAD,,,생략
유학,STOVS,STUDYING OVERSEAS,,,생략
유한,FNT,FINITE,,,생략
유한책임,LDBTY,LIMITED LIABILITY,,,생략
유한회사,IRRMY,INCORPORATED COMPANY,,,생략
유해,NXOS,NOXIOUS,,,생략
유행,FASHN,FASHION,,,생략
유행성,EPDMCT,EPIDEMICITY,,,생략
유행성출혈열,EHF,EPIDEMIC HEMORRHAGIC FEVER,,,생략
유향,CRTDRT,Current Direction,,,생략
유형,TYPE,TYPE,"타입,TYPE",,생략
유형고정자산,TFXAST,TANGIBLE FIXED ASSETS,,,생략
유형번호,TYPENO,TYPE NUMBER,,분류어,생략
유형전투력,TCBPW,Tangible Combat Power,,,생략
유화제,EMLS,EMULSIFIER,,,생략
유황,SLFR,SULFUR,,,생략
유효,EFTV,EFFECTIVENESS,,,생략
유효기간,TRMVT,TERM OF VALIDITY,,,생략
유효성,VLDT,VALIDITY,,,생략
유효수요,EFDMD,EFFECTIVE DEMAND,,,생략
유효일자,EFTVDT,EFFECTIVENESS DATE,유효일,,생략
유효장,EFLENTRK,EFFECTIVE LENGTH OF TRACK,,,생략
유효풍속,EWSPD,EFFECTIVE WIND SPEED,,,생략
유효풍통신문,EDM,EFFECTIVE DOWNWIND MESSAGE,,,생략
유효풍향,EFDWD,EFFECTIVE DOWNWIND DIRECTION,,,생략
유효화,TKEFT,TAKE EFFECT,,,생략
유휴,UNS,UNUSED,,,생략
유휴일자,UNSDT,UNUSED DATE,유휴일,,생략
유휴재산,UNSPRPT,UNUSE PROPERTY,,,생략
유휴지,UNSLND,UNUSED LAND,,,생략
유흥,PLESR,PLEASURE,,,생략
유희,AMSMT,AMUSEMENT,,,생략
육경정,ACRFT,ARMY CRAFT,,,생략
육공군,ARMAF,ARMY AIR FORCE,,,생략
육교,OVRPS,OVERPASS,,,생략
육군,ARMY,ARMY,육,,생략
육군3사관학교,KAAY,KOREA ARMY ACADEMY AT YEONG-CHEON,"3사관학교,육군제3사관학교,3사관",,생략
육군공구부대유형코드,ATUTCD,ARMY TOOL UNIT TYPE CODE,,분류어,생략
육군군무원,AMCVN,ARMY MILITARY CIVILIAN,,,생략
육군대령,ACOL,ARMY COLONEL,,,생략
육군대위,ACPT,ARMY CAPTAIN,,,생략
육군대장,AGEN,ARMY GENERAL,,,생략
육군병,AMCSD,ARMY COMMON SOLDIER,,,생략
육군병장,ASGT,ARMY SERGEANT,,,생략
육군본부,ARMYHQ,ARMY HEADQUARTER,육본,,생략
육군본부직할부대,TUDCAM,TROOPS UNDER DIRECT CONTROL OF ARMY HEADQUARTER,육직,,생략
육군부사관,AMNCO,ARMY NONCOMMISSIONED OFFICER,,,생략
육군상등병,ACPL,ARMY CORPORAL,육군상병,,생략
육군상사,AMSG,ARMY MASTER SERGEANT,,,생략
육군선정표적범주코드,ASTGCGCD,ARMY SELECTION TARGET CATEGORY CODE,,분류어,생략
육군소령,AMAJ,ARMY MAJOR,,,생략
육군소위,ASNDLT,ARMY SECOND LIEUTENANT,,,생략
육군소장,AMG,ARMY MAJOR GENERAL,,,생략
육군원사,ASGM,ARMY SERGEANT MAJOR,,,생략
육군이동외과병원,MASH,MOBILE ARMY SURGICAL HOSPITAL,,,생략
육군이등병,APV2,ARMY PRIVATE,육군이병,,생략
육군일등병,APFC,ARMY PRIVATE FIRST CLASS,육군일병,,생략
육군임기제부사관,AMTONO,ARMY TERM OF OFFICE SYSTEM NONCOMMISSIONED OFFICER,,,생략
육군자력,ARMYQNR,ARMY QUALIFICATION AND CAREER,,,생략
육군장교,AMCOF,ARMY COMMISSIONED OFFICER,,,생략
육군장기복무,AMLTS,ARMY LONG TIME SERVICE,,,생략
육군전문하사,AMPSG,ARMY SPECIALITY STAFF SERGEANT,,,생략
육군전술지휘정보체계,ATCIS,ARMY TACTICAL COMMAND INFORMATION SYSTEM,ATCIS,,생략
육군전장기능영역구분코드,AMBTFDMDVSCD,ARMY BATTLEFIELD FUNCTION DOMAIN DIVISION CODE,,분류어,생략
육군주특기코드,APMOSCD,ARMY PRIMARY MILITARY OCCUPATIONAL SPECIALTY CODE,,분류어,생략
육군준사관,AMWRT,ARMY WARRANT OFFICER,,,생략
육군준위,AWO,ARMY WARRANT OFFICER,,,생략
육군준장,ABG,ARMY BRIGADIER GENERAL,,,생략
육군중령,ALTC,ARMY LIEUTENANT COLONEL,,,생략
육군중사,ASFC,ARMY SERGEANT FIRST CLASS,,,생략
육군중위,AFSTLT,ARMY FIRST LIEUTENANT,,,생략
육군중장,ALTG,ARMY LIEUTENANT GENERAL,,,생략
육군지원품목,ARSITM,ARMY SUPPORT ITEM,,,생략
육군지휘추천,AMDRCM,ARMY DIRECTION RECOMMAND,,,생략
육군하사,ASSG,ARMY STAFF SERGEANT,,,생략
육군항공,AAVN,ARMY AVIATION,,,생략
육군항공육경정작전구분코드,ACOCLCD,ARMY AVIATION/ARMY CRAFT OPERATION CLASSIFICATION CODE,,분류어,생략
육군항공작전사령부,AAOC,ARMY AVIATION OPERATION COMMAND,,,생략
육군항공화력,AVNFP,ARMY AVIATION FIRE POWER,,,생략
육군훈련병,APVT,ARMY PRIVATE,육군훈병,,생략
육군훈련소,KATC,KOREA ARMY TRAINING CENTER,,,생략
육도,CTNTMP,CONTINENTAL MAP,,,생략
육로,LNDRT,LAND ROUTE,,,생략
육로교통통제,HTC,HIGHWAY TRAFFIC CONTROL,,,생략
육로수송단,HTG,HIGHWAY TRANSPORTATION GROUP,,,생략
육로수송지원장비구분코드,LRTSQDCD,LAND ROUTE TRANSPORTATION SUPPORT EQUIPMENT DIVISION CODE,,분류어,생략
육로조정,HWRGL,HIGHWAY REGULATION,,,생략
육로조정소,HRP,HIGHWAY REGULATION POINT,,,생략
육상,GRND,GROUND,,,생략
육성,FOSTR,FOSTER,,,생략
육아,CHLDCR,CHILDCARE,,,생략
육아휴직,CLCLV,CHILDCARE LEAVE,,,생략
육안,NKEYE,NAKED EYE,,,생략
육운,LNDCRG,LAND CARRIAGE,,,생략
육지,LAND,LAND,,,생략
육해공,ANF,"ARMY, NAVY AND AIR FORCE",,,생략
육해군,ARMNAV,ARMY NAVY,,,생략
육해상,LNDSEA,LAND AND SEA,,,생략
육해상구분,DVSLNS,DIVISION OF LAND AND SEA,,,생략
육해상구분코드,SEAGRNDDVSCD,SEA GROUND DIVISION CODE,,분류어,생략
윤곽,CNTRS,CONTOURS,,,생략
윤달,LEPMN,LEAP MONTH,,,생략
윤락행위,ACTPRST,ACT OF PROSTITUTION,,,생략
윤리,MORALS,MORALS,,,생략
윤형,WHSH,WHEEL SHAPE,,,생략
윤형철조망,BTR,BARBED TYPE REEL,,,생략
윤활유,LBOIL,LUBRICATING OIL,,,생략
율,RTE,RATE,,분류어,생략
융자,FNCG,FINANCING,,,생략
융통어음,ACTBL,ACCOMMODATION BILL,,,생략
융통증권,NGTR,NEGOTIABLE INSTRUMENT,,,생략
융합,FUSION,FUSION,,,생략
은,SLVR,SILVER,AG,,생략
은밀,SCRCY,SECRECY,,,생략
은폐,CNCLM,CONCEALMENT,은닉,,생략
은폐물,CNCLMTR,CONCEALMENT MATERIAL,,,생략
은행,BNK,BANK,BANK,,생략
은행나무,GNKG,GINKGO,,,생략
을,SCND,SECOND,,,생략
을반,SNDCLS,SECOND CLASS,,,생략
을종사태,GRDB,GRADE B SITUATION,,,생략
음력,LNCLD,LUNAR CALENDAR,,,생략
음력양력구분코드,LSCDCD,LUNAR AND SOLAR CALENDAR DIVISION CODE,,분류어,생략
음성,NGTV,NEGATIVE,,,생략
음성,VOICE,VOICE,,,생략
음성통신운영명,VCON,VOICE COMMUNICATIONS OPERATION NAME,,,생략
음성통신장비,VCEID,VOICE COMMUNICATIONS EQUIPMENT,,,생략
음속,SNSPD,SONIC SPEED,,분류어,생략
음수,NGNO,NEGATIVE NUMBER,,,생략
음수대,WFLY,WATER FACILITY,,,생략
음악,MSC,MUSIC,,,생략
음악당,CHAL,CONCERT HALL,,,생략
음양,NGPS,NEGATIVE AND POSITIVE,,,생략
음어,CDWRD,CODE WORD,,,생략
음원,SNDSRC,SOUND SOURCE,,,생략
음주,DRKNG,DRINKING,,,생략
음주량,DRNKQTY,DRINKING QUANTITY,,,생략
음탐부표,SNBY,SONOBUOY,소노브이,,생략
음탐부표형태,SNBPT,SONOBUOY PATTERNS,,,생략
음파,SNDWV,SOUND WAVE,,,생략
음파탐지기,SONAR,SOUND NAVIGATION AND RANGING,소나,,생략
음파탐지기유형코드,SONARTYPCD,SOUND NAVIGATION AND RANGING TYPE CODE,,분류어,생략
음해,SLDR,SLANDER,,,생략
음향,SOUND,SOUND,,,생략
음향방위,ACSBR,ACOUSTIC BEARING,,,생략
음향방위분류,SDBCS,SOUND BEARING CLASSIFICATION,,,생략
읍,EUB,EUB,,,생략
읍면동,EMDONG,EUBMYENDONG,,,생략
읍면동일련번호,EMDONGSN,EUBMYENDONG SERIAL NUMBER,,분류어,생략
응고,CLOTTING,CLOTTING,,,생략
응급,EMGCY,EMERGENCY,,,생략
응급구조사,EMRRSC,EMERGENCY RESCUER,,,생략
응급실,ER,EMERGENCY ROOM,,,생략
응급진료,EMS,EMERGENCY MEDICAL SERVICE,,,생략
응급치료,FSTAID,FIRST AID,응급처치,,생략
응답,RSPN,RESPONSE,,,생략
응답번호,RSPNO,RESPONSE NUMBER,,분류어,생략
응답시간,RNTM,RESPONSE TIME,,,생략
응답자,RESPOND,RESPONDENT,,,생략
응모,APPLCN,APPLICANTION,,,생략
응분,ACWCR,ACCORDANCE WITH ONE'S CIRCUMSTANCES,,,생략
응소,RPTCL,REPORTED TO CALL,,,생략
응소번호,RTCNO,REPORTED TO CALL NUMBER,,분류어,생략
응시,APLEXM,APPLYING FOR AN EXAMINATION,,,생략
응시자,EXMNEE,EXAMINEE,,,생략
응신,RSPNS,RESPONSE,,,생략
응신번호,RESPNO,RESPONSE NUMBER,,분류어,생략
응신일자,RSPNDT,RESPONSE DATE,응신일,,생략
응용,APPLCTN,APPLICATION,,,생략
응용연구,APRSCH,APPLIED RESEARCH,,,생략
응용프로그램인터페이스,API,APPLICATION PROGRAMMING INTERFACE,API,,생략
응집,CHSN,COHESION,,,생략
응집제,CVGNS,COHESIVE AGENTS,,,생략
응착,ADH,ADHESION,,,생략
응찰,BID,BID,,,생략
의가사제대,DDD,DISCHARGE DUE TO DEPENDANTS,"의가사,의가사전역",,생략
의견,OPN,OPINION,,,생략
의견서,WRTOPN,WRITTEN OPINION,,,생략
의결,RSLTN,RESOLUTION,,,생략
의결서,DCM,DOCUMENT OF DICISION,,,생략
의결일자,DCSNDT,DECISION DATE,의결일,,생략
의과,MDCDPT,MEDICAL DEPARTMENT,,,생략
의과가산,MDADD,MEDICAL DEPARTMENT ADDITION,,,생략
의과대학,MDCLG,MEDICAL COLLEGE,,,생략
의과병원,MDHSP,MEDICAL DEPARTMENT HOSPITAL,,,생략
의과외래,MDABL,MEDICAL DEPARTMENT AMBULATORY CARE,,,생략
의과일반,MDGEN,MEDICAL DEPARTMENT GENERAL,,,생략
의도,INTNT,INTENT,,,생략
의량,CLHFD,CLOTHES AND FOOD,,,생략
의례,CRMNY,CEREMONY,,,생략
의뢰,REQS,REQUEST,,,생략
의뢰번호,REQSTNO,REQUEST NUMBER,,분류어,생략
의뢰서,WTNRQST,WRITTEN REQUEST,,,생략
의뢰서번호,WRNO,WRITTEN REQUEST NUMBER,,분류어,생략
의뢰유형,RETP,REQUEST TYPE,,,생략
의뢰인,CLIENT,CLIENT,의뢰자,,생략
의뢰일자,REQSTDT,REQUEST DATE,의뢰일,,생략
의료,MDCCR,MEDICAL CARE,,,생략
의료급여,MDAID,MEDICAL AID,,,생략
의료보험,MDISR,MEDICAL INSURANCE,의보,,생략
의료보험급여,MDISPAY,MEDICAL INSURANCE PAY,,,생략
의료보험카드,MICAD,MEDICAL INSURANCE CARD,,,생략
의료비,MDCEXP,MEDICAL EXPENSES,,,생략
의료비공제코드,MESCD,MEDICAL EXPENSES SUBTRACTION CODE,,분류어,생략
의료비대상코드,MEOCD,MEDICAL EXPENSES OBJECT CODE,,분류어,생략
의료시설,MLFLT,MEDICAL FACILITIES,,,생략
의료영상저장전송시스템번호,PACSNO,PICTURE ARCHIVING AND COMMUNICATION SYSTEMNUMBER,,분류어,생략
의류,CLTH,CLOTHES,,,생략
의류대,WRBAG,WEAR BAG,,,생략
의명,OO,ON ORDER,,,생략
의무,MDC,MEDICAL,,,생략
의무,OBLGTN,OBLIGATION,,,생략
의무교육,CPSEDU,COMPULSORY EDUCATION,,,생략
의무근무,MDCSVC,MEDICAL SERVICE,,,생략
의무기록사,MRMAN,MEDICAL RECORD MANAGER,,,생략
의무기록실,MRROM,MEDICAL RECORD ROOM,,,생략
의무병,MEDIC,MEDIC,위생병,,생략
의무보급협조단,MSCG,MEDICAL SUPPLY COORDINATING GROUP,,,생략
의무복무기간,MSOP,MILITARY SERVICE OBLIGATION PERIOD,,,생략
의무부대,MDCUNT,MEDICAL UNIT,,,생략
의무부대유형코드,MDCUNITYPCD,MEDICAL_UNIT TYPE CODE,,분류어,생략
의무자,RSPNER,RESPONSIBLE PERSON,,,생략
의무자문관,MDCADV,MEDICAL ADVISER,자문관,,생략
의무장비,MEQP,MEDICAL EQUIPMENT,,,생략
의무화,AFFACT,AFFIRMATIVE ACTION,,,생략
의문,DOUT,DOUBT,,,생략
의문사,INTRRGTV,INTERROGATIVE,,,생략
의미,MEAN,MEANING,,,생략
의병,ILLNS,ILLNESS,,,생략
의병전역,DDI,DISCHARGE DUE TO ILLNESS,의병제대,,생략
의사,DR,DOCTOR,,,생략
의사결정지원시스템,DSS,DECISION SUPPORT SYSTEM,DSS,,생략
의사번호,DRNO,DOCTOR NUMBER,,분류어,생략
의사소통,CMNC,COMMUNICATION,,,생략
의석,PRSEAT,PARLIAMENTARY SEAT,,,생략
의식,CSCNS,CONSCIOUSNESS,,,생략
의식상태,CSSTE,CONSCIOUSNESS STATE,,,생략
의심,SUPC,SUSPICION,,,생략
의약,MDCDR,MEDICINAL DRUG,,,생략
의약분업,SPDD,SEPARATION OF PRESCRIBING AND DISPENSING DRUGS,,,생략
의약분업예외,EXSPDD,EXCEPTION ABOUT SEPARATION OF PRESCRIBING AND DISPENSING DRUGS,,,생략
의약분업예외여부,EXSPDDYN,SEPARATION OF PRESCRIBING AND DISPENSING DRUGS YES OR NO,,분류어,생략
의약품,MDCSPL,MEDICAL SUPPLIES,,,생략
의약품전자문서교환,MEEDI,MEDICAL SUPPLIES ELECTRONIC DATA INTERCHANGE,,,생략
의약품제품코드번호,MSMGCODENO,MEDICAL SUPPLIES MANUFACTURED GOODS CODE NUMBER,,분류어,생략
의용,LYCRG,LOYALTY AND COURAGE,,,생략
의원,WANT,WANT,,,생략
의자,CHAIR,CHAIR,,,생략
의장,RGG,RIGGING,,,생략
의장대,HGD,HONOR GUARD,,,생략
의장장구류,RGGOUTF,RIGGING OUTFIT KIND,의장구류,,생략
의정,MDMST,MEDICAL ADMINISTRATION,,,생략
의제,FCTOUS,FICTITIOUS,,,생략
의제매입세액,DINPUTX,DEEMED INPUT TAX,,,생략
의제사항,FCMTR,FICTION MATTER,,,생략
의제상인,FCSRN,FICTITIOUS MERCHANT,,,생략
의존,DPNDNCY,DEPENDENCY,,,생략
의증,MBDSPC,MORBID SUSPICION,,,생략
의지,WILL,WILL,,,생략
의치,DNTR,DENTURE,,,생략
의학과,MSDPTMT,MEDICAL SCIENCE DEPARTMENT,,,생략
이각,ELNGT,ELONGATION,,,생략
이감,TRAPN,TRANSFER TO ANOTHER PRISON,,,생략
이격,GAP,GAP,,,생략
이견,DFNVW,DIFFERENT VIEW,,,생략
이관,TRFCTR,TRANSFER OF CONTROL,,,생략
이관이전,TRFBF,TRANSFER OF CONTROL BEFORE,,,생략
이관이후,TRFAF,TRANSFER OF CONTROL AFTER,,,생략
이관일자,DTRFCTR,DATE FOR TRANSFER OF CONTROL,이관일,,생략
이관자,MNTRFCTR,MAN WHO TRANSFER OF CONTROL,,,생략
이글루형탄약고,IGLMGZ,IGLOO MAGAZINE,,,생략
이남,STH,SOUTH OF,,,생략
이내,WITHN,WITHIN,,,생략
이념,IDLGY,IDEOLOGY,,,생략
이니셜,INIT,INITIAL,INITIAL,,생략
이더넷,ETHNT,ETHERNET,,,생략
이동,MOVE,MOVE,,,생략
이동관리,MOVMGT,MOVEMENT MANAGEMENT,,,생략
이동관리부대,MVCTAGC,MOVEMENT CONTROL AGENCIES,,,생략
이동보급소,MSP,MOBILE SUPPLY POINT,,,생략
이동부대유형코드,MVUNITYPCD,MOVE UNIT TYPE CODE,,분류어,생략
이동성,MVBLTY,MOVABILITY,,,생략
이동성생존성,MVSV,MOVABILITY SURVIVABILITY,,,생략
이동소요,MVRQM,MOVEMENT REQUIREMENT,,,생략
이동속도,MOVVLC,MOVEMENT VELOCITY,,분류어,생략
이동운용수준,MVOPRLVL,MOVING AVERAGE METHOD OPERATING LEVEL,이동OL,,생략
이동일자,MOVEDT,MOVE DATE,이동일,,생략
이동자,MVMN,MAN WHO MOVE,,,생략
이동전화번호,MBTLNUM,MOBILE TELEPHONE NUMBER,,,생략
이동정비,MM,MOBILE MAINTENANCE,,,생략
이동정비장비,LCUNT,LOCAL CONTROL UNIT,,,생략
이동조립발사장비,TELA,TRANSPORTER ERECTOR LAUNCHER,,,생략
이동중식별체계,ITV,IN-TRANSIT VISIBILITY,,,생략
이동지휘소,MCC,MOBILE COMMAND CENTER,MCC,,생략
이동처,MVPLC,MOVED PLACE,,,생략
이동추적체계,MTS,MOVEMENT TRACKING SYSTEM,,,생략
이동통제,MVCTR,MOVEMENT CONTROL,,,생략
이동평균,MVAVG,MOVING AVERAGE,,,생략
이동평균수요,MADMD,MOVING AVERAGE DEMAND,이동AD,,생략
이동표적,MVTGT,MOVING TARGET,,,생략
이동표적지시기,MTI,MOVING TARGET INDICATOR,이동표적표시기,,생략
이득,GAIN,GAIN,,,생략
이등병,PV2,PRIVATE,이병,,생략
이등분선,BISCT,BISECTOR,,,생략
이력,HISTRY,HISTORY,HISTORY,,생략
이력부,HSTDOC,HISTORY DOCUMENT,,,생략
이론,THRY,THEORY,,,생략
이론평가,TREV,THERETICAL EVALUATION,,,생략
이륙,TKOF,TAKE-OFF,,,생략
이륙거리,TOD,TAKE-OFF DISTANCE,,,생략
이륙시간구분코드,TKOFTIMEDVCD,TAKE-OFF TIME DVISION CODE,,분류어,생략
이륜,TWOWHL,TWO WHEELS,,,생략
이른,ERLY,EARLY,,,생략
이름,NAME,NAME,NAME,,생략
이매뉴얼,EMNL,E-MANUAL,,,생략
이메일,EMAIL,EMAIL,"전자메일,전자우편,EMAIL,MAIL,메일,E-MAIL,이메일주소",분류어,생략
이메일도메인코드,EMDCD,EMAIL DOMAIN CODE,,분류어,생략
이면,OTHSD,OTHER SIDE,,,생략
이모티콘,EMTCN,EMOTICON,,,생략
이물질,FRMTRL,FOREIGN MATERIAL,,,생략
이미지,IMAG,IMAGE,,,생략
이미지ID,IMGID,IMAGE IDENTIFICATION,,,생략
이미지목록,RMSTNIMGINFO,RMST NORMAL IMAGE INFORMATION,,,생략
이발,HRCT,HAIRCUT,,,생략
이벤트,EVNT,EVENT,EVENT,,생략
이별,PARTNG,PARTING,,,생략
이비인후과,OTOLARYN,OTOLARYNGOLOGY,,,생략
이사,MV,MOVE,,,생략
이사일자,MVDT,MOVING DATE,이사일,,생략
이사화물,MVCRG,MOVING CARGO,이삿짐,,생략
이산웨이블릿변환,DWT,DISCRETE WAVELET TRANSFORM,,,생략
이산화질소,NO2,NITROGEN DIOXIDE,,,생략
이산화탄소,CO2,CARBON DIOXIDE,CO2,,생략
이산화황,SO2,SULFUR DIOXIDE,,,생략
이상,ABNML,ABNORMALITY,,,생략
이상,MRTHN,MORE THAN,,,생략
이상반응,ABRCT,ABNORMALITY REACTION,,,생략
이상부위,ANREG,ABNORMALITY REGION,,,생략
이상지질혈증,DYSLPDM,DYSLIPIDEMIA,,,생략
이설,RLOCAT,RELOCATING,,,생략
이송,TRNFR,BE TRANSFERRED,,,생략
이수,CMPCRS,COMPLETION OF COURSE,,,생략
이슈관리,ISMNGMT,ISSUE MANAGEMENT,,,생략
이식,TRANSPLTN,TRANSPLANTATION,,,생략
이심,ECNTCY,ECCENTRICITY,,,생략
이심률,ECC,ECCENTRICITY,,,생략
이야기,STORY,STORY,,,생략
이양,HDOVR,HAND OVER,,,생략
이연,CARYOVR,CARRYOVER,,,생략
이연자산,DFRS,DEFERRED ASSET,,,생략
이온,ION,ION,,,생략
이완,RLXTN,RELAXATION,,,생략
이완기혈압,DBP,DIASTOLIC BLOOD PRESSURE,,,생략
이용,UTLZ,UTILIZE,,,생략
이용기관,UTLINSTT,UTILIZATION INSTITUTION,,,생략
이웃,NGHBHD,NEIGHBORHOOD,,,생략
이원화,DUAL,DUAL,,,생략
이월,CRFW,CARRYING FORWARD,,,생략
이월금,CROVR,CARRY-OVER,"이월금액,이월액",,생략
이월량,CRFWQTY,CARRYING FORWARD QUANTITY,,,생략
이유,RESN,REASON,,,생략
이윤,PF,PROFIT,,,생략
이윤율,PFRT,PROFIT RATE,,,생략
이음매,JOINT,JOINT,,,생략
이음매판,JNTBAR,JOINT BAR,FISH PLATE,,생략
이음부,JNTPRT,JOINT PART,,,생략
이의,OBJTN,OBJECTION,,,생략
이의신청,FMOBJ,FORMAL OBJECTION,이의제기,,생략
이의신청서,APLFMOJC,APPLICATION FORM OF OBJECTION,,,생략
이익,PRFT,PROFIT,,,생략
이익금,PROFT,PROFIT,이익금액,,생략
이익배당,PRFALT,PROFIT SHARING,,,생략
이익잉여금,ERNSPLS,EARNED SURPLUS,이익잉여금액,,생략
이익준비금,ENLRS,EARNED SURPLUS RESERVE,,,생략
이임,LVPST,LEAVE ONE`S POSITION,,,생략
이자,ITR,INTEREST,,,생략
이자소득,INRNT,INTEREST INCOME AMOUNT,,,생략
이자채권,ITCLM,INTEREST CLAIM,,,생략
이장,CGBST,CHANGE THE BURIAL SITE,,,생략
이적,TRNS,TRANSFER,,,생략
이전,RLCT,RELOCATION,,,생략
이전,BF,BEFORE,"예전,전",,생략
이전24시간,BF24H,Before 24 HOURS,,,생략
이전등기,TRFRGST,TRANSFER REGISTATION,,,생략
이전비,RLCEXP,RELOCATION EXPENSE,,,생략
이전일자,RLCTDT,RELOCATION DATE,이전일,,생략
이정표,TBDST,TABLE OF DISTANCES,,,생략
이종,HTGN,HETEROGENEITY,,,생략
이종이식,XNGRAFT,XENOGRAFT,,,생략
이주,MGRT,MIGRATION,,,생략
이주민,STTLER,SETTLER,,,생략
이주지,STTLMT,SETTLEMENT,,,생략
이중,DPLC,DUPLICATION,2중,,생략
이중검사,UINP,DUPLICATION INSPECTION,,,생략
이중과세,HEVTAX,HEAVY TAX,,,생략
이중매매,DPLCTRDE,DUPLICATION TRADE,,,생략
이중압류,DPLCSEIZR,DUPLICATION SEIZURE,,,생략
이중화,DPLX,DUPLEXING,,,생략
이진수,BNRY,BINARY,,,생략
이차,SECON,SECONDARY ,,,생략
이차감시레이더,SSR,SECONDARY SEARCH RADAR,"2차감시레이더, 2차탐색레이더",,생략
이착륙,TKOFLND,TAKE-OFF AND LANDING,,,생략
이첩,TRFNTF,TRANSFER OF NOTIFICATION,,,생략
이체,TRSFR,TRANSFER,,,생략
이체계좌,TRNSACNT,TRANSFER ACCOUNT,,,생략
이초장비,BCHGR,BEACH GEAR,,,생략
이탈,BRKW,BREAKAWAY,,,생략
이탈자,SECDER,SECEDER,,,생략
이하,LSTHN,LESS THAN,,,생략
이하선염,MUMPS,MUMPS,,,생략
이학,NTRSCNC,NATURAL SCIENCES,,,생략
이항분포,BMDSB,BINOMIAL DISTRIBUTION,,,생략
이해,UNDSTAND,UNDERSTANDING,,,생략
이해관계인,UDSTDPRCP,UNDERSTANDING PARTICIPANT,,,생략
이행,FULFMT,FULFILMENT,,,생략
이행불능,IMPBPR,IMPOSSIBILITY OF PERFORMANCE,,,생략
이행일자,PFMCDT,PERFORMANCE DATE,이행일,,생략
이화학,PHCHEM,PHYSICO-CHEMISTRY,,,생략
이화학분석검사,PCAI,PHYSICAL CHEMICAL ANALYSYS INSPECTATION,,,생략
이화학분석시험,PCAT,PHYSICAL CHEMISTRY ANALYTIC TEST,,,생략
이후,AFT,AFTER,후,,생략
익명,ANMT,ANONYMITY,,,생략
익명조합,AYASTN,ANONYMOUS ASSOCIATION,,,생략
익일,NXTY,NEXT DAY,,,생략
인,P,PHOSPHORUS,,,생략
인가,AUTHRZ,AUTHORIZE,,,생략
인가DODIC,AUTHDODIC,AUTHORIZED DODIC,,분류어,생략
인가대비과부족,AUOVRT,AUTHRZ VS OVRSHRT,,,생략
인가량,AUTHQTY,AUTHORIZED QUANTITY,"인가수량,인가보급량",,생략
인가병력,AS,AUTHORIZED STRENGTH,,,생략
인가부속품목록,ATHPTLST,AUTHORIZED PARTS LIST,,,생략
인가소요,AUTHDMD,AUTHORIZED DEMAND,,,생략
인가일자,AUTHDT,AUTHORIZE DATE,인가일,,생략
인가일자,APPVDT,APPROVAL DATE,인가일,,생략
인가자,AUTHPSN,AUTHORIZED PERSON,,,생략
인가저장품목,ASL,AUTHORIZED STOCKAGE LIST,ASL,,생략
인가초과청구원인코드,AERCCD,AUTHORIZE EXCESS REQUISITION CAUSE CODE,,분류어,생략
인간정보,HUMINT,HUMAN INTELLIGENCE,,,생략
인간정보보고서분류코드,HMINTRPTCLSCD,HUMAN INTELLIGENCE REPORT CLASSIFICATION CODE,,분류어,생략
인간정보분류코드,HMINTCLSCD,HUMAN INTELLIGENCE CLASSIFICATION CODE,,분류어,생략
인간정보출처코드,HMINTSRCD,HUMAN INTELLIGENCE SOURCE CODE,,분류어,생략
인감,SIGNET,SIGNET,,,생략
인건비,LBRCST,LABOR COST,,,생략
인계,HNDOVR,HANDOVER,,,생략
인계일자,HNDOVRDT,HANDOVER DATE,인계일,,생략
인계자,HDOVPSN,HANDOVER PERSON,,,생략
인계철선,TRWIRE,TRAP WIRES,,,생략
인공,RTFC,ARTIFICIAL,,,생략
인공심박조율기,PCMK,PACEMAKER,PACEMAKER,,생략
인공위성,ATFCS,ARTIFICIAL SATELLITE,,,생략
인공위성번호,ATFCSNO,ARTIFICIAL SATELLITE NUMBER,,분류어,생략
인공장애물,AOBST,ARTIFICIAL OBSTACLE,,,생략
인구,POPUL,POPULATION,,,생략
인권,HMRGT,HUMAN RIGHTS,,,생략
인근,VCNTY,VICINITY,,,생략
인기,POPULAR,POPULARITY,,,생략
인당,PERPSN,PER PERSON,,,생략
인도,DELVR,DELIVERY,,,생략
인도명령,ODLR,ORDER TO DELIVER,,,생략
인도응답기간,DRT,DELIVERY RESPONSE PERIOD,,,생략
인도인접,LNU,LEADING AND UNDERTAKING,,,생략
인도인접지,LNUPLC,LEADING AND UNDERTAKING PLACE,,,생략
인도일자,DLVRDT,DELIVERY DATE,인도일,,생략
인도자,DELVRER,DELIVERER,,,생략
인도조건코드,DLVCNDCD,DELIVERY CONDITION CODE,,분류어,생략
인도증권,DELYSCRITS,DELIVERY SECURITIES,,,생략
인디케이터,INDCT,INDICATOR,,,생략
인력,MNPWR,MANPOWER,,,생략
인력동원,LBMB,LABOR MOBILIZATION,,,생략
인력소요,MNPWRQM,MANPOWER REQUIREMENT,,,생략
인력운영,MPOPR,MANPOWER OPERATION,,,생략
인력운영계획,MOP,MANPOWER OPERATION PLAN,,,생략
인명,HMNLIF,HUMAN LIFE,,,생략
인문,SGL,SIGIL,,,생략
인물,PRSN,PERSON,,,생략
인보험,LFNNC,LIFE INSURANCE,,,생략
인부,WRKMAN,WORKMEN ,,,생략
인사,HR,HUMAN RESOURCE,,,생략
인사교류,HRI,HUMAN RESOURCE INTERCHANGE,,,생략
인사말,GRT,GREETING,,,생략
인사명령,PSNORD,PERSONNEL ORDERS,,,생략
인사명령일자,PSNORDT,PERSONNEL ORDERS DATE,인사명령일,,생략
인사참모,HRSTF,HUMAN RESOURCE STAFF,,,생략
인사평정서,HREDOC,HUMAN RESOURCE EVALUATION DOCUMENT,,,생략
인상,INCR,INCREASE,,,생략
인상률,INCRT,INCREASE RATE,인상율,,생략
인성,PSNTY,PERSONALITY,,,생략
인성검사,PSNTST,PERSONALITY TEST,,,생략
인성평가,PSEVL,PERSONALITY EVALUATION,,,생략
인성평가서,PASRPT,PERSONALITY ASSESSMENT REPORT,,,생략
인센티브,INCNTV,INCENTIVE,,,생략
인솔,LEADNG,LEADING,,,생략
인솔자,LEADR,LEADER,,,생략
인쇄,PRTNG,PRINTING,"프린트,PRINT",,생략
인쇄기,PRTMCH,PRINTING MACHINE,,,생략
인쇄비,PRTCST,PRINTING COST,,,생략
인쇄소,PRNTOFC,PRINTING OFFICE,,,생략
인쇄회로기판,PCB,PRINTED CIRCUIT BOARD,PCB,,생략
인수,UDTKNG,UNDERTAKING,,,생략
인수,FCTR,FACTOR,,분류어,생략
인수검사,RI,RECEIVING INSPECTION,수령검사,,생략
인수기준번호,UDTSTDNO,UNDERTAKING STANDARD NUMBER,,분류어,생략
인수모집,UTRCR,UNDERTAKING RECRUITMENT,,,생략
인수번호,UDTKGNO,UNDERTAKING NUMBER,,분류어,생략
인수인계,UDTKHDOV,UNDERTAKING AND HANDOVER,,,생략
인수인계서,DOCUTTO,FILE FOR UNDERTAKING AND TAKING OVER,,,생략
인수인계일자,UDTHDODT,UNDERTAKING AND HANDOVER DATE,인수인계일,,생략
인수일자,UNDTKDT,UNDERTAKING DATE,인수일,,생략
인수자,ACPTPSN,ACCEPTANCE PERSON,,,생략
인슐린,INSULIN,INSULIN,,,생략
인스턴스,INSTN,INSTANCE,,,생략
인승,SETR,SEATER,,,생략
인시,MH,MANHOUR,"MH,M/H",분류어,생략
인식,AWARE,AWARENESS,,,생략
인신공격,PRSNTC,PERSONAL ATTACK,,,생략
인양,SLVG,SALVAGE,,,생략
인영,SIGIL,SIGIL,,,생략
인용,QUOT,QUOTATION,,,생략
인원,PSNNL,PERSONNEL,,,생략
인원동원,PSMOB,PERSONNEL MOBILIZATION,,,생략
인원수,TOTNUM,TOTAL NUMBER,"명수,인명수",분류어,생략
인원수송,PRSNL,PERSONNEL,,,생략
인원편성표,PTO,PERSONAL TABLE OF ORGANIZATION,,,생략
인입,LDN,LEAD-IN,,,생략
인입선,LDNWR,LEAD-IN WIRE,,,생략
인자,FACTOR,FACTOR,,,생략
인장,TNSN,TENSION,,,생략
인재,TLTPSN,TALENTED PERSON,,,생략
인적,HMN,HUMAN,,,생략
인적사항,PSNINFO,PERSONAL INFORMATION,,,생략
인적위해요소구분코드,HITMCLCD,HARM ITEM TO MEN CLASSIFICATION CODE,,분류어,생략
인접,ADJC,ADJACENCY,,,생략
인정,RCGNTN,RECOGNITION,,,생략
인정건수,RCNUM,RECOGNITION THE NUMBER OF CASES,,,생략
인정금액,RCAMT,RECOGNITION AMOUNT OF MONEY,,,생략
인정기준,RSTD,RECOGNITION STANDARD,,,생략
인조,ARTFCL,ARTIFICIAL ,,,생략
인종,HMNRC,HUMAN RACE,,,생략
인증,CTFCTN,CERTIFICATION,,,생략
인증서,CERTS,CERTIFICATES,,,생략
인증서번호,CERTNO,CERTIFICATES NUMBER,,분류어,생략
인증일자,CTFDT,CERTIFICATION DATE,인증일,,생략
인증자,ATNSR,AUTHENTICATION USER,,,생략
인지,RCNT,RECOGNITION,,,생략
인지도,CNN,COGNITION,,,생략
인지세,STMPTAX,STAMP TAX,,,생략
인질,HSTAG,HOSTAGE,,,생략
인척,MRGREL,RELATIVE BY MARRIAGE,,,생략
인천,INCHEON,INCHEON,,,생략
인천경기,ICGG,INCHEON GYEONGGI,,,생략
인출,WTHDRWL,WITHDRAWAL,,,생략
인출일자,WTDRWDT,WITHDRAWAL DATE,인출일,,생략
인치,IN,INCH,,,생략
인터넷,INTRNT,INTERNET,,,생략
인터넷퇴직금신청오류코드,IRAAECD,INTERNET RETIREMENT AMOUNT APPLICATION ERROR CODE,,분류어,생략
인터넷퇴직금진행상태코드,IRAPSCD,INTERNET RETIREMENT AMOUNT PROGRESS STATE CODE,,분류어,생략
인터럽트,INTRRPT,INTERRUPT,,,생략
인터뷰,INTV,INTERVIEW ,,,생략
인터체인지,INTCHG,INTERCHANGE,,,생략
인터페이스,IF,INTERFACE,"IF,INTERFACE",,생략
인터폰,INTRPHN,INTERPHONE,,,생략
인턴,INTRN,INTERN,,,생략
인트라넷,INTRANT,INTRANET,,,생략
인플루엔자,INFZ,INFLUENZA,,,생략
인화,PRNPTG,PRINTING PHOTOGRAPH,,,생략
인화점,FLPNT,FLASH POINT,,,생략
일,DAY,DAY,,분류어,생략
일가,FAMLY,FAMILY ,,,생략
일가창립,EFL,ESTABLISHMENT OF NEW FAMILY,,,생략
일간,DY,"DURING [10, 20, 60, 90, 120] DAY",,,생략
일간신문,DNEWSP,DAILY NEWSPAPER,,,생략
일계,SMMPRDY,SUMMATION PER DAY,,,생략
일과,DLYW,DAILY WORK,,,생략
일괄,BATCH,BATCH,"모둠,배치",,생략
일괄개편,BTCRORG,BATCH REORGANIZATION,,,생략
일괄구매방식,LPS,LUMP-SUM PURCHASING SYSTEM,,,생략
일괄수리부속판매제도,SSBO,SYSTEM SUPPORT BUY-OUT,,,생략
일괄입찰,BNDEBID,BUNDLE BID,,,생략
일괄작업,BTCB,BATCH JOB,,,생략
일괄처리,BTCPRC,BATCH PROCESSING,"모둠처리,BATCH,배치처리,배치작업,일괄작업",,생략
일괄처리번호,BTCPRCNO,BATCH PROCESS NUMBER,배치처리번호,분류어,생략
일기도,WTHMP,WEATHER MAP,,,생략
일남중,SLRNN,SOLAR NOON,,,생략
일단면적,AIE,AREA FOR INDUSTRIAL ESTATE,,,생략
일단의면적,TARGRP,TOTAL AREA OF GROUP,,,생략
일단의토지,LSNG,LAND SEQUENCE NUMBER OF GROUP,일단토지,,생략
일단의필지수,LOTNGRP,LOT NUMBER OF GROUP,,,생략
일단토지면적,LAIE,LAND AREA FOR INDUSTRIAL ESTATE,,,생략
일등병,PFC,PRIVATE FIRST CLASS,일병,,생략
일람표,LSTTBL,LIST TABLE,,,생략
일련,SERIES,SERIES,,,생략
일련번호,SN,SERIAL NUMBER,"시퀀셜,SEQ,시퀀스,시리얼번호,SN,연번,SERIAL번호,SERIAL NUMBER,SERIALNUMBER,연번호",분류어,생략
일렬,SNGLN,SINGLE LINE,,,생략
일령,DAYAGE,DAYAGE,,,생략
일류,FSTCLSS,FIRST CLASS,,,생략
일몰,SNST,SUNSET,,,생략
일문,JPNSNT,JAPANESE SENTENCE,,,생략
일반,GNRL,GENERAL,,,생략
일반경쟁계약,CPTCTR,COMPETITIVE CONTRACT,,,생략
일반경쟁입찰,GPTBD,GENERAL COMPETITIVE BIDDING,,,생략
일반관리비,GNADMCST,GENERAL ADMINISTRATIVE COSTS,,,생략
일반담보,GNRLMRTGG,GENERAL MORTGAGE,,,생략
일반도로,GNRLROAD,GENERAL ROAD,,,생략
일반명령,GNLORD,GENERAL ORDER,,,생략
일반명령구분코드,GNLODVSCD,GENERAL ORDER DIVISION CODE,,분류어,생략
일반명령번호,GNLONO,GENERAL ORDER NUMBER,,분류어,생략
일반물자,GNRMTR,GENERAL MATERIAL,,,생략
일반방위산업구분코드,GNDIDVCD,GENERAL AND DEFENSE INDUSTRY DIVISION CODE,,분류어,생략
일반사면,GRLNSY,GENERAL AMNESTY,,,생략
일반수리부속품,GNRPRPT,GENERAL REPAIR PART,,,생략
일반식,GEND,GENERAL DIET,,,생략
일반용,GNS,GENERAL USE,,,생략
일반잡유,GLBOIL,GENERAL LUBRICATING OIL,,,생략
일반전초,GOP,GENERAL OUTPOST,GOP,,생략
일반지원,GS,GENERAL SUPPORT,,,생략
일반지원재고,SB,SERVICEABLE BALANCE,야전지원재고,,생략
일반지원정비,GSM,GENERAL SUPPORT MAINTENANCE,,,생략
일반직공무원,POIGS,PUBLIC OFFICIAL IN GENERAL SERVICE,,,생략
일반차량,CTV,COMMERCIAL TYPE VEHICLE,,,생략
일반참모,GNRSTF,GENERAL STAFF,,,생략
일반특혜관세제도,GSP,GENERALIZED SYSTEM OF PREFERENCES,,,생략
일반판매소,GNRLSTR,GENERAL STORE,,,생략
일반형책임운영기관,GEA,GENERAL EXECUTIVE AGENCY,,,생략
일반화물,GNRCRG,GENERAL CARGO,,,생략
일반회계,GNRACC,GENERAL ACCOUNT,,,생략
일방,ONSD,ONE SIDE,,,생략
일방통행,ONEWYST,ONE-WAY STREET,,,생략
일변,DAYCHG,DAILY CHANGE,,,생략
일변동,DCNG,DAY CHANGE,,,생략
일별,DALY,DAILY,,,생략
일보,DAYRPT,DAILY REPORT,,,생략
일본,JP,JAPAN,,,생략
일본도착도기준가격,MOPJ,MEAN OF PLATT`S JAPAN,MOPJ,,생략
일부,PORTN,PORTION,,,생략
일부보험,PRTINSR,PARTIAL INSURANCE,,,생략
일부상소,PRTAPL,PART APPEAL,,,생략
일비,DAYEXP,DAILY EXPENSE,,,생략
일사부재리,PADJ,PROHIBITION AGAINST DOUBLE JEOPARDY,,,생략
일산화질소,NMO,NITROGEN MONOXIDE,,,생략
일상,EDAY,EVERY DAY,,,생략
일선관서,FGO,FISCAL GOVERNMENT OFFICE,,,생략
일선관서변경요청코드,FGOCRCD,FISCAL GOVERNMENT OFFICE CHANGE REQUEST CODE,,분류어,생략
일선관서장,FGOC,FISCAL GOVERNMENT OFFICE CHIEF,,,생략
일선관서코드,FGOCD,FISCAL GOVERNMENT OFFICE CODE,,분류어,생략
일선교환가능품목,LRU,LINE REPLACEABLE UNIT,현장교환품목,,생략
일수,NUMDAY,NUMBER OF DAY,,분류어,생략
일시,DTTM,DATE AND TIME,,분류어,생략
일시간,DNH,Date And Hour,,분류어,생략
일시검사,OTIORD,ONE TIME INSPECTION ORDER,,,생략
일시구매,OTPCH,ONETIME PURCHASE,,,생략
일시군,DTG,DATE TIME GROUP,,,생략
일시금,LPAMT,LUMP AMOUNT,,,생략
일시분,DHM,DAY HOUR MINUTE,,분류어,생략
일시분초,DHMS,DAY HOUR MINUTE SECOND,,분류어,생략
일시불,LMPS,LUMP SUM PAYMENT,,,생략
일시정지,POSE,PAUSE,,,생략
일식,JPNSTY,JAPANESE STYLE,,,생략
일어,JPN,JAPANESE,,,생략
일요일,SUN,SUNDAY,,,생략
일용,DYEMP,DAILY EMPLOYED,,,생략
일용품,DAYNCS,DAILY NECESSITIES,,,생략
일월출몰지점코드,SMPSTCD,SUNRISE SUNSET MOONRISE MOONSET POSITION CODE,,분류어,생략
일일,ECHDAY,EACH DAY,,,생략
일일가동시간,EDPRTM,EACH DAY OPERATING TIME,,,생략
일일기상예보,DCAT,EACH DAY,,,생략
일일보급량,DLSPL,DAILY SUPPLY,,,생략
일일시간대구분코드,ECDAYTMCD,EACH DAY TIME SLOT SECTION CODE,,분류어,생략
일일정보요약,DISUM,DAILY INTELLIGENCE SUMMARY,,,생략
일일정비,DAYMTN,DAILY MAINTENANCE,,,생략
일자,DATE,DATE,"DATE,날짜,년월일",분류어,생략
일정,RGL,REGULAR,,,생략
일정,SCHDL,SCHEDULE,"스케줄,스케쥴",,생략
일정번호,SCHDLNO,SCHEDULE NUMBER,,분류어,생략
일지,DIARY,DIARY,,,생략
일직자,DWHR,DAY WATCHER,,,생략
일차,ORDDY,ORDER BY DAY,,분류어,생략
일차감시레이더,PSR,PRIMARY SURVEILLANCE RADAR,"1차감시레이더, 주감시레이더, 탐색레이더",,생략
일출,SNRS,SUNRISE,,,생략
일치,CSTC,CONSISTENCY,,,생략
일평균,DYRG,DAY AVERAGE,,,생략
일할,ASYY,ASSIGN BY DAY,,,생략
일회성,OTM,ONE TIME,,,생략
일회호흡량,TDLVOL,TIDAL VOLUME,TIDALVOLUME,,생략
읽기,READ,READ,,,생략
임검,OFCLP,OFFICIAL INSPECTION,,,생략
임검침로,CTS,COURSE TO STEER,,,생략
임계속도,CRTSPD,CRITICAL SPEED,,,생략
임계치,THRHLD,THRESHOLD,,,생략
임관,CMMSN,COMMISSION,,,생략
임관구분코드,CMSDVCD,COMMISSION DIVISION CODE,,분류어,생략
임관일자,CMSNDT,COMMISSION DATE,임관일,,생략
임관코드,CMCD,COMMISSION CODE,,분류어,생략
임금대장,WLGR,WAGES LEDGER,,,생략
임기,TRMOFC,ONE`S TERM OF OFFICE,,,생략
임기응변,PRN,PRO RE NATA (WHENEVER NECESSARY),,,생략
임기장애물,OOBST,OBSTACLE OF OPPORTUNITY,,,생략
임기제,TOSYS,TERM OF OFFICE SYSTEM,,,생략
임기제부사관,TONCO,TERM OF OFFICE SYSTEM NONCOMMISSIONED OFFICER,,,생략
임기제진급,TOSP,TERM OF OFFICE SYSTEM PROMOTION,,,생략
임대료,RNTCHRG,RENT CHARGE,,,생략
임대자,RNTAGNT,RENT AGENT,,,생략
임도,FRSRD,FOREST ROAD,,,생략
임률,WGRT,WAGE RATE,"임율,임금률",분류어,생략
임면,APDSMS,APPOINTMENT AND DISMISSAL,,,생략
임명,NMNT,NOMINATION,,,생략
임명명령,NMNORD,NOMINATION ORDER,,,생략
임명일자,NMNTDT,NOMINATION DATE,임명일,,생략
임목,FRSTRE,FOREST TREE,,,생략
임무,MSN,MISSION,,,생략
임무가능유무구분코드,MSPBEANDVSCD,MISSION POSSIBILITY EXISTENCE AND NONEXISTENCE DIVISION CODE,,분류어,생략
임무결과,MSNRS,MISSION RESULT,,,생략
임무결과보고서,MISREP,MISSION REPORT,MISREP,,생략
임무계획,MSNPL,MISSION PLAN,,,생략
임무계획록,MPF,MISSION PREPARATION FOLDER,,,생략
임무긴요도코드,MECD,MISSION ESSENTIALITY CODE,,분류어,생략
임무목표부호,MSNGLSGN,MISSION GOAL SIGN,,분류어,생략
임무번호,MSNNO,MISSION NUMBER,,분류어,생략
임무별,MB,MISSION BY,,,생략
임무보고서번호,MSNRPTNO,MISSION REPORT NUMBER,,분류어,생략
임무부대,TSKFC,TASK FORCE,,,생략
임무부여,MSNTSK,MISSION TASKING,,,생략
임무부여번호,MSNASGNO,MISSION ASSIGNMENT NUMBER,,분류어,생략
임무부호,MSNSGN,MISSION SIGN,,,생략
임무분석,MANL,MISSION ANALYSIS,,,생략
임무상태,MSNST,MISSION STATE,,,생략
임무수행,MSNEXE,MISSION EXECUTION,,,생략
임무수행평가결과코드,MSEXEVALRCD,MISSION EXECUTION EVALUATION RESULT CODE,,분류어,생략
임무완료상태코드,MSNCMPLTSACD,MISSION COMPLETION STATE CODE,,분류어,생략
임무유형,MSNPRFL,MISSION PROFILE,,,생략
임무유형코드,MSNPFCD,MISSION PROFILE CODE,,분류어,생략
임무일자,MSNDT,MISSION DATE,임무일,,생략
임무지시번호,MINO,MISSION INSTRUCTIONS NUMBER,,분류어,생략
임무포기,ABORT,ABORT,,,생략
임무필수품목,MEI,MISSION ESSENTIAL ITEM,,,생략
임무할당코드,MSALTMTCD,MISSION ALLOTMENT CODE,,분류어,생략
임무형보호태세,MOPP,MISSION ORIENTED PROTECTIVE POSTURE,MOPP,,생략
임무형보호태세단계코드,MOPPSTEPCD,MISSION ORIENTED PROJECTIVE POSTURE STEP CODE,,분류어,생략
임상,CLNC,CLINIC,,,생략
임상상태,CSTE,CLINIC STATE,,,생략
임시,TEMP,TEMPORARY,,,생략
임시건물,TMPBLD,TEMPORARY BUILDING,,,생략
임시권,TMPSYS,TEMPORARY SYSTEM,,,생략
임시영치,TMPCSD,TEMPORARY CUSTODY,,,생략
임시재고번호,TSN,TEMPORARY STOCK NUMBER,,분류어,생략
임시직,TMPEMP,TEMPORARY EMPLOYMENT,,,생략
임시탄약고,TAS,TEMPORARY AMMUNITION STORAGE,,,생략
임시평가,TMPEVL,TEMPORARY EVALUATION,,,생략
임신,PRCY,PREGNANCY,,,생략
임신기간,PRGCYPRD,PREGNANCY PERIOD,,,생략
임신중독,TPRY,TOXEMIA OF PREGNANCY,,,생략
임야,FRTNFLD,FORESTS AND FIELDS,,,생략
임용,APNTM,APPOINTMENT,,,생략
임용권자,APTHYHD,APPOINTMENT AUTHORITY HOLDER,,,생략
임용일자,APNTMDT,APPOINTMENT DATE,임용일,,생략
임의,VNT,VOLUNTARINESS,,,생략
임의관할,RNDCPT,RANDOM COMPETENCE,,,생략
임의소각,RNDINCN,RANDOM INCINERATION,,,생략
임의준비금,RNDRSRV,RANDOM RESERVES,,,생략
임의청산,VNTP,VOLUNTARY PAYMENT,,,생략
임지,FRTLND,FORESTLAND,,,생략
임지면적,FRTLNDAR,FORESTLAND AREA,,,생략
임직원,EXCNSTM,EXECUTIVES AND STAFF MEMBERS,,,생략
임차,RTNG,RENTING,,,생략
임차권,LEASRT,RIGHT OF LEASE,,,생략
임차료,RENT,RENT,,,생략
임차자,LESSEE,LESSEE,,,생략
임차차량,HIREVHCLE,HIRE VEHICLES,,,생략
임해,SSHR,SEASHORE,,,생략
입각,JNCBT,JOINING A CABINET,,,생략
입간판,STDSGBRD,STANDING SIGNBOARD,,,생략
입거,ENTDC,ENTERING A DOCK,,,생략
입건,PRSCT,PROSECUTE,,,생략
입고,WRHS,WAREHOUSING,,,생략
입고량,WRHSQTY,WAREHOUSING QUANTITY,,,생략
입고번호,WRHSNO,WAREHOUSING NUMBER,,분류어,생략
입고일자,WRHSDT,WAREHOUSING DATE,입고일,,생략
입고자,WHR,WAREHOUSING PERSON,,,생략
입고정비,WRHSMTN,WAREHOUSING MAINTENANCE,,,생략
입고처,STRPLC,STORE PLACE,,,생략
입과,ETCRS,ENTER A COURSE,,,생략
입과자,PTCP,PARTICIPANT,,,생략
입교,ENTSCHL,ENTRANCE INTO A SCHOOL,,,생략
입교일자,ENTSCHDT,ENTRANCE INTO A SCHOOL DATE,입교일,,생략
입구,ENTRN,ENTRANCE,,,생략
입국,ETCN,ENTRANCE INTO A COUNTRY,,,생략
입국일자,ETCNDT,ENTRANCE INTO A COUNTRY DATE,입국일,,생략
입금,RCPMNY,RECEIPTS OF MONEY,,,생략
입금일자,DPSTDT,DEPOSIT DATE,입금일,,생략
입금자,DPSTPSN,DEPOSIT PERSON,,,생략
입금철생성구분코드,RMFCDCD,RECEIPTS OF MONEY FILE CREATION DIVISION CODE ,,분류어,생략
입당,JNPLTPT,JOINING A POLITICAL PARTY,,,생략
입량,IQNTY,INPUT QUANTITY,,,생략
입력,INPUT,INPUT,,,생략
입력선두,ILED,INPUT LEAD,,,생략
입력유형,ITYP,INPUT TYPE,,,생략
입력일자,INPUTDT,INPUT DATE,입력일,,생략
입력자,INPUTPSN,INPUT PERSON,입력인,,생략
입목,STDTR,STANDING TREE,,,생략
입목죽,STDTRBB,STANDING TREE AND BAMBOO,,,생략
입목죽종류코드,STBKCD,STANDING TREE AND BAMBOO KIND CODE,,분류어,생략
입방,ARVRM,ARRIVAL THE ROOM,,,생략
입법,LGSLT,LEGISLATION,,,생략
입법권,LTVW,LEGISLATIVE POWER,,,생략
입사,ENTRCO,ENTERING A COMPANY,,,생략
입사일자,ENTCODT,ENTERING A COMPANY DATE,입사일,,생략
입석,STDRM,STANDING ROOM,,,생략
입소,ENTRC,ENTRANCE,,,생략
입소일자,ENTRCDT,ENTRANCE DATE,입소일,,생략
입수,OBTM,OBTAINMENT,,,생략
입수삭,IUD,INSERT UPDATE DELETE,,,생략
입술,LIP,LIP,,,생략
입양,ADP,ADOPTION,,,생략
입영,ENTSVC,ENTRY INTO SERVICE,입대,,생략
입영명령,EISORD,ENTRY INTO SERVICE ORDER,,,생략
입영일자,ENLMDT,ENLISTMENT DATE,"입대일,입대일자,입영일",,생략
입영자,RECRT,RECRUIT,입대자,,생략
입영지,JTMAR,JOIN THE MILITARY AREA,,,생략
입원,HSPTLZ,HOSPITALIZATION,입실,,생략
입원계산순번,HZCALC,HOSPITALIZATION CALCULATION SEQUENCE,,,생략
입원기록지,ADMRD,ADMINISTRATION RECORD,,,생략
입원명령,HSPORD,HOSPITALIZATION ORDER,,,생략
입원방법,HSMTH,HOSPITALIZATION METHOD,,,생략
입원수납순번,HZRCTC,HOSPITALIZATION RECEIPTANCE SEQUENCE,,,생략
입원외래구분,IOTYPE,INPATIENT OUTPATIENT TYPE,,,생략
입원일자,HSPTDT,HOSPITALIZATION DATE,입원일,,생략
입원중간순번,HZMDTC,HOSPITALIZATION MIDDLE CALCULATION SEQUENCE,,,생략
입원지시,HINS,HOSPITALIZATION INSTRUCTIONS,,,생략
입자,PARTCL,PARTICLE,,,생략
입자폭풍,PTNSTM,PROTON STORM,,,생략
입장,ENTRNC,ENTRANCE,,,생략
입장,VWPNT,VIEWPOINT,,,생략
입장료,ADMFEE,ADMISSION FEE,,,생략
입적,ERLGR,ENTRY IN A FAMILY REGISTER,,,생략
입주,MVIN,MOVE IN,,,생략
입주형태코드,MVINSCD,MOVE IN SHAPE CODE,,분류어,생략
입증책임,BFPF,BURDEN OF PROOF,,,생략
입차,ENTVHCL,ENTERANCE VEHICLES,,,생략
입찰,BDDNG,BIDDING,,,생략
입찰가격,BIDPRC,BIDDING PRICE,"입찰가,투찰가격,투찰가",,생략
입찰공고,NTCTND,NOTICE OF TENDER,,,생략
입찰공고문,BBNT,BULLETIN BOARD FOR NOTICE OF TENDER,,,생략
입찰공고번호,BPANO,BIDDING PUBLIC ANNOUNCEMENT NUMBER,,분류어,생략
입찰매체코드,BIDMDCD,BIDDING MEDIA CODE,,분류어,생략
입찰보증금,BDBND,BID BOND,"입찰보증금액,입찰보증액",,생략
입찰서,TNDR,TENDER,,,생략
입찰일자,BDNGDT,BIDDING DATE,입찰일,,생략
입찰자,BDDER,BIDDER,,,생략
입찰참가자격사전심사제,PQ,PRE QUALIFICATION,"PQ,사전입찰심사제도,사전심사",,생략
입창,SIDPT,SETTING IN DEPOT,,,생략
입창일자,SIDPTDT,SETTING IN DEPOT DATE,입창일,,생략
입체,CBC,CUBIC,,,생략
입체시영상,EPIP,EPIPOLAR IMAGE,,,생략
입체영상,STEREO,STEREOSCOPIC,,,생략
입출,INCDSBS,INCOME AND DISBURSEMENT,수지,,생략
입출고,WRHSRLS,WAREHOUSING AND RELEASE,,,생략
입출고번호,WNRNO,WAREHOUSING AND RELEASE NUMBER,,분류어,생략
입출고일자,WRHRLSDT,WAREHOUSING AND RELEASE DATE,입출고일,,생략
입출금,RCPPAY,RECEIPTS PAY,,,생략
입출항,PRTAKENT,PORT AND TAKE ENTRY,,,생략
입통문,ENGPS,ENTRANCE GATE FOR PASSAGE,,,생략
입퇴원,EDHSPT,ENTER AND DISCHARGE HOSPITAL,,,생략
입퇴창,SITODPT,SETTING IN DEPOT AND TAKING OUT OF DEPOT,,,생략
입학,ENTRSCHL,ENTRANCE INTO A SCHOOL,,,생략
입학일자,ENTSCHLDT,ENTRANCE INTO A SCHOOL DATE,입학일,,생략
입항,PRTENT,PORT ENTRY,,,생략
입항일자,PORENTDT,PORT ENTRY DATE,입항일,,생략
입항지,SHPPT,SHIPPED PORT,,,생략
입회,PRSNC,PRESENCE,,,생략
입회관,CTRSPVS,CONTRACT SUPERVISOR,,,생략
입후보,CANDIDACY,CANDIDACY,,,생략
잉여,SURPLS,SURPLUS,,,생략
잉여금,SUPLSFND,SURPLUS FUND,"잉여금액,잉여액",,생략
잉여탄약,USLAMN,USELESS AMMUNITION,,,생략
잉여품,SRPRPT,SURPLUS PROPERTY,,,생략
자,LTTR,LETTER,,,생략
자,PSN,PERSON,인,,생략
자DODIC,CDODIC,CHILD DODIC,,,생략
자가,OWNHS,OWN HOUSE,,,생략
자가,SELF,SELF,,,생략
자가보험,SELFINSR,SELF-INSURANCE,,,생략
자가주사,SLFINJ,SELF-INJECTION,,,생략
자격,QLFC,QUALIFICATION,,,생략
자격발생상실구분코드,QCFDCD,QUALIFICATION OCCUR FORFEITURE DIVISION CODE,,분류어,생략
자격정지,SUSPQUALI,SUSPENSION OF QUALIFICATION ,,,생략
자격종목코드,QKCD,QUALIFICATION KIND CODE,,분류어,생략
자격주,QLFSTK,QUALIFICATION STOCK,,,생략
자격증,LCNC,LICENCE,,,생략
자격증번호,LCNCNO,LICENCE NUMBER,,분류어,생략
자격확인,QCFM,QUALIFICATION CONFIRMATION,,,생략
자격확인대상,QCFOBJ,QUALIFICATION CONFIRMATION,,,생략
자구행위,SELFHELP,SELF_HELP,,,생략
자국,NTLND,ONES NATIVE LAND,,,생략
자군,SLFMIL,SELF-MILITARY,,,생략
자궁,WOMB,WOMB,,,생략
자금,FND,FUNDS,,,생략
자금거래구분코드,FTDCD,FUNDS TRANSACTION DIVISION CODE,,분류어,생략
자금계정,REQCTR,REQUISITION CONTROL,,,생략
자금계획,CRDPRG,CREDIT PROGRAM,,,생략
자금계획진행상태구분코드,CPPSDCD,CREDIT PROGRAM PROGRESS STATE DIVISION CODE,,분류어,생략
자금관리보급제도,FMSS,FUND MANAGEMENT SUPPLY SYSTEM,,,생략
자금관리제도,FNDMS,FUND MANAGEMENT SYSTEM,,,생략
자금물량적용구분코드,FMQCD,FUND MATERIAL QUANTITY MANAGEMENT CONTROL CODE,,분류어,생략
자금성질계정코드,FCACD,FUNDS CHARACTER ACCOUNT CODE,,분류어,생략
자금세탁방지국제기구,FATF,FINANCIAL ACTION TASK FORCE ON MONEY LAUNDERING,,,생략
자금수입,CPNCM,CAPITAL INCOME,,,생략
자금예산,CPTALBUDGET,CAPITAL BUDGET,,,생략
자금원,SRCFND,SOURCE OF FUNDS,,,생략
자금원코드,SRCFNDCD,SOURCE OF FUNDS CODE,,분류어,생략
자금이체,FNDTRSF,FUND TRANSFER,,,생략
자금조달비용지수,COFIX,COST OF FUND INDEX,,,생략
자금지원능력,FSA,FUND SUPPORT ABILITY,,,생략
자금통제,FNRGL,FINANCIAL REGULATION,,,생략
자금확정유형구분코드,FCTDCD,FUNDS CONFIRMATION TYPE DIVISION CODE,,분류어,생략
자급,SLFSPL,SELF SUPPLY,,,생략
자기,ONSLF,ONESELF,,,생략
자기개발,SFVLP,SELF DEVELOPMENT,,,생략
자기계약,RRTPY,REPRESENTATION OF OTHER PARTY,,,생략
자기공명영상,MRI,MAGNETIC RESONANCE IMAGING,MRI,,생략
자기부담금,ONSFBDMN,ONESELF BURDEN MONEY,"자기부담금액,자기부담액",,생략
자기소개,SLFINT,SELF INTRODUCTION,,,생략
자기소개서,SFINTLTR,SELF INTRODUCTION LETTER,,,생략
자기앞수표,CRCC,CASHIER´S CHECK,,,생략
자기앞어음,CSRBL,CASHIER'S BILL,,,생략
자기왜곡탐지기,MAD,MAGNETIC ANOMALY DETECTION,MAD,,생략
자기자본,EQTCPTL,EQUITY CAPITAL,,,생략
자기자본회전율,TREC,TURNOVER RATIO OF EQUITY CAPITAL,,,생략
자기주식,TESSTK,TREASURY STOCK,,,생략
자기차량손해,DMGOFCAR,DAMAGE OF OWN CAR,자차,,생략
자녀,CHILD,CHILDREN,,,생략
자녀학비보조수당,CSES,CHILDREN SCHOOL EXPENSE SUBSIDY,,,생략
자녀학비보조수당분기월코드,CQCD,CHILDREN SCHOOL EXPENSE SUBSIDY QUARTER CODE,,분류어,생략
자대,OWNUT,OWN UNIT,,,생략
자대활용량,RUSQTY,REUSE QUANTITY,,,생략
자도,OWNPRV,OWN PROVINCE,,,생략
자동,AUTO,AUTOMATIC,,,생략
자동납부,ATMCPAY,AUTOMATIC PAYMENT,,,생략
자동보급,AUTOSPL,AUTOMATIC SUPPLY,,,생략
자동분개,ATMJNL,AUTOMATIC JOURNALIZING,,,생략
자동식,AUTOPR,AUTOMATIC OPERATED,,,생략
자동이체,ATCNG,AUTOMATIC EXCHANGE,,,생략
자동재보급,AR,AUTOMATIC RESUPPLY,,,생략
자동전표,ATMPST,AUTOMATIC POSTING,,,생략
자동제원처리제도,ADPS,AUTOMATIC DATA PROCESS SYSTEM,,,생략
자동차,CAR,CAR,차,,생략
자동차등록번호,CARREGNO,CAR REGISTRATION NUMBER,,분류어,생략
자동차보험,CARISR,CAR INSURANCE,자보,,생략
자동처리품목,APITM,AUTOMATIC PROCESS ITEM,,,생략
자동포장,APCK,AUTOMATIC PACKING,,,생략
자동화,ATMT,AUTOMATION,,,생략
자동화방공체계,AADS,AUTOMATED AIR DEFENCE SYSTEM,,,생략
자동화창고관리체계,WMS,WAREHOUSE MANAGEMENT SYSTEM,WMS,,생략
자락법,BGA,BLOOD GATHERING ACUPUNCTURE,자락술,,생략
자력,QLFNCRR,QUALIFICATION AND CAREER,,,생략
자력검사,MPI,MAGNETIC PARTICLE INSPECTION,,,생략
자력반영,QNCRF,QUALIFICATION AND CAREER REFLECTION,,,생략
자료,DTA,DATA,,,생략
자료관,DTMGR,DATA MANAGER,,,생략
자료관리시스템,DTAMANAGESYS,DATA MANAGEMENT SYSTEM,,,생략
자료교환협정,DEA,DATA EXCHANGE AGREEMENT,,,생략
자료구조항목유형코드,DTASTITMTPCD,DATA STRUCTURE ITEM TYPE CODE,,분류어,생략
자료목록,DTLST,DATA LIST,,,생략
자료번호,DATANO,DATA NUMBER,,분류어,생략
자료부호,DATASGN,DATA SIGN,,,생략
자료사전번호,DDICNO,DATA DICTIONARY NUMBER,,분류어,생략
자료실,LBRY,LIBRARY,,,생략
자료실자료번호,LBRYDATANO,LIBRARY DATA NUMBER,,분류어,생략
자료처리유형코드,DATPTYCD,DATA PROCESS TYPE CODE,,분류어,생략
자리,DGT,DIGIT,,,생략
자릿수,CIPHR,CIPHER,자리수,,생략
자막,CAPT,CAPTION,,,생략
자매결연자,ETHHD,ESTABLISHMENT OF SISTERHOOD RELATIONSHIP,,,생략
자문,ADVCE,ADVICE,,,생략
자문기관,ADORGN,ADVISORY ORGAN,,,생략
자바메세지서비스,JMSEVICE,JAVA MESSAGE SERVICE,JMS,,생략
자발,SPNTN,SPONTANEITY,,,생략
자발적통합해상수송합의각서,VISA,VOLUNTARY INTEGRATION SEALIFT AGREEMENT,,,생략
자본,CAPTL,CAPITAL,,,생략
자본금,CPTAL,CAPITAL,,,생략
자본잉여금,CPTLSPLS,CAPITAL SURPLUS,자본잉여금액,,생략
자본적지출,CPTLEXP,CAPITAL EXPENDITURE,,,생략
자본준비금,CPTSR,CAPITAL RESERVE,,,생략
자본지분표,OES,OWNERS EQUITY STATEMENT,,,생략
자본화,CPTLZ,CAPITALIZATION,,,생략
자본회전율,TOVRTCPT,TURNOVER RATIO OF CAPITAL,,,생략
자분,MAGPTC,MAGNETIC PARTICLE,,,생략
자비,OWNEXP,OWN EXPENSE,,,생략
자사,MMNY,MY COMPANY,,,생략
자사주,CRPCK,CORPORATION OWN STOCK,,,생략
자산,ASST,ASSETS,,,생략
자산가시화,TAV,TOTAL ASSETS VISUALIZATION,,,생략
자산단위코드,ASTUICD,ASSETS UNIT OF ISSUE CODE,,분류어,생략
자산담보부증권,ABS,ASSET BACKED SECURITIES,,,생략
자산번호,ASTNO,ASSETS NUMBER,,분류어,생략
자산증감구분코드,AIDDCD,ASSETS INCREASED AND DECREASED CODE,,분류어,생략
자산증감운용근거구분코드,AINDBDCD,ASSET INCREASED AND DECREASED OPERATING BASIS DIVISION CODE,,분류어,생략
자산집계구분코드,ASSTTOTLDSCD,ASSETS TOTAL DIVISION CODE,,분류어,생략
자산현황,ASSTSTS,ASSETS PRESENT STATUS,,,생략
자산회전율,TROA,TURNOVER RATIO OF ASSETS,,,생략
자살,SUIC,SUICIDE,,,생략
자살예방교육,SPEDU,SUICIDE PREVENTION EDUCATION,,,생략
자서전,ABGRPY,AUTOBIOGRAPHY,,,생략
자석,MGNT,MAGNET,,,생략
자선,CDSHP,CHILD SHIP,,,생략
자세,ATTITD,ATTITUDE,,,생략
자손사고보험,SAI,SELF ACCIDENT INSURANCE,자손보험,,생략
자수,SLFSDR,SELF-SURRENDER,,,생략
자승,SQR,SQUARE,,,생략
자연,NATURE,NATURE,,,생략
자연공원,NTRPRK,NATURAL PARK,,,생략
자연권,NLGS,NATURAL RIGHTS,,,생략
자연림,NRFRST,NATURAL FOREST,,,생략
자연손실,NTLS,NATURE LOSS,,,생략
자연어,NTRLANG,NATURAL LANGUAGE,,,생략
자연장애물,NTROBS,NATURAL OBSTACLE,,,생략
자외선,UV,ULTRAVIOLET RAYS,,,생략
자원,RSRC,RESOURCE,,,생략
자원관리,REMAN,RESOURCE MANAGEMENT,,,생략
자원관리부대,RMU,RESOURCE MANAGEMENT UNIT,,,생략
자원관리부대코드,RMUCD,RESOURCE MANAGEMENT UNIT CODE,,분류어,생략
자원관리정보체계,RMIS,RESOURCE MANAGEMENT INFORMATION SYSTEM,,,생략
자원동원,RSCMB,RESOURCE MOBILIZATION,,,생략
자원소속구분코드,RBCLCD,RESOURCE BELONGING CLASSIFICATION CODE,,분류어,생략
자원연동자료처리구분코드,RSINTCPDVCD,RESOURCE INTERCONNECTION PROCESS DIVISION CODE,,분류어,생략
자위,SLFDFN,SELF DEFENSE,,,생략
자위권,SLFDFRT,RIGHT OF SELF-DEFENSE,,,생략
자위대,SLFDFNF,SELF DEFENSE FORCES,,,생략
자유,LBRTY,LIBERTY,,,생략
자유매입신용장,FNLC,FREELY NEGOTIABLE LETTER OF CREDIT,,,생략
자유발명,FMVN,FREEDOM INVENTION,,,생략
자율,ATNM,AUTONOMY,,,생략
자이로스코프,GYRO,GYROSCOPE,,,생략
자일렌,XYLN,XYLENE,,,생략
자작,ONSOWNWK,ONES OWN WORK,,,생략
자장비,CEQ,CHILD EQUIPMENT,,,생략
자재,MTRLS,MATERIALS,,,생략
자재결함보고서,MDR,MATERIAL DEFICIENCY REPORT,,,생략
자재대기,AWPT,AWAITING PARTS,,,생략
자재대기불가동율,NMCS,NON MISSION CAPABLE FOR SUPPLY,,,생략
자재량,MTRLSQTY,MATERIALS QUANTITY,,,생략
자재번호,MTRLNO,MATERIAL NUMBER,,분류어,생략
자재소요계획,MRP,MATERIAL REQUIREMENT PLANNING,MRP,,생략
자재수리요구서,MRRL,MATERIAL REPAIR REQUIREMENT LIST,MRRL,,생략
자재수리요구서번호,MRRLNO,MATERIAL REPAIR REQUIREMENT LIST NUMBER,,분류어,생략
자재요구서,MRL,MATERIAL REQUIREMENT LIST,,,생략
자재표준품목,MTSITM,MATERIALS STANDARD ITEM,,,생략
자전거,BCYCL,BICYCLE,,,생략
자주식,SLFPRP,SELF PROPEL,,,생략
자주포,SPG,SELF PROPELLED GUN,,,생략
자중,SLFLD,SELF LOAD,,,생략
자진,VOLUN,VOLUNTARILY ,,,생략
자질,QLFCT,QUALIFICATION,,,생략
자체,ITSLF,ITSELF,,,생략
자체감사,SELFINSPCT,SELF-INSPECTION,,,생략
자체감사기구,SNSCNZ,SELF-INSPECTION ORGANIZATION,,,생략
자체감사인,SNSTR,SELF-INSPECTION AUDITOR,,,생략
자체진단,SLFTST,SELF TEST,,,생략
자체처방,ISPRC,ITSELF PRESCRIPTION,,,생략
자체평가,ISSM,ITSELF ESTIMATION,,,생략
자치구,ATDRC,AUTONOMOUS DISTRICT,,,생략
자치단체,SGB,A SELF-GOVERNING BODY,,,생략
자타,OSLHR,ONESELF AND OTHERS,,,생략
자탄,BOMBL,BOMBLETS,,,생략
자택,PRVRSDC,PRIVATE RESIDENCE,,,생략
자판기,VEND,VENDING MACHINE,,,생략
자폐증,ATSM,AUTISM,,,생략
자폭,SLFDT,SUICIDAL ATTACK,,,생략
자함,CHSH,CHILD SHIP,,,생략
자함침로,OWNCRS,OWNSHIP COURSE,,,생략
자해,INJURY,INJURY,,,생략
자화,MGNTZT,MAGNETIZATION,,,생략
작가,WRITR,WRITERS ,,,생략
작곡가,COMPSR,COMPOSER ,,,생략
작곡자,CMPSR,COMPOSER ,,,생략
작도,DRAWNG,DRAWING,,,생략
작동,WRKNG,WORKING,,,생략
작동방식구분코드,WRKTPCD,WORKING WAY DIVISION CODE,,분류어,생략
작동방식상세구분코드,WRKTPDTLCD,WORKING WAY DETAIL DIVISION CODE,,분류어,생략
작동실적번호,WARNO,WORKING ACTUAL RESULT NUMBER,,분류어,생략
작문,CMPSTN,COMPOSITION,,,생략
작부체계,CRPSM,CROPPING SYSTEM,,,생략
작성,WRT,WRITE,쓰기,,생략
작성일자,WRTDT,WRITE DATE,작성일,,생략
작성자,WRTR,WRITER,,,생략
작약,BRSTR,BURSTER,,,생략
작업,WRK,WORK,,,생략
작업권한코드,WATCD,WORK AUTHORITY CODE,,분류어,생략
작업능력,WRKCP,WORK CAPACITY,,,생략
작업단위코드,WUC,WORK UNIT CODE,,분류어,생략
작업대,WKTE,WORKTABLE,,,생략
작업명령,WKORD,WORK ORDER,작명,,생략
작업명령번호,WONO,WORK ORDER NUMBER,,분류어,생략
작업명령서,WO,WORK ORDER,,,생략
작업명령서번호,WODNO,WORK ORDER DOCUMENT NUMBER,,분류어,생략
작업반,WRKPRT,WORK PARTY,,,생략
작업번호,WORKNO,WORK NUMBER,,분류어,생략
작업번호일자,WKNODT,WORK NUMBER DATE,,,생략
작업분해구조,WBS,WORK BREAKDOWN STRUCTURE,"작업분할구조,WBS",,생략
작업선,WRKLN,WORK LINE,,,생략
작업선,WRKSHP,WORKING SHIP,,,생략
작업실,WRKRM,WORKROOM,,,생략
작업일자,WRKDT,WORK DATE,작업일,,생략
작업일지,WDAY,WORK DIARY,,,생략
작업자,WORKR,WORKER,,,생략
작업절차번호,WPNO,WORK PROCEDURE NUMBER,,분류어,생략
작업조,SQUD,SQUAD,,,생략
작업표준,MS,MANUFACTURING STANDARD,,,생략
작업표준관리번호,MSMNO,MANUFACTURING STANDARD MANAGEMENT NUMBER,,분류어,생략
작업표준명관리번호,MSNMNO,MANUFACTURING STANDARD NAME MANAGEMENT NUMBER,,분류어,생략
작업표준번호,MFGSTDNO,MANUFACTURING STANDARD NUMBER,,분류어,생략
작업표준서,MSDOC,MANUFACTURING STANDARD DOCUMENT,,,생략
작용,ACTION,ACTION,,,생략
작용제,AGNST,AGONIST,,,생략
작용제적용분류코드,AGNSTAPCLCD,AGONIST APPLY  CLASSIFICATION CODE,,분류어,생략
작용제종류분류코드,AGNSTKNDVCD,AGONIST KIND DIVISION CODE,,분류어,생략
작용제종류코드,AGNSTKNDCD,AGONIST KIND CODE,,분류어,생략
작용제지속성코드,AGNSTCNDBCD,AGONIST CONTINUANCE DURAABILITY CODE,,분류어,생략
작전,OPRTNS,OPERATIONS,,,생략
작전가능,CBTRDY,COMBAT READY,,,생략
작전개요,OPSUM,OPERATIONS SUMMARY,OPSUM,,생략
작전계획,OPLAN,OPERATION PLAN,,,생략
작전군수,OLGST,OPERATIONAL LOGISTICS,,,생략
작전기지,BSOPT,BASE OF OPERATIONS,,,생략
작전단계,OPRPHS,OPERATING PHASING,,,생략
작전단계코드,OPRPSCD,OPERATION PHASE CODE,,분류어,생략
작전동원,OPMB,OPERATIONAL MOBILIZATION,,,생략
작전명령,OPORD,OPERATION ORDER,,,생략
작전목표,OPOBJ,OPERATION OBJECTIVE,,,생략
작전방해형태코드,OPRDSTSHCD,OPERATIONS DISTURBANCE SHAPE CODE,,분류어,생략
작전부대,OPFRC,OPERATING FORCES,,,생략
작전부서,OPDP,OPERATION DEPARTMENT,,,생략
작전사령부,OPCMD,OPERATIONS COMMAND,작전사,,생략
작전소프트웨어,OCS,OPERATIONAL COMPUTER SOFTWARE,,,생략
작전수행률,OPCPR,OPERATION COMPLETION RATIO,작전수행율,,생략
작전영향,OPRIL,IMPORTANCE OPERATIONS,,,생략
작전영향판단,IOJ,IMPORTANCE OPERATIONS JUDGMENT,,,생략
작전요소,OPFCT,OPERATIONAL FACTOR,,,생략
작전일,OPRTNSDAY,OPERATIONS DAY,,분류어,생략
작전임무,OPTASK,OPERATION TASK,,,생략
작전자료분석소프트웨어,DRS,DATA REDUCTION SOFTWARE,,,생략
작전제한,OPLMT,OPERATIONAL LIMITATION,,,생략
작전제한지역,ROA,RESTRICTED OPERATIONS AREA,작전제한구역,,생략
작전지속능력,OPSTB,OPERATIONAL SUSTAINABILITY,,,생략
작전지속지원,OSP,OPERATIONL SUSTAINMENT SUPPORT,,,생략
작전지역,OA,OPERATION AREA,,,생략
작전지원,OPSPP,OPERATING SUPPORT,,,생략
작전지원소프트웨어,OSSW,OPERATIONAL SUPPORT SOFTWARE,,,생략
작전지침,OPGUD,OPERATIONAL GUIDANCE,,,생략
작전지침구분코드,OPGUDDVSCD,OPERATIONAL GUIDANCE DIVISION CODE,,분류어,생략
작전지휘소,OPCC,OPERATIONAL COMMAND CENTER,,,생략
작전참모,OPSTF,OPERATION STAFF,,,생략
작전처,OPRBR,OPERATION BRANCH,,,생략
작전콘솔,OC,OPERATIONAL CONSOLE,,,생략
작전태세검열,ORI,OPERATION READINESS INSPECTION,,,생략
작전통제,OPCON,OPERATIONAL CONTROL,,,생략
작전통제권,OCA,OPERATIONAL CONTROL AUTHORITY,,,생략
작전통제실,OCC,OPERATION CONTROL CENTER,"OCC,포병작전통제소",,생략
작전항해도,ONC,OPERATIONAL NAVIGATIONAL CHARTS,ONC,,생략
작전현황,OPSTAT,OPERATION STATUS,,,생략
작전형태코드,OPRTYCD,OPERATION TYPE CODE,,분류어,생략
작전활동부호유형코드,OPRACTSITPCD,OPERATIONS ACTIVITY SIGN TYPE CODE,,분류어,생략
작전효과유형코드,OPRTNEFCTYCD,OPERATIONS EFFECT TYPE CODE,,분류어,생략
작전훈련,OPTRN,OPERATIONAL TRAINING,,,생략
잔고,CRDBLC,CREDIT BALANCE,,,생략
잔교,PIER,PIER,,,생략
잔금,BLC,BALANCE,,,생략
잔디,LAWN,LAWN,,,생략
잔량,RMDQTY,REMAINDER QUANTITY,,분류어,생략
잔류,STBH,STAYING BEHIND,,,생략
잔류자,HLDVR,HOLDOVER,,,생략
잔액,BLNC,BALANCE,,분류어,생략
잔여,RMNDR,REMAINDER,,,생략
잔여재산분배,RDPRTD,RESIDUARY PROPERTY DIVISION,,,생략
잔염,AFTFLM,AFTER FLAME,,,생략
잔적,RMENMY,REMAIN ENEMY,,,생략
잔전금액,SMLCHNG,SMALL CHANGE,,,생략
잔존,SRVVL,SURVIVAL,,,생략
잔존가액,RESVAL,RESIDUAL VALUE,잔존가격,,생략
잔존수명,SVPD,SURVIVAL PERIOD,,,생략
잔존율,SRVLRT,SURVIVAL RATE,,,생략
잔진,AFTGLW,AFTER GLOW,,,생략
잠금,LOCK,LOCK,잠김,,생략
잠망경,PERISCOPE,PERISCOPE,,,생략
잠사,SLKYRN,SILK YARN,,,생략
잠수,SBMRG,SUBMERGE,,,생략
잠수함,SMR,SUBMARINE,,,생략
잠수함기지구분코드,SBMRNBSDVCD,SUBMARINE BASE DIVISION CODE,,분류어,생략
잠수함전,SMRWR,SUBMARINE WAR,,,생략
잠수함침투기지구분코드,SMRIFTRBDVCD,SUBMARINE INFILTRATION BASE DIVISION CODE,,분류어,생략
잠식,ENCRCH,ENCROACHMENT,,,생략
잠재,PTNTL,POTENTIAL,,,생략
잠정,PRVS,PROVISIONAL,,,생략
잠정규격서,PRSPC,PROVISIONAL SPECIFICATION,,,생략
잠정수리활동계약,IRACTR,INTERIM REPAIR ACTIVITY CONTRACT,,,생략
잠정표적,TNTRK,TENTATIVE TRACK,,,생략
잠항,SBMG,SUBMERGE,,,생략
잠항잠수함최단접근선,LLSA,LIMIT LINE OF SUBMERGED APPROACH,LLSA,,생략
잡곡,CEREALS,CEREALS,,,생략
잡급,SDRPAY,SUNDRY PAYMENTS,,,생략
잡무,MCDY,MISCELLANEOUS DUTY,,,생략
잡비,SDRS,SUNDRIES,,,생략
잡유,ETCOIL,ET CETERA OIL,,,생략
잡음,NOISE,NOISE,,,생략
잡종재산,MSPRP,MISCELLANEOUS PROPERTY,,,생략
잡종지,MSLND,MISCELLANEOUS LAND,,,생략
잡철,MMTL,MISCELLANEOUS METAL,,,생략
잡초,WEEDS,WEEDS,,,생략
장,CHIF,CHIEF,,,생략
장,LONG,LONG,,,생략
장,CHTR,CHAPTER,,,생략
장갑,ARMOR,ARMOR,,,생략
장갑,GLVS,GLOVES,,,생략
장갑차량,AMVHC,ARMORED VEHICLE,,,생략
장갑포,ARMRDATLRY,ARMORED ARTILLERY,,,생략
장거리,LNDST,LONG DISTANCE,,,생략
장거리수송,LDT,LONG DISTANCE TRANSPORTATION,,,생략
장격,DRBLT,DURABILITY,,,생략
장경,INTRVL,INTERVAL,,분류어,생략
장관,MNST,MINISTER,,,생략
장교,CMOFCR,COMMISSIONED OFFICER,,,생략
장교후보생구분코드,COCDVCD,COMMISSIONED OFFICER CADET DIVISION CODE,,분류어,생략
장구,OUTF,OUTFIT,,,생략
장군,GNR,GENERAL,,,생략
장기,INTORG,INTERNAL ORGAN,,,생략
장기,LNTM,LONG TIME,,,생략
장기계속계약,LTCTR,LONG TERM CONTRACT,,,생략
장기국채,LNTRMBND,LONG TERM BOND,장국,,생략
장기단기구분코드,LSHTDCD,LONG AND SHORT TERM DIVISION CODE,,분류어,생략
장기복무,LNTMSVC,LONG TIME SERVICE,,,생략
장기복무제대군인,LCRR,LONG SERVICE DISCHARGEED SOLIDER,,,생략
장기집합투자증권,LGIS,LONG TIME GATHERING INVESTMENT  SECURITIES,,,생략
장난감,TOY,TOY,,,생략
장단기,LNSHTRM,LONG AND SHORT TERM,,,생략
장단점,PRSNCNS,PROS AND CONS,,,생략
장딴지,CALF,CALF,,,생략
장래,FUTU,FUTURE ,,,생략
장려,ENCR,ENCOURAGEMENT,,,생략
장려상,ECGZ,ENCOURAGEMENT PRIZE,,,생략
장려수당,ENCALW,ENCOURAGEMENT ALLOWANCE,,,생략
장력,TENSN,TENSION,,분류어,생략
장례,FNRL,FUNERAL,,,생략
장르,GENRE,GENRE ,,,생략
장면,SCENES,SCENES,,,생략
장모,WFMTH,WIFE´S MOTHER,,,생략
장물죄,RCVSTLP,RECEIVING STOLENPROPERTY,,,생략
장벽,BARR,BARRIER,,,생략
장병,MILPSN,MILITARY PERNONNEL,,,생략
장부,ACCBK,ACCOUNT BOOK,,,생략
장부가격,BKVAL,BOOK VALUE,"장부가액,장부금액,장부가금액,장부가",,생략
장부대비,BOKCOM,BOOKS COMPARISON,,,생략
장비,EQP,EQUIPMENT,,,생략
장비가동률,EQRT,EQUIPMENT RUN RATE,장비가동율,,생략
장비검사종류구분코드,EICD,EQUIPMENT INSPECTION CATEGORY CODE,,분류어,생략
장비결함발견시기구분코드,EQDFDCPEDVCD,EQUIPMENT DEFECT DISCOVERY PERIOD DIVISION CODE,,분류어,생략
장비계획,EQPPLN,EQUIPMENT PLAN,,,생략
장비계획번호,EQPPNO,EQUIPMENT PLAN NUMBER,,분류어,생략
장비고장,EQTB,EQUIP TROUBLE,,,생략
장비고장기간,DLNTRM,DEADLINE TERM,DL기간,분류어,생략
장비관리구분코드,EMICD,EQUIPMENT MANAGEMENT INDICATOR CODE,,분류어,생략
장비그룹코드,EQGRPCD,EQUIPMENT GROUP CODE,,분류어,생략
장비기능코드,EFCD,EQUIPMENT FUNCTION CODE,,분류어,생략
장비대당유지비,MCPEQP,MAINTENANCE COST PER EQUIPMENT,장비대당유지비용,,생략
장비등급코드,EGCD,EQUIPMENT GRADE CODE,,분류어,생략
장비등록번호,ERNO,EQUIPMENT REGISTRATION NUMBER,,분류어,생략
장비번호,EQNO,EQUIPMENT NUMBER,,분류어,생략
장비별진지형태구분코드,EBYENCMCD,EQUIPMENT BY ENCAMPMENT SHAPE SECTION CODE,,분류어,생략
장비부수기재,OEM,ON EQUIPMENT MATERIAL,,,생략
장비분류코드,CATGCD,EQUIPMENT CLASSIFICATION CODE,,분류어,생략
장비상태코드,ESCD,EQUIPMENT STATE CODE,,분류어,생략
장비성능시험공구,EPTS,EQUIPMENT PERFORMANCE TEST SET,,,생략
장비수량증감사유코드,EQINDRCD,EQUIPMENT QUANTITY INCREASE AND DECREASE REASON CODE,,분류어,생략
장비예정복구시간재작전예상시간,ETRO,ESTIMATED TIME RETURN-TO-OPERATIONS,,,생략
장비운행증빙서번호,EMVNO,EQUIPMENT MOVEMENT VOUCHER NUMBER,,분류어,생략
장비유지비,EQMTCST,EQUIPMENT MAINTENANCE COST,,,생략
장비재고번호,EQPSTCKNO,EQUIPMENT STOCK NUMBER,,분류어,생략
장비적용코드,EQAPLCD,EQUIPMENT APPLY CODE,,분류어,생략
장비정보신뢰도코드,EQINFORLBCD,EQUIPMENT INFORMATION RELIAVILITY CODE,,분류어,생략
장비정비기록부,EML,EQUIPMENT MAINTENANCE LOG,,,생략
장비정수,EQALWC,EQUIPMENT ALLOWANCE,,,생략
장비종합이력부,EQHSTBK,EQUIPMENT HISTORY BOOK,,,생략
장비코드,FAMC,FUNCTION APPLICATION MODEL CODE,,분류어,생략
장비코드번호,INPEQPCODENO,INSPECTIONEQUIPMENTCODE NUMBER,,분류어,생략
장비통제코드,ECCD,EQUIPMENT CONTROL CODE,,분류어,생략
장비편제용도코드,EQORGPCD,EQUIPMENT ORGANIC PURPOSE CODE,,분류어,생략
장비표준화번호,ESNO,EQUIPMENT STANDARDIZATION NUMBER,,분류어,생략
장비표준화코드,STECD,STANDARDIZATION EQUIPMENT CODE,,분류어,생략
장비품목구분코드,EQPITEMDVSCD,EQUIPMENT ITEM DIVISION CODE,,분류어,생략
장사정포,LRA,LONG RANGE ARTILLERY,,,생략
장성급,GNRLVL,GENERAL-LEVEL,,,생략
장소,PLC,PLACE,,,생략
장수,COUNT,COUNT,,,생략
장식품,ORNMNT,ORNAMENT,,,생략
장애,OBS,OBSTACLE,,,생략
장애급여구분코드,OBPDCD,OBSTACLE PAY DIVISION CODE,,분류어,생략
장애등급코드,OBSTGRCD,OBSTACLE GRADE CODE,,분류어,생략
장애물,OBST,OBSTACLE,,,생략
장애물개척장비유형코드,OBSBREQTYCD,OBSTRUCTION BREACH EQUIPMENT TYPE CODE,,분류어,생략
장애물구분코드,OBSTDVCD,OBSTACLE DIVISION CODE,,분류어,생략
장애물군,OBTBT,OBSTACLE BELT,,,생략
장애물군번호,OBTBTNO,OBSTACLE BELT NUMBER,,분류어,생략
장애물대번호,OBSBTNO,OBSTACLE SUPERIOR BELT NUMBER,,분류어,생략
장애물목록구분코드,OBSTCTLGDVCD,OBSTACLE CATALOGUE DIVISION CODE,,분류어,생략
장애물번호,OBSTNO,OBSTACLE NUMBER,,분류어,생략
장애물임무구분코드,OBSTRNMSCD,OBSTRUCTION MISSION SECTION CODE,,분류어,생략
장애물자재,OBSMTRL,OBSTRUCTION MATERIAL,,,생략
장애물종류코드,OBCGCD,OBSTACLES CATEGORY CODE,,분류어,생략
장애물지대,OBSZN,OBSTACLE ZONE,,,생략
장애물지대군,OZB,OBSTACLE ZONE & BELT,,,생략
장애물지대군번호,OZBNO,OBSTACLE ZONE & BELT NUMBER,,분류어,생략
장애물지대번호,OBSZNNO,OBSTACLE ZONE NUMBER,,분류어,생략
장애물진척상태코드,OBSTPRGRCD,OBSTACLE PROGRESS ASSETS CODE,,분류어,생략
장애물특성구분코드,OBSTRNSPQCD,OBSTRUCTION SPECIAL QUALITY SECTION CODE,,분류어,생략
장애물파괴영역코드,OBSTDSTDMCD,OBSTACLE DESTRUCTION DOMAIN CODE,,분류어,생략
장애물형태코드,OBSTSHCD,OBSTACLE SHAPE CODE,,분류어,생략
장애물효과,OBTEFT,OBSTACLE EFFECT,,,생략
장애물효과코드,OBTEFTCD,2OBSTACLE EFFECT CODE,,분류어,생략
장애유형코드,OBSTPCD,OBSTACLE TYPE CODE,,분류어,생략
장애인,DSABPSN,DISABLED PERSON,장애자,,생략
장약,CHARGE,CHARGE,,,생략
장음,LGDRD,LONG-DRAWN SOUND,,,생략
장인,WFFTH,WIFE´S FATHER,,,생략
장입,PINFL,PUT IN FUEL,,,생략
장자폭,LONGSFAT,LONG SUICIDAL ATTACK,,,생략
장전,ARMING,ARMING,,,생략
장점,ADVNTG,ADVANTAGE,,,생략
장주,CIRCUIT,CIRCUIT,,,생략
장차,FUTR,IN FUTURE,,,생략
장착,MNTEQ,MOUNT EQUIPMENT,,,생략
장착일자,MNTEQDT,MOUNT EQUIPMENT DATE,장착일,,생략
장축,MJAXIS,major axis,,,생략
장치,EQPMT,EQUIPMENT,,,생략
장탈,UMNTEQ,UNMOUNT EQUIPMENT,,,생략
장탈일자,UMNTEQDT,UNMOUNT EQUIPMENT DATE,장탈일,,생략
장탈착,MUMEQ,MOUNT AND UNMOUNT EQUIPMENT,,,생략
장탈착구분코드,MUEDCD,MOUNT AND UNMOUNT EQUIPMENT DIVISION CODE,,분류어,생략
장티푸스,TYPHD,TYPHOID,,,생략
장해,HNDRC,HINDRANCE,,,생략
재,RE,RE,,,생략
재가입,RESBSCRB,SUBSCRIPTION AGAIN,,,생략
재개,RESMPT,RESUMPTION,,,생략
재개발,REDEVP,REDEVELOPMENT,,,생략
재개통,ONGN,OPEN AGAIN,,,생략
재검사,REINSP,REINSPECTION,재검,,생략
재검증,REVRFC,REVERIFICATION,,,생략
재검토,REXMN,REEXAMINATION,,,생략
재결,DECSN,DECISION,,,생략
재경,STSEOUL,STAY IN SEOUL,,,생략
재계산,RECALC,RECALCULATION,,,생략
재고,STCK,STOCK,,,생략
재고고갈,ZB,ZERO BALANCE,,,생략
재고고갈률,ZBRT,ZERO BALANCE RATE,재고고갈율,,생략
재고고갈원인코드,ZBCCD,ZERO BALANCE CAUSE CODE,,분류어,생략
재고관리,IVTMGT,INVENTORY MANAGEMENT,,,생략
재고기금,STCFND,STOCK FUND,,,생략
재고량,STCKQTY,STOCK QUANTITY,재고수량,,생략
재고보유량,OH,ON HAND,,,생략
재고장,DCGN,DEFECT AGAIN,,,생략
재고전환,STCCVS,STOCK CONVERSION,,,생략
재고출납구분코드,IOICD,INCOMING AND OUTGOING INDICATOR CODE,,분류어,생략
재고통제,IVTCTR,INVENTORY CONTROL,,,생략
재고품,INVT,INVENTORY,,,생략
재고회전율,STRTRT,STOCK ROTATION RATE,,,생략
재공격건의,RR,REATTACK RECOMMENDATION,,,생략
재공고,REPBLANC,PUBLIC ANNOUNCEMENT AGAIN,,,생략
재기,RECOVR,RECOVER ,,,생략
재난,DSTR,DISASTER,,,생략
재난통제,DSTCTR,DISASTER CONTROL,,,생략
재대출,LGN,LOAN AGAIN,,,생략
재등록,RERGIST,REGISTER AGAIN,,,생략
재래,CNVNL,CONVENTIONAL,,,생략
재래식,CONVL,CONVENTION,,,생략
재래식무기,CVWNS,CONVENTIONAL WEAPONS,,,생략
재래식탄약,CVTAMN,CONVENTIONAL AMMUNITION,,,생략
재료,RAWMTR,RAW MATERIAL,,,생략
재료대,STFAMNT,STUFF AMOUNT,,,생략
재료대금액,STAMT,STUFF AMOUNT AMOUNT OF MONEY,,,생략
재료비,RWMTRCST,RAW MATERIAL COST,재료비용,,생략
재무,FNAFR,FINANCIAL AFFAIRS,,,생략
재무관,FINR,FINANCIER,,,생략
재무관리,FNMGT,FINANCIAL MANAGEMENT,,,생략
재무보고서구분코드,FARDCD,FINANCIAL AFFAIRS REPORT DIVISION CODE,,분류어,생략
재무제표,FNSTMT,FINANCIAL STATEMENTS,,,생략
재무회계,FA,FINANCIAL ACCOUNTING,AF,,생략
재물,PRPTY,PROPERTY,,,생략
재물조사,INVNV,INVENTORY INVESTIGATION,,,생략
재물조정,IVADJT,INVENTORY ADJUSTMENT,,,생략
재물조정일자,IVADJTDT,INVENTORY ADJUSTMENT DATE,재물조정일,,생략
재반송,AGARTN,AGAIN RETURN,,,생략
재발급,REISS,REISSUE,,,생략
재발급일자,REISSDT,REISSUE DATE,재발급일,,생략
재발송,RESND,RESENDING,,,생략
재발행,REISU,ISSUE AGAIN,,,생략
재배,CTVT,CULTIVATION,,,생략
재배시험,CTXR,CULTIVATION EXPERIMENT,,,생략
재배열,RESAMP,RESAMPLING,,,생략
재배정,REAPTMT,REAPPORTIONMENT,,,생략
재배치,REPOST,REPOSTING,,,생략
재변,CHGSTK,CHANGE OF STOCK,,,생략
재보급,RESUP,RESUPPLY,,,생략
재보험,REINSRN,REINSURANCE,,,생략
재복무,RESVC,RE-SERVICE,,,생략
재복무자,RESVCR,RE-SERVICE PERSON,,,생략
재부여,ALWGN,ALLOWANCE AGAIN,,,생략
재분류,RECLS,RECLASSIFICATION,,,생략
재분류부호,RCLSSGN,RECLASSIFICATION SIGN,,분류어,생략
재분배,REDSTRB,REDISTRIBUTION,,,생략
재분배확인서,VRDO,VERIFICATION REDISTRIBUTION ORDER,,,생략
재산,PRPT,PROPERTY,,,생략
재산관리관,PMO,PROPERTY MANAGEMENT OFFICER,,,생략
재산권,PRPTRGT,PROPERTY RIGHT,,,생략
재산대장,PRPTBK,PROPERTY BOOK,,,생략
재산명시제도,PCSSYS,PROPERTY CLEAR STATEMENT SYSTEM,,,생략
재산조회제도,PINQSYS,PROPERTY INQUIRY SYSTEM,,,생략
재산출자,PRPRINVST,PROPERTY INVESTMENT,,,생략
재생,PLYBK,PLAYBACK,,,생략
재생,RBLD,REBUILD,,,생략
재생산,REPRDC,REPRODUCTION,,,생략
재생일자,RBLDT,REBUILD DATE,재생일,,생략
재생품,RPITM,REPAIR ITEM,,,생략
재선거,REELCT,REELECTION,,,생략
재선택,CCGN,CHOICE AGAIN,,,생략
재설계,REDSGN,REDESIGN,,,생략
재설정,RESETUP,SETUP AGAIN,,,생략
재설치,ISLGN,INSTALLATION AGAIN,,,생략
재송신,RESEND,RESENDING,,,생략
재수납,RERCIV,RECEIVE AGAIN,,,생략
재수리,RERPR,REPAIR AGAIN,,,생략
재수집,RECLECT,RECOLLECTION,,,생략
재수탁,RETRST,RETRUST,,,생략
재수행,ECGN,EXECUTION AGAIN,,,생략
재승인,REAPR,REAPPROVAL,,,생략
재시,RMATCH,REMATCH ,,,생략
재시도,RETRY,RETRY,,,생략
재시작,RESTRT,RESTART,,,생략
재신고,RESTTEMNT,STATEMENT AGAIN,,,생략
재신청,REREQST,REQUEST AGAIN,,,생략
재심,RETRIAL,RETRIAL,,,생략
재심사,REJDGE,REJUDGEMENT,,,생략
재연소장치,AFB,AFTERBURNER,,,생략
재연장,REEXTN,RE EXTENSION,,,생략
재외,OVRSEA,OVERSEAS,,,생략
재외근무,OVRWRK,OVERSEAS WORK,,,생략
재외근무지역코드,OWRCD,OVERSEAS WORK REGION CODE,,분류어,생략
재요청,REREQUST,REQUEST AGAIN,,,생략
재원,STHSPT,STAY HOSPITAL,,,생략
재원,FNRS,FINANCIAL RESOURCES,,,생략
재원심사완료,SJCMP,STAY HOSPITAL JUDGMENT COMPLETION,,,생략
재원일수,SNUMD,STAY HOSPITAL NUMBER OF DAY,,,생략
재원환자,INPTNT,AN INPATIENT,"재원자,입원자,입원환자",,생략
재위임,REMNDT,RE-MANDATE,,,생략
재위탁,RECNSIGN,RE-CONSIGN,,,생략
재유치,CFNN,CONFINEMENT AGAIN,,,생략
재이동,MVGN,MOVEMENT AGAIN,,,생략
재임용,REEMPLY,RE-EMPLOYMENT,,,생략
재입국,REENTRY,REENTRY,,,생략
재입금,REDPSIT,REDEPOSIT,,,생략
재입찰,REBID,REBID,,,생략
재입학,READMS,READMISSION,,,생략
재작성,REWRT,REWRITE,,,생략
재작업,REWORK,REWORK,,,생략
재적,VOLUM,VOLUME,,,생략
재적용,REAPLC,REAPPLICATION,,,생략
재전송,RSND,RESEND,,,생략
재접속,RECONECT,RE CONNECT,,,생략
재정,FNC,FINANCE,,,생략
재정거래유형1단계코드,FTTS1CD,FINANCE TRANSACTION TYPE FIRST STEP CODE,,분류어,생략
재정거래유형2단계코드,FTTS2CD,FINANCE TRANSACTION TYPE SECOND STEP CODE,,분류어,생략
재정거래유형3단계코드,FTTS3CD,FINANCE TRANSACTION TYPE THIRD STEP CODE,,분류어,생략
재정거래유형4단계코드,FTTS4CD,FINANCE TRANSACTION TYPE FOURTH STEP CODE,,분류어,생략
재정거래유형5단계코드,FTTS5CD,FINANCE TRANSACTION TYPE FIFTH STEP CODE,,분류어,생략
재정경제부,MFE,THE MINISTRY OF FINANCE AND ECONOMY,재경부,,생략
재정구분코드,FDCD,FINANCE DIVISION CODE,,분류어,생략
재정번호,FNNO,FINANCE NUMBER,,분류어,생략
재정비,REFIT,REFITTING ,,,생략
재정사업자율평가제도,PARTL,PROGRAM ASSESSMENT RATING TOOL,자율평가,,생략
재정상태보고서,FCSRPT,FINANCIAL STANDING REPORT,,,생략
재정운영보고서,ICSTM,INCOME STATEMENT,,,생략
재정융자특별회계,SFA,SPECIAL FINANCE ACCOUNT,,,생략
재정의,REDEF,REDEFINITION,,,생략
재조정,READJST,READJUSTMENT,,,생략
재지급,PAYAGN,PAYMENT AGAIN,,,생략
재지정,REDRTN,REDIRECTION,,,생략
재직,HLDOFC,HOLD OFFICE,,,생략
재진,SNDMDEXM,MORE THAN FIRST MEDICAL EXAMINATION,,,생략
재진가산,SMEX,MORE THAN FIRST MEDICAL EXAMINATION ADDITION,,,생략
재진료,SNDMDEXMFEE,MORE THAN FIRST MEDICAL EXAMINATION FEE,,,생략
재진예약,SMRSV,MORE THAN FIRST MEDICAL EXAMINATION RESERVATION,,,생략
재진입,REENT,REENTRY,,,생략
재진횟수,SMNUM,MORE THAN FIRST MEDICAL EXAMINATION NUMBER OF TIMES,,,생략
재질,QLTMTR,QUALITY OF MATERIAL,,,생략
재질피로한계,LCF,LOW CYCLE FATIGUE,,,생략
재차,SCNDTM,SECOND TIME,,,생략
재처리,REHNDL,REHANDLE,,,생략
재청구,RERQEST,REQUEST AGAIN,,,생략
재청구점,RP,REORDER POINT,,,생략
재충전,RECHRG,RECHARGE,,,생략
재택,HMTRC,HOME TRANSACTION,,,생략
재택근무,TLCOMPUT,TELECOMMUTING,,,생략
재판,JDGMNT,JUDGMENT,,,생략
재판결과코드,JDGRSTCD,JUDGMENT RESULT CODE,,분류어,생략
재판관할권,RHJSD,RIGHT OF JURISDICTION,,,생략
재판매,BUYBACK,BUY-BACK,,,생략
재판문서,JDGMTDOC,JUDGEMENT DOCUMENT,,,생략
재판서편철,RULLING,WRITTEN JUDGMENT,,,생략
재판서편철번호,CORCD,COURT RECORDS,,,생략
재판소,COURT,COURT,,,생략
재판진행상태코드,JDGPRGSCD,JUDGMENT PROGRESS STATE CODE,,분류어,생략
재판청구권,RSCRT,RIGHT OF ACCESS TO COURTS,,,생략
재편성,REORG,REORGANIZATION,재편,,생략
재평가,REVAL,REVALUATION,,,생략
재학,BESCHL,BEING IN SCHOOL,,,생략
재항고,REAPL,RE-APPEAL,,,생략
재해,DSSTR,DISASTER,,,생략
재해구분코드,DSTDCD,DISASTER DIVISION CODE,,분류어,생략
재해등급코드,DSTGCD,DISASTER GRADE CODE,,분류어,생략
재해위로금,CMYB,CALAMITY BONUS,,,생략
재허가,REPRMISN,RENEWAL OF PERMISSION,,,생략
재형,BLDPT,BUILD PROPERTY,,,생략
재형저축,WRSSS,WORKER´S ASSET BUILDING SAVINGS,,,생략
재혼,SECM,SECOND MARRIAGE,,,생략
재혼금지기간,PPREMRG,PERIOD OF THE PROHIBITION OF REMARRIAGE,,,생략
재화,CMDTY,COMMODITY,,,생략
재화중량톤수,DWGHTN,DEADWEIGHT TONNAGE,,,생략
재확인,RECNFRM,RECONFIRM,,,생략
재활,REHBTN,REHABILITATION,,,생략
재활용,REUSE,REUSE,,,생략
저,LOW,LOW,,,생략
저가,LPRC,LOW PRICE,,,생략
저고도항적통합전시체계,LATI,LOW ALTITUDE TRACK INTEGRATOR,,,생략
저널,JRNL,JOURNAL,,,생략
저녁,DINNR,DINNER ,,,생략
저당,MRTG,MORTGAGE,,,생략
저당증권,MGDR,MORTGAGE DEBENTURE,,,생략
저림,TINGLE,TINGLING,,,생략
저상버스,LWFLBUS,LOW FLOOR BUS,,,생략
저서,LTRRY,LITERARY,,,생략
저소득자,PWDSI,PERSON WHO DRAWS A SMALL INCOME,,,생략
저속,LWSPD,LOW SPEED,,,생략
저수,STRWTR,STORAGE OF WATER,,,생략
저수지,RSVR,RESERVOIR,,,생략
저염식,HPLR,HYPOCHLORIZATION,,,생략
저온,LWTPRT,LOW TEMPERATURE,,,생략
저유,SVOIL,SAVE OIL,,,생략
저유비,OILSTCST,OIL STORING COST,,,생략
저유소,STROIL,STORING PLACE FOR OIL,,,생략
저자,ATHR,AUTHOR,,,생략
저장,STRG,STORAGE,,,생략
저장,SAVE,SAVE,,,생략
저장가능품목,SPI,STORAGE POSSIBLE ITEM,SPI,,생략
저장검사,INSPSTR,INSPECTION OF STORAGE,,,생략
저장공간,STSPC,STORAGE SPACE,,,생략
저장능력,STRCP,STORAGE CAPACITY,,,생략
저장대,SHFSTR,SHELF FOR STORING,,,생략
저장대번호,SFSNO,SHELF FOR STORING NUMBER,,분류어,생략
저장대유형코드,SRTCD,STORING TYPE CODE,,분류어,생략
저장번호이용자목록,SNUD,STOCK NUMBER USER DIRECTORY,,,생략
저장부대,STUNT,STORAGE UNIT,,,생략
저장소,STRPL,STORING PLACE,,,생략
저장수명,SHLFLF,SHELF LIFE,,,생략
저장수준,SL,STOCK LEVEL,,,생략
저장시설,STRGPRPT,STORAGE PROPERTIES,,,생략
저장시험검사서,STRTP,STORAGE TEST PROCEDURE,,,생략
저장신뢰성시험,SRTP,STOCKPILE RELIABILITY TEST PROGRAM,,,생략
저장위치,STRLOC,STORAGE LOCATION,,분류어,생략
저장유형,SATP,SAVE  TYPE,,,생략
저장중검사,IIS,INSPECTION IN STORAGE,,,생략
저장탄약시험절차서,ASTP,AMMUNITION STOCKPILE TEST PROCEDURE,,,생략
저장탄약신뢰성평가,ASRP,AMMUNITION STOCKPILE RELIABILITY PROGRAM,ASRP,,생략
저장품,STOCK,STOCK,,,생략
저장품목특성코드,SICCD,STORAGE ITEM CHARACTERISTICS CODE,,분류어,생략
저장화생방물자신뢰성평가,CSRP,CHEMICAL MATERIAL STOCKPILE RELIABILITY PROGRAM,,,생략
저장화생방물자신뢰성평가결과코드,CSRPRCD,CHEMICAL MATERIAL STOCKPILE RELIABILITY PROGRAM RESULT CODE,,분류어,생략
저조,LWTD,LOW TIDE,,,생략
저지,BLCKG,BLOCKING,,,생략
저질,LWQLT,LOW QUALITY,,,생략
저촉,CNFLC,CONFLICT,,,생략
저축,SVNG,SAVING,,,생략
저축구분코드,SVNGDCD,SAVING DIVISION CODE,,분류어,생략
저축대부공제구분코드,SLSDCD,SAVING LOANING SUBTRACTION DIVISION CODE,,분류어,생략
저축대부종류코드,SLKCD,SAVING LOANING KIND CODE,,분류어,생략
저항,RSTC,RESISTANCE,,,생략
저항권,RSSTRT,RIGHT OF RESISTANCE,,,생략
저항치,RSTPW,RESISTING POWER,,,생략
저해,OBSTRC,OBSTRUCTION,,,생략
저혈압,HYPTN,HYPOTONIA,혈압저,,생략
적,ENMY,ENEMY,,,생략
적,ICAL,ICAL,,,생략
적격,PROQLF,PROPER QUALIFICATION,,,생략
적격성조사제도,VFM,VALUE FOR MONEY,,,생략
적격심사,SCRTST,SCREENING TEST,,,생략
적격심사결과코드,SCTSRLTCD,SCREENING TEST RESULT CODE,,분류어,생략
적격심사위원회,SCRCMT,SCREENING COMMITTEE,,,생략
적격심사일자,SCRTSDT,SCREENING TEST DATE,적격심사일,,생략
적경,RGTAC,RIGHT ASCENSION,,분류어,생략
적공격유형코드,ENMYATKTYCD,ENEMY ATTACK TYPE CODE,,분류어,생략
적공군,ENMAF,ENEMY AIR FORCE,,,생략
적공군SAM기지구분코드,ENSAMBSDVCD,ENEMY AIR FORCE SAM BASE DIVISION CODE,,분류어,생략
적공군고사포배치기지구분코드,ENAGARBSDVCD,ENEMY AIR FORCE ANTI-AIRCRAFT GUN ARRANGEMENT BASE DIVISION CODE,,분류어,생략
적관측소유형코드,ENMOPTPCD,ENEMY OBSERVATION POST TYPE CODE,,분류어,생략
적군,ET,ENEMY TROOP,,,생략
적군구분코드,ETDVSCD,ENEMY TROOP DIVISION CODE,,분류어,생략
적군병종코드,ETASPCD,ENEMY TROOP ARMS SPECIAL TIES CODE,,분류어,생략
적금,ISTSVG,INSTALLMENT SAVINGS,,,생략
적기,RGTM,THE RIGHT TIME,,,생략
적기도,ENMITN,ENEMY INTENTION,,,생략
적기지,EFCLTS,ENEMY FACILITIES,,,생략
적기지구분코드,EFCLTSDVCD,ENEMY FACILITIES DIVISION CODE,,분류어,생략
적란운,CMLMBS,CUMULONIMBUS,,,생략
적립,ACMLT,ACCUMULATION,,,생략
적립금,RSV,A RESERVE,"적립금액,적립액",,생략
적발,DISCL,DISCLOSE ,,,생략
적방책분석,ECOAA,ENEMY COURSE OF ACTION ANALYSIS,,,생략
적방책비교항목코드,ENCOACMPITCD,ENEMY COURSE OF ACTION COMPARISON ITEM CODE,,분류어,생략
적법,LGAL,LEGALITY,,,생략
적병력,ENMILPW,ENEMY MILITARY POWER,,,생략
적병력구분코드,ENMILPWDVCD,ENEMY MILITARY POWER DIVISION CODE,,분류어,생략
적병력코드,ENMYMILPWCD,ENEMY MILITARY POWER CODE,,분류어,생략
적부,PRPRT,PROPRIETY,,,생략
적부대,ENMUNT,ENEMY UNIT,,,생략
적부대간격구분코드,EMUNTGAPCD,ENEMY UNIT GAP SECTION CODE,,분류어,생략
적부대데이터상태코드,ENMUNTDTSTCD,ENEMY UNIT DATA STATE CODE,,분류어,생략
적부대코드,ENMYUC,ENEMY UNIT CODE,,분류어,생략
적색,RED,RED,,,생략
적색선하증권,REDBL,RED BILL OF LADING,,,생략
적설,DSNW,DEEP SNOW,,,생략
적설량,DSNWQNTY,DEEP SNOW QUANTITY,,분류어,생략
적설상태코드,DSNWSTACD,DEEP SNOW STATE CODE,,분류어,생략
적성,HSTLT,HOSTILITY,,,생략
적성물자,HSTMT,HOSTILE MATERIAL,,,생략
적소,PRPLC,PROPER PLACE,,,생략
적시,PRPTM,PROPER TIME,,,생략
적시설,ENMINSTLTN,ENEMY INSTALLATION,,,생략
적시설구분코드,ENMINSTLDVCD,ENEMY INSTALLTION DIVISION CODE,,분류어,생략
적시설분류코드,ENMINSTLCLCD,ENEMY INSTALLATION CLASSIFICATION CODE,,분류어,생략
적시성,TIMLNS,TIMELINESS,,,생략
적십자,RDCRS,THE RED CROSS SOCIETY,,,생략
적아식별기,IFFS,IDENTIFICATION FRIEND OR FOE,"피아식별기,적아식별장비",,생략
적외선,IRD,INFRARED,,,생략
적외선미사일연속발사간격시간,IMCSITM,INFRARED MISSILE CONTINUATION SHOT INTERVAL TIME,,,생략
적외선미사일연속발사개수,IRMSLCNTSTNM,INFRARED MISSILE CONTINUATION SHOT NUMBER,,,생략
적외선방해방어책,IRCCM,INFRARED COUNTER COUNTER MEASURES,,,생략
적외선방해책,IRCM,INFRARED COUNTER MEASURES,,,생략
적외선영상,IMGIR,IMAGING INFRARED,,,생략
적요,SUMRY,SUMMARY,,,생략
적용,APLY,APPLY,,,생략
적용구분코드,APLDVCD,APPLY DIVISION CODE,,분류어,생략
적용대상코드,ATCD,APPLICATION TARGET CODE,,분류어,생략
적용번호,APLYNO,APPLY NUMBER,,분류어,생략
적용일시,APLT,APPLY DATE AND TIME,,,생략
적용일자,APLYDT,APPLY DATE,적용일,,생략
적위,DCLN,DECLINATION,,분류어,생략
적위협,ENMTHR,ENEMY THREAT,,,생략
적유도탄기지구분코드,ENGDMSLBDVCD,ENEMY GUIDED MISSILE BASE DIVISION CODE,,분류어,생략
적응,ADPTN,ADAPTION,,,생략
적응유지보수,ADTMTN,ADAPTIVE MAINTENANCE,"적응적보수,적응적유지보수",,생략
적인물,ENMPRSN,ENEMY PERSON,,,생략
적일일활동구분코드,ENEDACTDVCD,ENEMY EACH DAY ACTIVITY DIVISION CODE,,분류어,생략
적장비,ENMEQP,ENEMY EQUIPMENT,,,생략
적장비코드,ENMYFAMC,ENEMY FUNCTION APPLICATION MODEL CODE,,분류어,생략
적장애물도시요소코드,ENOBSTDPCD,ENEMY OBSTACLE DISPLAY ITEM CODE,,분류어,생략
적재,LOADNG,LOADING,,,생략
적재능력,LDCP,LOADING CAPACITY,,,생략
적재목록,MNFST,MANIFEST,MANIFEST,,생략
적재목록번호,MNFSTNO,MANIFEST NUMBER,,분류어,생략
적재물,CRGBD,CARGO ON BOARD,,,생략
적재수송,SHPMT,SHIPMENT,,,생략
적재수송계획번호,SHPLNO,SHIPMENT PLAN NUMBER,,분류어,생략
적재수송명령,SHPORD,SHIPMENT ORDER,,,생략
적재수송일자,SHPMDT,SHIPMENT DATE,적송일,,생략
적재수송증빙서번호,SVNO,SHIPMENT VOUCHER NUMBER,,분류어,생략
적재율,LDNGRT,LOADING RATE,적재비율,,생략
적재일자,LDNGDT,LOADING DATE,적재일,,생략
적재중량,WGTBRD,WEIGHT ON BOARD,,,생략
적재함,LDSHP,LOADSHIP,,,생략
적전투서열,EOB,ENEMY ORDER OF BATTLE,,,생략
적전투서열번호,EOBNO,ENEMY ORDER OF BATTLE NUMBER,,분류어,생략
적절,PRPER,PROPER,,,생략
적정,PRPRTY,PROPRIETY,,,생략
적정가격,PRTPC,PROPRIETY PRICE,,,생략
적정보별칭구분코드,ENINFALSDVCD,ENEMY INFORMATION ALIAS DIVISION CODE,,분류어,생략
적정용량,OPTDS,OPTIMUM DOSE,,,생략
적정재고수준,OSL,OPTIMUM STOCKAGE LEVEL,,,생략
적중,HIT,HIT,,,생략
적지,ENMTR,ENEMY`S TERRITORY,,,생략
적지종심,ENMLND,ENEMY LAND,,,생략
적지종심작전,DPOP,DEEP OPERATIONS,,,생략
적지종심작전팀,DPOPTM,DEEP OPERATIONS TEAM,,,생략
적체,PILEUP,PILEUP,,,생략
적출,EXTRCTG,EXTRACTING,,,생략
적침투전술보고서유형코드,ENMITRPTTYCD,ENEMY INFILTRATION TACTICS REPORT TYPE CODE,,분류어,생략
적통제수단구분코드,ENMYMEDVCD,ENEMY CONTROL MEASURES DIVISION CODE,,분류어,생략
적통제수단번호,ENMYMENO,ENEMY CONTROL MEANS NUMBER,,분류어,생략
적포문수,ENGNCNT,ENEMY NUMBERS OF GUN,,분류어,생략
적하,STWG,STOWAGE,적화,,생략
적하목록취합시스템,MFCS,MANIFEST CONSOLIDATION SYSTEM,,,생략
적하보험,IRNC,INSURANCE ON CARGO,,,생략
적하일자,STWGDT,STOWAGE DATE,"적화일자,적화일,적하일",,생략
적하화,STWCGUL,STOWAGE AND CARGO UNLOAD,,,생략
적합,STBL,SUITABILITY,,,생략
적합성,ADQC,ADEQUACY,,,생략
적항공기,ENMACFT,ENEMY AIRCRAFT,적기,,생략
적항공기유형코드,ENMACFTTPCD,ENEMY AIRCRAFT TYPE CODE,,분류어,생략
적항공기지구분코드,ENMYARBDVCD,ENEMY AIR BASE DIVISION CODE,,분류어,생략
적해군,ENMNV,ENEMY NAVY,,,생략
적해군기지구분코드,ENMYNSTDVCD,ENEMY NAVAL STATION DIVISION CODE,,분류어,생략
적혈구,RBCS,RED BLOOD CELL,,,생략
적화생방투발수단코드,ENMYNBCTSCD,"ENEMY NUCLEAR, BIOLOGICAL AND CHEMICAL THROW A SHOT MEANS CODE",,분류어,생략
적활동,EACT,ENEMY`S ACTIVITY,,,생략
적활동유형대분류코드,EACTTPLRGCD,ENEMY`S ACTIVITY TYPE LARGE CLASSIFICATION CODE,,분류어,생략
적활동유형소분류코드,EACTTPSMCD,ENEMY`S ACTIVITY TYPESMALL CLASSIFICATION CODE,,분류어,생략
전,WHOL,WHOLE,,,생략
전,BTTL,BATTLE,,,생략
전개,DPLMT,DEPLOYMENT,,,생략
전결,DCD,DECIDE ARBITRARILY,,,생략
전고,OVALHGT,OVERALL HEIGHT,,,생략
전공,MJR,MAJOR,,,생략
전공번호,MJRNO,MAJOR  NUMBER,,분류어,생략
전공사상코드,BILODCD,BATTLE INJURY AND LINE OF DUTY CODE,,분류어,생략
전공상,BILOD,BATTLE INJURY AND LINE OF DUTY,,,생략
전과,CHGMAJ,CHANGE MAJOR,,,생략
전과,WRRSL,WAR RESULTS,,,생략
전광판,ETDSP,ELECTRONIC DISPLAY,,,생략
전광판코드번호,ETDSPCDNO,ELECTROIC DISPLAY CODE NUMBER,,분류어,생략
전구,THTR,THEATER,,,생략
전구고고도지역방어체계,THAAD,Theater of High Altitude Area Defense Missile,,,생략
전구지원선,TSV,THEATER SUPPORT VESSEL,,,생략
전구통합표적,TITGT,THEATER INTEGRATION TARGET,,,생략
전구통합표적번호,TITGTNO,THEATER INTEGRATION TARGET NUMBER,,분류어,생략
전구항공통제본부,TACC,THEATER AIR CONTROL CENTER,,,생략
전국,WHLNAT,WHOLE NATION,,,생략
전군,WHLAM,WHOLE ARMY,삼군,,생략
전군공통,WAC,WHOLE ARMY COMMON,,,생략
전권대사,ABSPLNP,AMBASSADOR PLENIPOTENTIARY,,,생략
전극,ELCTRD,ELECTRODE,,,생략
전극판,ELCTPLT,ELECTRODE PLATE,,,생략
전기,FTRM,FORMER TERM,,,생략
전기,ELCT,ELECTRICITY,,,생략
전기뇌관,ELTRPM,ELECTRIC PRIMER,,,생략
전기말,FSTRM,FIRST TERM END,,,생략
전기수술기,BOVIE,ELECTROSURGERY,,,생략
전기실,ELCRM,ELECTRICITY ROOM,,,생략
전기이월금,BCFLACC,THE BALANCE CARRIED FORWARD FROM THE LAST ACCOUNT,"전기이월금액,전기이월액",,생략
전기전도,ELTCDT,ELECTRIC CONDUCTOR,도전,,생략
전기통신,TELECOM,TELECOMMUNICATION,,,생략
전기회로,ELCTCRCT,ELECTRIC CIRCUIT,회로,,생략
전기회로유형코드,ELCRTYCD,ELECTRIC CIRCUIT TYPE CODE,,분류어,생략
전년도,PYR,PREVIOUS YEAR,"전년,과년도",,생략
전단,FRDED,FORWARD EDGE,,,생략
전단,FLTL,FLOTILLA,,,생략
전단,LFL,Leaflet,,,생략
전단탄,LLBB,LEAFLET BOMB,,,생략
전달,CNV,CONVEY,,,생략
전달자,DLVPS,DELIVERY PERSON,,,생략
전달지수,DIN,DELIVERY INDEX NUMBERS,,,생략
전담,EXRSP,EXCLUSIVE RESPONSIBILITY,,,생략
전담,TKFLCHG,TAKING FULL CHARGE,,,생략
전담관리기관,WPSY,WHOLE RESPONSIBILITY MANAGEMENT INSTITUTION,,,생략
전대,SQDR,SQUADRON,,,생략
전대,SUBLS,SUBLEASE,,,생략
전대번호,SQDRNO,SQUADRON NUMBER,,분류어,생략
전대장,DVSCHF,DIVISION`S CHIEF,,,생략
전도,CDTN,CONDUCTION,,,생략
전동,ELECTR,ELECTRIC ,,,생략
전동기,ELTMTR,ELECTRIC MOTOR,,,생략
전동기출력,EMO,ELECTRIC MOTOR OUTPUT,,,생략
전라남도,JLND,JEOLLANAM-DO,전남,,생략
전라도,JLDO,JEOLLA-DO,,,생략
전라북도,JLBD,JEOLLABUK-DO,전북,,생략
전략,STRTG,STRATEGY,,,생략
전략군수,STRLGST,STRATEGIC LOGISTICS,,,생략
전략물자,STRMTR,STRATEGIC MATERIEL,,,생략
전략예비,STRSV,STRATEGIC RESERVE,,,생략
전략적제휴,STLLC,STRATEGIC ALLIANCE,,,생략
전략정보요구,SIR,Strategy Information Requirements,,,생략
전력,FRC,FORCE,,,생략
전력,EPWR,ELECTRIC POWER,,,생략
전력단위부대,STRUNT,STRATEGY UNIT TROOP,,,생략
전력단위부대코드,STRUNTCD,STRATEGY UNIT TROOP CODE,,,생략
전력배당,APPTMT,APPORTIONMENT,,,생략
전력비,PWEXP,POWER EXPENSES,,,생략
전력소요제기서,FRP,FORCE REQUIREMENT PAPER,,,생략
전력지수,PWRIX,POWER INDEX,,,생략
전력지원체계,WPSS,WAR POTENTIAL SUPPORT SYSTEM,,,생략
전력할당,ALCTN,ALLOCATION,,,생략
전력현황,FRCSTS,FORCE PRESENT STATUS,,,생략
전령,MSGR,MESSENGER,,,생략
전례,PRECEDNT,PRECEDENT,,,생략
전류,ELTCRT,ELECTRIC CURRENTS,,,생략
전류계,AMMTR,AMMETER,,,생략
전리품,WRTRPH,WAR TROPHY,노획품,,생략
전망,PRSP,PROSPECT,,,생략
전면,WHLSRF,THE WHOLE SURFACE,,,생략
전몰,DTHBTL,DEATH IN BATTLE,,,생략
전무,NEXSTC,NONEXISTENCE,,,생략
전문,MSGTXT,MESSAGE TEXT,,,생략
전문,SPCLT,SPECIALITY,,,생략
전문가,EXPRT,EXPERT,,,생략
전문가추정,EOE,EXPERT OPINION ESTIMATION,,,생략
전문관리기관시스템,SMINSTSYS,SPECIALITY MANAGEMENT INSTITUTION SYSTEM,,,생략
전문교육,TCHEDU,TECHNICAL EDUCATION,,,생략
전문구분코드,MSGTXTDVSCD,MESSAGE TEXT DIVISION CODE,,분류어,생략
전문병,SPCCS,SPECIALITY COMMON SOLDIER,,,생략
전문성,EXPTS,EXPERTISE,,,생략
전문양식체계,MTF,MESSAGE TEXT FORMAT,MTF,,생략
전문연구기관,RSCHAGC,RESEARCH AGENCY,연구기관,,생략
전문의,MDCSPC,MEDICAL SPECIALIST,전담의,,생략
전문자격,SPCQLF,SPECIALITY QUALIFICATION,,,생략
전문자격부호,SQSIGN,SPECIALITY QUALIFICATION SIGN,,분류어,생략
전문자격코드,SPCQLFCD,SPECIALITY QUALIFICATION CODE,,분류어,생략
전문조합,SPTSC,SPECIALITY ASSOCIATION,,,생략
전문처리,MSGPS,MESSAGE PROCESSING,,,생략
전문하사,SPCSSG,SPECIALITY STAFF SERGEANT,,,생략
전문화자격요건,SPCQR,SPECIALIZE QUALIFICATION REQUISITE,,,생략
전문화자격요건그룹코드,SPCQRGCD,SPECIALIZE QUALIFICATION REQUISITE GROUP CODE,,분류어,생략
전문화자격요건상위그룹코드,SPCQRHGCD,SPECIALIZE QUALIFICATION REQUISITE HIGH RANK GROUP CODE,,분류어,생략
전문화자격요건코드,SPCQRCD,SPECIALIZE QUALIFICATION REQUISITE CODE,,분류어,생략
전민,WRFG,WAR REFUGEE,,,생략
전반기,FHYR,THE FIRST HALF YEAR,상반기,,생략
전방,FWD,FORWARD,,,생략
전방감시소,RPTPST,REPORTING POST,,,생략
전방관측자,FO,Forward Observer,,,생략
전방석,FRTST,FRONT SEAT,,,생략
전방이동,FWDMV,FORWARD MOVEMENT,,,생략
전방전시,HUD,HEAD-UP DISPLAY,"허드,HUD",,생략
전방지역무장장착및급유소,FARP,FORWARD ARMING AND REFUELING POINT,전방추진기지,,생략
전방집적소,ADVD,ADVANCED DUMP,,,생략
전방항공통제관,FAC,FORWARD AIR CONTROLLER,FAC,,생략
전방항공통제기,AIRFAC,AIR FAC,,,생략
전방향무선표지소,VOR,VERY HIGH FREQUENCY OMNIDIRECTIONAL RADIO RANGE,,,생략
전방향전술항행표지시설,VORTAC,VERY HIGH FREQUENCY OMNIDIRECTIONAL RANGE AND TACTICAL AIR NAVIGATION COMBINATION,,,생략
전방후방구분코드,FRDCD,FORWARD REAR DIVISION CODE,,분류어,생략
전번,LSTTM,LAST TIME,지난번,,생략
전보,TRSFRC,TRANSFERENCE,,,생략
전보일자,TRSFDT,TRANSFER DATE,전보일,,생략
전복,UPSE,UPSET ,,,생략
전분기,LSQTR,LAST QUARTER,,,생략
전비,WARPRP,WAR PREPARATION,,,생략
전비태세,OPRDNS,OPERATIONAL READINESS,,,생략
전비품,WRITM,WAR RESERVE ITEM,,,생략
전비품구분코드,WRITMDVSCD,WAR RESERVE ITEM DIVISION CODE,,분류어,생략
전비품통상품,WOM,WAR RESERVE ITEM ORDINARY MATERIAL,,,생략
전비품통상품구분코드,WRIOMDCD,WAR RESERVE ITEM ORDINARY MATERIAL DIVISION CODE,,분류어,생략
전사,ENTRPRZ,ENTERPRISE,,,생략
전사,DTHBTTL,DEATH IN BATTLE,,,생략
전사,TRNSC,TRANSCRIPTION,,,생략
전사상자,DWRA,DIED OF WOUNDS RECEIVED IN ACTION,,,생략
전사자,KIA,KILLED IN ACTION,,,생략
전사적품질경영,TQM,TOTAL QUALITY MANAGEMENT,,,생략
전사종류코드,TRNSCKNCD,TRANSCRIPTION KIND CODE,,분류어,생략
전사형태코드,TRNSCSHCD,TRANSCRIPTION SHAPE CODE,,분류어,생략
전산,EDPS,ELECTRONIC DATA PROCESSING SYSTEM,EDPS,,생략
전산망,COMNET,COMPUTER NETWORKS,,,생략
전산원,NCNC,NATIONAL COMPUTERIZATION AGENCY,,,생략
전산의주,ELCWK,ELECTRONIC WEEK,,,생략
전산장비업체,CPEQPCO,COMPUTER EQUIPMENT COMPANY,,,생략
전산통합정비관리체계,CIMMS,COMPUTER INTEGRATED MAINTENANCE MANAGEMENT SYSTEM,CIMMS,,생략
전산통합정비관리체계접미번호,CIMMSNO,COMPUTER INTEGRATED MAINTENANCE MANAGEMENT SYSTEM SUFFIX NUMBER,,분류어,생략
전상,BTLIJR,BATTLE INJURY,,,생략
전상자,WIA,WOUNDED IN ACTION,,,생략
전색,TMPN,TAMPING,,,생략
전선,FRTLN,FRONT LINE,FLOT,,생략
전설,TDN,TRATIDION,,,생략
전세,CHRTR,CHARTER,,,생략
전세,CTRHS,CONTRACT TO RENT A HOUSE WITH DEPOSIT MONEY,,,생략
전세권,RLDB,RIGHT LEASE OF DEPOSIT BASIS,,,생략
전세권자,LHPRSN,LEASEHOLD RIGHT PERSON,,,생략
전세금,RNTCST,RENTAL COST,"전셋돈,전세자금,전세액",,생략
전세대부,CRHDM,CONTRACT TO RENT A HOUSE WITH DEPOSIT MONEY,,,생략
전세대부연계구분코드,CRHDMLDCD,CONTRACT TO RENT A HOUSE WITH DEPOSIT MONEY LINK DIVISION CODE,,분류어,생략
전속,TRNSFC,TRANSFERENCE,,,생략
전속구분코드,TDCD,TRANSFERENCE DIVISION CODE,,분류어,생략
전속일자,TRSFRDT,TRANSFERENCE DATE,전속일,,생략
전속파견비대상자구분코드,TDETPDCD,TRANSFERENCE DISPATCH EXPENSE TARGETED PERSON DIVISION CODE,,분류어,생략
전송,TRSMSSN,TRANSMISSION,,,생략
전송로,TRSMLNE,TRANSMIT LINE,,,생략
전송일자,TRSDT,TRANSMISSION DATE,전송일,,생략
전송자,TRNSMT,TRANSMITTER,,,생략
전수검사,TOTINSP,TOTAL INSPECTION,,,생략
전술,TAC,TACTICS,TAC,,생략
전술군수,TCLG,TACTICAL LOGISTICS,,,생략
전술기,TCTARC,TACTICAL AIRCRAFT,,,생략
전술디지털정보연결망,TADIL,TACTICAL DIGITAL INFORMATION LINK,,,생략
전술모드,TCTCM,TACTICAL MODE,,,생략
전술상중요표적,TCSFT,TACTICALLY SIGNIFICANT TRACK,,,생략
전술상황전시,TCTDP,TACTICAL DISPLAY,,,생략
전술자료처리기,TDPRC,TACTICAL DATA PROCESSOR,,,생략
전술자재,TCMTR,TACTICAL MATERIALS,,,생략
전술적,TCTCL,TACTICAL,,,생략
전술조치선,TAL,TACTICAL ACTION LINE,,,생략
전술종합정보통신체계,TICN,TACTICAL INFORMATION COMMUNICATION NETWORK,,,생략
전술지원소,TSC,TACTICAL SUPPORT CENTER,,,생략
전술지휘통제체계,C4I,COMMAND CONTROL COMMUNICATION COMPUTER AND INTELLIGENCE,C4I,,생략
전술탄도유도탄,TBM,TACTICAL BALLISTIC MISSILE,"TBM,전술탄도미사일",,생략
전술탄도유도탄유형코드,TBMTYPECD,TACTICAL BALLISTIC MISSILE TYPE CODE,,분류어,생략
전술탄도유도탄확장코드,TBMEXTSNCD,TACTICAL BALLISTIC MISSILE  EXTENSION CODE,,분류어,생략
전술통제관,TCD,TACTICAL CONTROL DIRECTOR,,,생략
전술통제모듈,MCT,MODULAR CONTROL TACTICAL,,,생략
전술표적,TT,TACTICAL TARGET,,,생략
전술항공,TTAIR,TACTICAL AIR,,,생략
전술항공작전기지,TTHSPR,TACTICS FLIGHT BASE OF OPERATIONS,,,생략
전술항공통제반,TACP,TACTICAL AIR CONTROL PARTY,TACP,,생략
전술항공통제정비운영요원,ROMAD,RADIO OPERATION MAINTENANCE AND DRIVER,,,생략
전술항공화력,TTAFP,TACTICAL AIR FIRE POWER,,,생략
전술항법장치,TACAN,TACTICAL AIR NAVIGATION,"태켄,TACAN,전술공중항법장비,전술항법",,생략
전술훈련,TCTR,TACTICAL TRAINING,,,생략
전시,EXHBT,EXHIBIT,디스플레이,,생략
전시,WRTM,WARTIME,,,생략
전시개편유형코드,WTRORGTPCD,WARTIME REORGANIZATION TYPE CODE,,분류어,생략
전시군구분코드,WMICD,WARTIME MILITARY INDICATOR CODE,,분류어,생략
전시근로소집,WTLSMOB,WAR TIME LABOUR SERVICE MOBILIZATION,,,생략
전시근로자구분코드,WRTWKRDVCD,WARTIME WORKER DIVISION CODE,,분류어,생략
전시기본품목,WRTBSCITM,WARTIME BASIC ITEM,,,생략
전시단가신분그룹상세코드,WRUPSPGDCD,WARTIME UNIT PRICE SOCIAL POSITION GROUP DETAIL CODE,,분류어,생략
전시단가신분그룹코드,WRUPSPGCD,WARTIME UNIT PRICE SOCIAL POSITION GROUP CODE,,분류어,생략
전시단계번호,WRTMSTPNO,WARTIME STEP NUMBER,,,생략
전시동원,WTMB,WARTIME MOBILIZATION,,,생략
전시부대계획,WUNTPLN,WARTIME UNIT PLAN,,,생략
전시부대계획서,WUNTPLDOC,WARTIME UNIT PLANNING DOCUMENT,,,생략
전시부대급여매체,WBUPMD,WARTIME BRANCE UNIT PAY MEDIA,,,생략
전시부대확장계획,WUNTXPLN,WARTIME UNIT EXTENSION PLAN,,,생략
전시부대확장계획서,WUNTXPLDOC,WARTIME UNIT EXTENSION PLANNING DOCUMENT,,,생략
전시부대확장계획안,WUNTXPLI,WARTIME UNIT EXTENSION PLANNING IDEA,,,생략
전시소모율,WCR,WARTIME CONSUMPTION RATE,,,생략
전시소요,WTRQM,WARTIME REQUIREMENT,,,생략
전시연금지역코드,WRPRCD,WARTIME PENSION REGION CODE,,분류어,생략
전시연금코드,WRPCD,WARTIME PENSION CODE,,분류어,생략
전시연합합동이동관리계획서,WMMP,WARTIME COMBINED AND JOINT MOVEMENT MANAGEMENT PLAN,,,생략
전시예산,WARBGT,WAR BUDGET,,,생략
전시예산배정,WBA,WARTIME BUDGET APPORTIONMENT,,,생략
전시완편명부,WCOR,WAR COMPLETE ORGANIZATION ROSTER,,,생략
전시외국군동맹국표준지원제도,WSSFAF,WARTIME STANDARD SUPPORT FOR FOREIGN ARMED FORCES,,,생략
전시이동계획서,WMP,WARTIME MOVEMENT PROGRAM,,,생략
전시인력운영계획,WMOP,WARTIME MANPOWER OPERATION PLAN,,,생략
전시주둔국지원,WHNS,WARTIME HOST NATION SUPPORT,,,생략
전시중앙급여매체,WCUPMD,WARTIME CENTER UNIT PAY MEDIA,,,생략
전시탄약상태코드,WACCD,WARTIME AMMUNITION CONDITION CODE,,분류어,생략
전시통합수송지원계획서,WCTSP,WARTIME CONSOLIDATED TRANSPORTATION SUPPORT PLAN,,,생략
전시파손항공기수리,ABDR,AIRCRAFT BATTLE DAMAGE REPAIR,ABDR,,생략
전시편제,WREST,WAR ESTABLISHMENT,,,생략
전시품목번호,WTITMNO,WARTIME ITEM NUMBER,,분류어,생략
전신,WHLBD,WHOLE BODY,,,생략
전신마취,GNRANTH,GENERAL ANESTHESIA,,,생략
전신주,TELPHPL,TELEPHONE POLE,,,생략
전신환,TLGMNORD,TELEGRAPH MONEY ORDER,,,생략
전신환매도율,TTSR,TELEGRAPH TRANSFER SELLING RATE,,,생략
전신환매입률,TTBR,TELEGRAPH TRANSFER BUYING RATE,전산환매입율,,생략
전실,CHGRM,CHANGE ROOM,,,생략
전압,VLTG,VOLTAGE,,분류어,생략
전압계,VOLMTR,VOLTMETER,,,생략
전역,TRNSF,TRANSFER,,,생략
전역고유식별자,GUID,GLOBALLY UNIQUE INDENTIFICATION,GUID,분류어,생략
전역근거법령조번호,TBSANO,TRANSFER BASIS STATUTE ARTICLE NUMBER,,분류어,생략
전역근거법령항번호,TBSPNO,TRANSFER BASIS STATUTE PARAGRAPH NUMBER,,분류어,생략
전역근거법령호번호,TBSINO,TRANSFER BASIS STATUTE ISSUE NUMBER,,분류어,생략
전역미사일방어,TMD,THEATER MISSILE DEFENSE,전구유도탄방어,,생략
전역사유코드,TRCD,TRANSFER REASON CODE,,분류어,생략
전역여비,TREXPTR,TRAVELING EXPENSES FOR TRANSFER,전역비,,생략
전역일자,TRNSFDT,TRANSFER DATE,"전역일,제대일,제대일자",,생략
전역자,TRSFPSN,TRANSFER PERSON,,,생략
전역증서,CODFMS,CERTIFICATE OF DISCHARGE FROM MILITARY SERVICE,전역증,,생략
전역증서번호,CODFMSNO,CERTIFICATE OF DISCHARGE FROM MILITARY SERVICE NUMBER,,분류어,생략
전역지원서,TRWAPN,TRANSFER WRITTEN APPLICATION,,,생략
전열기,ELTHTR,ELECTRIC HEATER,,,생략
전염병,CMCDS,COMMUNICABLE DISEASE,,,생략
전용,DVRSN,DIVERSION,,,생략
전용,EXUSE,EXCLUSIVE USE,,,생략
전용면적,EXAR,EXCLUSIVE AREA,,,생략
전용서식,ESVS,EXCLUSIVE USE FORM,,,생략
전용선로,PRVLN,PRIVATE LINE,,,생략
전용실,STTRM,STATEROOM,,,생략
전용회선,LLN,LEASED LINE,,,생략
전원,EVRYONE,EVERYONE,,,생략
전원,PWSPL,POWER SUPPLY,,,생략
전원공급,ELTPWSPL,ELECTRIC POWER SUPPLY,,,생략
전월,PMON,PREVIOUS MONTHS,,,생략
전위,ELCPTT,ELECTRIC POTENTIAL,,,생략
전이,TRNSFRC,TRANSFERENCE,,,생략
전이한계,TRSFLMT,TRANSFER LIMIT,,,생략
전일,PDAY,PREVIOUS DAY,"어제,전날",,생략
전일제,FLTMSYS,FULL TIME SYSTEM,,,생략
전임,FLTMSRV,FULL TIME SERVICE,,,생략
전임자,PRDCSR,PREDECESSOR,,,생략
전입,MVGIN,MOVING IN,파입,,생략
전입일자,MVGINDT,MOVING IN DATE,"파입일자,파입일,전입일",,생략
전입자,MVINNM,MOVING IN MAN,,,생략
전입전출코드,MVGIOCD,MOVING IN OUT CODE,,분류어,생략
전자,ELCTR,ELECTRONIC,,,생략
전자감시,ELTSVL,ELECTRONIC SURVEILLANCE,"ESM,전자지원책,전자전지원책",,생략
전자개표,BCNTSYS,BALLOT COUNTING SYSTEM,,,생략
전자검표기,BVRFSYS,BALLOT VERIFICATION SYSTEM,,,생략
전자결재,ELCAPRV,ELECTRONIC APPROVAL,,,생략
전자고지,ELCNTC,ELECTRONIC NOTICE,,,생략
전자공격,ELATK,ELECTRONIC ATTACK,"EA,전자전공격",,생략
전자공격방해유형코드,EADSTBCTYPCD,ELECTRONIC ATTACK DISTURBANCE TYPE CODE,,분류어,생략
전자공격방해주파수대역유형코드,ELADIFRBTCD,ELECTRONIC ATTACK DISTURBANCE FREQUENCY BAND TYPE CODE,,분류어,생략
전자공무원증,EPSPC,ELECTRONIC PUBLIC SERVICE PERSONNEL IDENTIFICATION NUMBER CARD,,,생략
전자관인,ERNCSL,ELECTRON OFFICIAL SEAL,,,생략
전자기,ELCTM,ELECTROMAGNETISM,,,생략
전자기방해전자기파내부간섭,EMI,ELECTROMAGNETIC INTERFERENCE,,,생략
전자기파상호간섭전자환경적합성,EMC,ELECTROMAGNETIC COMPATIBILITY,,,생략
전자납부,ELCPAY,ELECTRONIC PAYMENT,,,생략
전자납부번호,ELCPAYNO,ELECTRONIC PAYMENT NUMBER,,분류어,생략
전자문서,ELCDOC,ELECTRONIC DOCUMENTS,,,생략
전자문서관리시스템,EDMS,ELECTRONIC DOCUMENT MANAGEMENT SYSTEM,EDMS,,생략
전자문서교환,EDI,ELECTRONIC DATA INTERCHANGE,EDI,,생략
전자문서시스템,ECCST,ELECTRONIC DOCUMENT SYSTEM,,,생략
전자문자서명,ETCCS,ELECTRONIC DOCUMENT SIGN,,,생략
전자방해방어책,ECCM,ELECTRONIC COUNTER COUNTER MEASURE,,,생략
전자방해책,ECM,ELECTRONIC COUNTER MEASURE,,,생략
전자보호,EP,ELECTRONIC PROTECTION,,,생략
전자부호,ELCSGN,ELECTRONIC SIGN,,,생략
전자상거래,EC,ELECTRONIC COMMERCE,EC,,생략
전자서명,ELCSIGN,ELECTRONIC SIGNATURE,,,생략
전자식,ELCTRNC,ELECTRONIC,,,생략
전자식기술교범,IETM,INTERACTIVE ELECTRICAL TECHNICAL MANUAL,,,생략
전자이미지관인,ECNSL,ELECTRON IMAGE OFFICIAL SEAL,,,생략
전자이미지서명,ERSNT,ELECTRON IMAGE SIGNATURE,,,생략
전자입찰,ELCBD,ELECTRONIC BIDDING,,,생략
전자자금이체,EFT,ELECTRONIC FUNDS TRANSFER,,,생략
전자장비식별지침,EPL,ELECTRONIC PULSE LIST,EPL,,생략
전자전,EW,ELECTRONIC WARFARE,,,생략
전자전기,EWAIR,ELECTRONIC WARFARE AIRCRAFT,,,생략
전자전보고서유형코드,EWRPRTTYCD,ELECTRONIC WARFARE REPORT TYPE CODE,,분류어,생략
전자전위협도,EWTL,ELECTRONIC WARFARE THREAT LEVEL,,,생략
전자전유효범위구분코드,EWEFTVSCOPCD,ELECTRONIC WARFARE EFFECTIVENESS SCOPE SECTION CODE,,분류어,생략
전자전지원,EWS,ELECTRONIC WARFARE SUPPORT,ES,,생략
전자전지원자산번호,EWSANO,ELECTRONIC WARFARE SUPPORT ASSETS NUMBER,,,생략
전자전투,ELCBT,ELECTRONIC COMBAT,,,생략
전자정보,ELI,ELECTRONIC INFORMATION,,,생략
전자정부,EGOV,E-GOVERNMENT,,,생략
전자지갑,ERNRS,ELECTRONIC PURSE,,,생략
전자지원,ELS,ELECTRONIC SUPPORT,,,생략
전자지원및전자공격,EWSEA,ELECTRONIC WARFARE SUPPORT AND ELECTRONIC ATTACK,,,생략
전자청구지불시스템,EBPP,ELECTRONIC BILL PRESENTMENT AND PAYMENT,EBPP,,생략
전자투표,ECRC,ELECTRONIC VOTING,,,생략
전자파,ELCWV,ELECTRONIC WAVE,,,생략
전자파목록관리번호,EWCMNO,ELECTRONIC WAVE CATALOGUE MANAGEMENT NUMBER,,분류어,생략
전자파주사형태코드,ELCWVSCTPCD,ELECTRONIC WAVE SCAN TYPE CODE,,분류어,생략
전자화폐,ETRCSH,ELECTRONIC CASH,,,생략
전작,FRMRW,FORMER WORK,,,생략
전장,BTFLD,BATTLEFIELD,,,생략
전장,TOTLEN,TOTAL LENGTH,,,생략
전장관리정보체계,BMS,BATTLE MANAGEMENT SYSTEM,,,생략
전장관리정보체계유종코드,BMSOILTPCD,BATTLE MANAGEMENT SYSTEM OIL TYPE CODE,,분류어,생략
전장기능,BTFFC,BATTLEFIELD FUNCTION,,,생략
전장분류코드,BTCLCD,BATTLEFIELD CLASSIFICATION CODE,,분류어,생략
전장순환통제,BCC,BATTLEFIELD CIRCULATION CONTROL,,,생략
전장장비연동ID,BTLEQITCNTID,BATTLEFIELD EQUIPMENT INTERCONNECTION IDENTIFICATION NUMBER,,분류어,생략
전장정보분석,IPB,INTELLIGENCE PREPARATION OF THE BATTLEFIELD,IPB,,생략
전재,WRDMG,WAR DAMAGE,,,생략
전재,TRFR,TRANSFER,,,생략
전재민,WARVT,WAR VICTIM,,,생략
전쟁,WAR,WAR,,,생략
전쟁물자소요,WMR,WAR MATERIEL REQUIREMENT,,,생략
전쟁법,LWFR,LAWS OF WAR,,,생략
전쟁예비량,WR,WAR RESERVE,전투예비량,,생략
전쟁예비물자,WRM,WAR RESERVE MATERIAL,"WRM,전쟁준비물자",,생략
전쟁지도,DOW,DIRECTION OF WAR,,,생략
전쟁지속능력,WCA,WAR CONTINUANCE ABILITY,,,생략
전전년도,YRBFLST,THE YEAR BEFORE LAST,"전전년,재작년",,생략
전전월,MNBFLST,THE MONTH BEFORE LAST,,,생략
전정,EMTR,EMITTER,,,생략
전정부호,EMTRSGN,EMITTER SIGN,,,생략
전주,ELTPL,ELECTRIC POLE,,,생략
전직,CHGEMP,CHANGE OF EMPLOYMENT,,,생략
전직지원교육,CESEDU,CHANGE OF EMPLOYMENT SUPPORT EDUCATION,,,생략
전진,ADVNCE,ADVANCE,,,생략
전진속도,SOA,SPEED OF ADVANCE,,,생략
전질,SUBPLDGE,SUB-PLEDGE,,,생략
전차,TANK,TANK,탱크,,생략
전차금,WSDC,WAGES IN ADVANCE,,,생략
전철,ELTRLWY,ELECTRIC RAILWAY,전기철도,,생략
전체,WHL,WHOLE,,,생략
전초,OUTPST,OUT POST,,,생략
전출,MVOUT,MOVING OUT,,,생략
전출일자,MVOUTDT,MOVING OUT DATE,전출일,,생략
전출입,MVIO,MOVE IN AND OUT,,,생략
전출입일자,MVIODT,MOVE IN AND OUT DATE,전출입일,,생략
전출자,MVOTNM,MOVING OUT MAN,,,생략
전출처,POMO,PLACE OF MOVING OUT,,,생략
전탐초소,RAS,RADAR SITE,,,생략
전투,CBT,COMBAT,,,생략
전투경찰,RTPLC,RIOT POLICE,,,생략
전투관리체계,CMSYS,COMBAT MANAGEMENT SYSTEM,,,생략
전투근무지원,CSSPT,COMBAT SERVICE SUPPORT,"전근,전투근무",,생략
전투근무지원실,CSSC,COMBAT SERVICE SUPPORT CENTER,,,생략
전투기,CBFTR,COMBAT FIGHTER,,,생략
전투기지원항공기구분코드,CBFSADVSCD,COMBAT FIGHTER SUPPORTING AIRCRAFT DIVISION CODE,,분류어,생략
전투긴요수리부속품,CCRP,COMBAT CRITICAL REPAIR PARTS,,,생략
전투긴요품목,CEI,COMBAT ESSENTIAL ITEM,,,생략
전투력,CBPW,COMBAT POWER,,,생략
전투력복원,ROCP,RESTORATION OF COMBAT POWER,,,생략
전투력증강,FEH,FORCE ENHANCEMENT,FMP,,생략
전투력평가성분작전코드,CPECOCD,COMBAT POWER EVEAL COMPONENT OPERATION CODE,,분류어,생략
전투모,FLDCAP,FIELD CAP,,,생략
전투모의센터,BSCT,BATTLE SIMULATION CENTER,,,생략
전투복,BDU,BATTLE DRESS UNIFORM,,,생략
전투서열,OB,ORDER OF BATTLE,OB,,생략
전투서열목록,OBLST,ORDER OF BATTLE LIST,,,생략
전투서열유형코드,OBTYPECD,ORDER OF BATTLE TYPE CODE,,분류어,생략
전투서열책자번호,OBBNO,ORDER OF BATTLE BOOKLET NUMBER,,분류어,생략
전투손실,CC,COMBAT CONSUMPTION,,,생략
전투스트레스,CBTSTRSS,COMBAT STRESS,,,생략
전투식량,MRE,MEAL READY TO EAT,,,생략
전투실험,WRFEXP,WARFIGHTING EXPERIMENTATION,,,생략
전투예비유류,CROIL,COMBAT RESERVE OIL,,,생략
전투예비재고,CRSTCK,COMBAT RESERVE STOCK,,,생략
전투예비탄약,CRA,COMBAT RESERVE AMMUNITION,,,생략
전투예비품목,CRITM,COMBAT RESERVE ITEM,,,생략
전투용,FCBT,FOR COMBAT,,,생략
전투작전처장,CCO,CHIEF OF COMBAT OPERATION,,,생략
전투준비태세,CBRDN,COMBAT READINESS,,,생략
전투지경선,BNDRY,BOUNDARY,,,생략
전투지역전단,FEBA,FORWARD EDGE OF THE BATTLE AREA,FEBA,,생략
전투지휘훈련,BCTP,BATTLE COMMAND TRAINING PROGRAM,,,생략
전투진지,BTLPST,BATTLE POSITION,,,생략
전투첩보,CBINF,COMBAT INFORMATION,,,생략
전투체계유형코드,COMBSYSTYPCD,COMBAT SYSTEM TYPE CODE,,분류어,생략
전투치중대,CBTRN,COMBAT TRAIN,,,생략
전투탄,CBAMN,COMBAT AMMUNITION,,,생략
전투통제반,CCT,COMBAT CONTROL TEAM,,,생략
전투편성,CBORG,COMBAT ORGANIZATION,,,생략
전투편성기구도일련번호,COOCSNO,COMBAT ORGANIZATION ORGANIZATION CHART SERIAL NUMBER,,분류어,생략
전투편성표,COCO,CHART OF COMBAT ORGANIZATION,,,생략
전투피해,BDB,BATTLE DAMAGE,,,생략
전투피해평가,BDA,BATTLE DAMAGE ASSESSMENT,BDA,,생략
전투피해평가단계코드,BDASTCD,BATTLE DAMAGE ASSESSMENT STEP CODE,,분류어,생략
전투피해평가보고식별번호,BDARINO,BATTLE DAMAGE ASSESSMENT REPORT IDENTIFICATION NUMBER,,분류어,생략
전투피해평가보고유형코드,BDARPTYPECD,BATTLE DAMAGE ASSESSMENT REPORT TYPE CODE,,분류어,생략
전투피해평가요약,BDASUM,BATTLE DAMAGE ASSESSMENT SUMMARY,BDASUM,,생략
전투피해평가요약보고식별번호,BDASUMRINO,BATTLE DAMAGE ASSESSMENT SUMMARY REPORT IDENTIFICATION NUMBER,,분류어,생략
전투하중,CBTLOAD,COMBAT LOAD,,,생략
전투화,CBTSHS,COMBAT SHOES,군화,,생략
전투휴대량,CBTLD,COMBAT LOAD,,,생략
전파,RDWV,RADIO WAVE,,,생략
전파,DSMT,DISSEMINATION,,,생략
전파,PROPGTN,PROPAGATION,,,생략
전파관리소,RMO,RADIO MANAGEMENT OFFICE,,,생략
전파방해,JAM,JAMMING,,,생략
전파방해신호,JMSTR,JAMMING STROBE,,,생략
전파보호시간구분코드,RDWVPRTCTMCD,RADIO WAVE PROTECTION TIME SECTION CODE,,분류어,생략
전파세,RWTAX,RADIO WAVE TAX,,,생략
전평시,WTPT,WARTIME AND PEACETIME,전/평시,,생략
전평시구분코드,WTPTDVCD,WARTIME AND PEACETIME DIVISION CODE,,분류어,생략
전폭,FULWD,FULL WIDTH,,,생략
전폭약,BSTR,BOOSTER,BOOSTER,,생략
전표,SLIP,SLIP,회계전표,,생략
전표번호,ACCDOCNO,ACCOUNT DOCUMENT NUMBER,,분류어,생략
전표요청번호,SLPRQSTNO,SLIP REQUEST NUMBER,,분류어,생략
전피,GNSL,GOAT AND SHEEP LEATHER,,,생략
전혈,WHLBLD,WHOLE BLOOD,,,생략
전혈능력,WHBLDABT,WHOLE BLOOD ABILITY,,,생략
전형,SCRNG,SCREENING,,,생략
전형일자,SCRDT,SCREENING DATE,전형일,,생략
전호,PRENUM,PRECEDING NUMBER,,,생략
전화,TEL,TELEPHONE,TEL,,생략
전화국,TELOFC,TELEPHONE OFFICE,,,생략
전화기,PHONE,PHONE,,,생략
전화번호,TELNO,TELEPHONE NUMBER,,분류어,생략
전화번호부,TELBOOK,TELEPHONE BOOK,,,생략
전환,CNVSN,CONVERSION,,,생략
전환사채,CBLBD,CONVERTIBLE BOND,,,생략
전환수송,TTRS,TRANSFER TRANSPORTATION,,,생략
전환일자,CVSNDT,CONVERSION DATE,전환일,,생략
전환전,BFCNV,BEFORE CONVERSION,,,생략
전환주식,CVTK,CONVERTIBLE STOCK,,,생략
전환후,AFCNV,AFTER CONVERSION,,,생략
전회,LASTTM,LAST TIME,,,생략
전후,FNR,FRONT AND REAR,,,생략
전후반기,FNSHFYR,FIRST AND SECOND HALF YEAR,상하반기,,생략
절,PRGRP,PARAGRAPH,,,생략
절감,REDU,REDUCTION,,,생략
절개,INCSN,INCISION,,,생략
절기,SBSN,THE SUBDIVISIONS OF THE SEASONS,,,생략
절단,SVRNC,SEVERANCE,,,생략
절단기,CUTTR,CUTTERS ,,,생략
절대,ABSLT,ABSOLUTELY,,,생략
절대오차,ABSERR,ABSOLUTE ERROR,,,생략
절도,THEFT,THEFT,,,생략
절사,TRCTN,TRUNCATION,단전,,생략
절삭가공,CUTPRC,CUTTING PROCESS,,,생략
절약,FRGLT,FRUGALITY,,,생략
절연,INSLTN,INSULATION,,,생략
절연판,ISLBD,INSULATING BOARD,,,생략
절전,PSE,POWER SAVE,,,생략
절주,MODRINK,MODERATION IN DRINKING,,,생략
절차,PRCDR,PROCEDURE,,,생략
절차서,PDOC,PROCEDURES DOCUMENT,,,생략
절충,CMPS,COMPROMISE,,,생략
절충교역,OFST,OFFSET,,,생략
절충교역계약서,OFSCTR,OFFSET CONTRACT,,,생략
절충교역비율,OFSRT,OFFSET RATE,,,생략
절충교역양해각서,OMOU,OFFSET MEMORANDUM OF UNDERSTANDING,,,생략
절충교역자산,OFSAST,OFFSET ASSETS,,,생략
절충교역제안서,OFSPRPS,OFFSET PROPOSAL,,,생략
절충교역평가,OFSEVL,OFFSET EVALUATION,,,생략
절충교역협상대안,OFSRQM,OFFSET REQUIREMENTS,,,생략
절편,INTC,INTERCEPT,,,생략
점,PNT,POINT,,,생략
점검,CHECK,CHECK,"체크,CHECK",,생략
점검번호,CHKNO,CHECK NUMBER,,분류어,생략
점검분야번호,CHKSPHNO,CHECK SPHERE NUMBER,,,생략
점검일자,CHKDT,CHECK DATE,점검일,,생략
점검종류코드,CKCD,CHECK KIND CODE,,분류어,생략
점검표,CHKTB,CHECK TABLE,,,생략
점령,OCPTN,OCCUPATION,,,생략
점멸,BLK,BLINKING,,,생략
점선,DOTLN,DOTTED LINE,,,생략
점성,VSCST,VISCOSITY,,,생략
점수,SCR,SCORE,,분류어,생략
점수표,SCRBRD,SCORE BOARD,,,생략
점용인,OCCPR,OCCUPIER,,,생략
점유,OCCPTN,OCCUPATION,,,생략
점유권,PSESRT,RIGHT OF POSSESSION,,,생략
점유율,OCPRT,OCCUPATION RATE,,,생략
점유일자,OCPDT,OCCUPATION DATE,점유일,,생략
점유자,OCPT,OCCUPANT,,,생략
점자,BRLL,BRAILLE,,,생략
점진적,PRGRSS,PROGRESSIVE,,,생략
점퍼,JUMPER,JUMPER,,,생략
점화,IGNITN,IGNITION,,,생략
점화기,LGHTR,LIGHTER,,,생략
점화약통,IQUTCTG,IGNITION CARTRIDGE,,,생략
접견,ADNC,AUDIENCE,,,생략
접골사,BNSTR,BONESETTER,,,생략
접근,ACES,ACCESS,,,생략
접근권한구분코드,ACATCLCD,ACCESS AUTHORITY CLASSIFICATION CODE,,분류어,생략
접근로,AAG,APPROACH LANES,,,생략
접근일자,ACSDT,ACCESS DATE,접근일,,생략
접근자,ACSPS,ACCESS PERSON,,,생략
접근제어목록,ACLST,ACCESS CONTROL LIST,,,생략
접대,RECEPTN,RECEPTION,,,생략
접대비,RCPXPNS,RECEIPTION EXPENSE,,,생략
접대자,ENTRTL,ENTERTAIL,,,생략
접두어,PRFX,PREFIX,,,생략
접미,SFX,SUFFIX,SUFFIX,,생략
접미번호,SUFNO,SUFFIX NUMBER,접미부호,분류어,생략
접미코드,SX,SUFFIX CODE,,분류어,생략
접속,CNNTN,CONNECTION,,,생략
접속일자,CNTDT,CONNECTING DATE,접속일,,생략
접수,RCP,RECEIPT,,,생략
접수구분코드,RCPDVCD,RECEIPT DIVISION CODE,,분류어,생략
접수내역출력,RPPRT,RECEIPT PARTICULARS PRINT,,,생략
접수대,RCPCNTR,RECEPTION COUNTER,,,생략
접수번호,RCPTNO,RECEIPT NUMBER,,분류어,생략
접수일자,RCPDT,RECEIPT DATE,접수일,,생략
접수자,RCPTN,RECEPTIONIST,,,생략
접수제한시간,RRSTTM,RECEIPT RESTRICTION TIME,,,생략
접수증,RCPD,RECEIPT DOCUMENT,,,생략
접수처,INFOFC,INFORMATION OFFICE,,,생략
접안,TCDN,TOUCH DOWN,,,생략
접안능력,TDABLT,TOUCH DOWN ABILITY,,,생략
접적,CTCT,CONTACT,,,생략
접적지역,CNTAR,CONTACT AREA,,,생략
접절식,FLDG,FOLDING,,,생략
접점,PNTCT,POINT OF CONTACT,,,생략
접종,INOCL,INOCULATION ,,,생략
접지,EARTH,EARTH,,,생략
접촉,CNTCT,CONTACT,,,생략
접촉선,LC,LINE OF CONTACT,LC,,생략
접촉일자,CNTCDT,CONTACT DATE,접촉일,,생략
접촉지점,CTCTPNT,CONTACT POINT,,,생략
접합,JN,JOINING,,,생략
정가,NETPRC,NET PRICE,,,생략
정관,ATCSC,ARTICLES OF ASSOCIATION,,,생략
정규,FRL,FIXED RULE,,,생략
정규군,RGLRARM,REGULAR ARMY,,,생략
정규분포,NORDSTB,NORMAL DISTRIBUTION,,,생략
정규직,PMNTPST,PERMANENT POSITION,,,생략
정규표현,REGEXP,REGULA EXPRESSION,,,생략
정규화,NRMZTN,NORMALIZATION,,,생략
정근,DLGN,DILIGENCE,,,생략
정근수당,DLGALW,DILIGENCE ALLOWANCE,,,생략
정글짐,JGGM,JUNGLE GYM,,,생략
정기,FXPRD,FIXED PERIOD,,,생략
정기검사,PI,PERIODIC INSPECTION,,,생략
정기군수품조사,CYCIVT,CYCLE INVENTORY,,,생략
정기권,CMMTKT,COMMUTATION TICKET,,,생략
정기금채권,CMMBR,CLAIM FOR MONEY PAYABLE PERIODICALLY,,,생략
정기배정,RGLAPT,REGULAR APPORTIONMENT,,,생략
정기선,LINER,LINER,,,생략
정기정보보고유형코드,FPINFRPTTYCD,FIXED PERIOD INFORMATION REPORT TYPE CODE,,분류어,생략
정년,RTMAGE,RETIREMENT AGE,,,생략
정년단축,RTMGSRT,RETIREMENT AGE SHORT,,,생략
정년전역,RATRSF,RETIREMENT AGE TRANSFER,,,생략
정담,FRNDTLK,FRIENDLY TALK,,,생략
정답,CRAS,CORRECT ANSWER,,,생략
정답번호,CRASNO,CORRECT ANSWER NUMBER,,분류어,생략
정당,PLTCPT,POLITICAL PARTY,당,,생략
정당,RTFLN,RIGHTFULNESS,,,생략
정당선거사무소,PPEOFC,POLITICAL PARTY ELECTION OFFICE,,,생략
정당성,JSTNS,JUSTNESS,,,생략
정대,CRSC,CRAFT SECTION,,,생략
정도,DGR,DEGREE,,,생략
정량,FDQNT,FIXED QUANTITY,,,생략
정량지표,QYEVAL,QUANTITATIVE EVALUATION,,,생략
정렬,STLN,STANDING IN LINE,소팅,,생략
정렬번호,SILNO,STANDING IN LINE NUMBER,,분류어,생략
정률,FXRT,FIXED RATE,정율,,생략
정리,DSTNC,DISTANCE,,,생략
정리,ARNGMNT,ARRANGEMENT,,,생략
정리능력,ARGCP,ARRANGEMENT CAPACITY,,,생략
정리일자,ARNGDT,ARRANGEMENT DATE,정리일,,생략
정맥,VEIN,VEINS ,,,생략
정맥압,VNPRSS,VENOUS PRESSURE,,,생략
정맥주사,IV,INTRAVENOUS INJECTION,,,생략
정면,FRONT,FRONT,,,생략
정면공격,HEADON,HEADON,,,생략
정무,PLTAFS,POLITICAL AFFAIRS,,,생략
정밀,PRCSN,PRECISION,,,생략
정밀검사,PRCTST,PRECISION TEST,,,생략
정밀도,PRCSDG,PRECISION DEGREE,,,생략
정밀매복,DTLAB,DETAILED AMBUSH,,,생략
정밀유도탄,PGM,PRECISION GUIDED MUNITION,,,생략
정밀접근레이더,PAR,PRECISION APPROACH RADAR,,,생략
정밀정찰작전,SRO,SENSITIVE RECONNAISSANCE OPERATIONS,,,생략
정밀측정,DTLSV,DETAILED SURVEY,,,생략
정밀측정지원형태코드,MSSCD,MEASURE SUPPORT SHAPE CODE,,분류어,생략
정밀측정표준장비,DSSTDEQ,DETAILED SURVEY STANDARD EQUIPMENT,,,생략
정박,ACRG,ANCHORAGE,,,생략
정보,INFO,INFORMATION,,,생략
정보가공,PEDS,"PROCESSING, EXPLOITATION AND DISSEMINATION",,,생략
정보감시태세코드,WATCHCONCD,WATCH CONDTION CODE,,분류어,생략
정보관계구분코드,INFRLDVCD,INFORMATION RELATIONSHIP DIVISION CODE,,분류어,생략
정보교환요구목록,IER,INFORMATION EXCHANGE REQUIREMENT,,,생략
정보기술,IT,INFORMATION TECHNOLOGY,,,생략
정보기술서비스관리,ITSM,INFORMATION TECHNOLOGY SERVICE MANAGEMENT,,,생략
정보번호,INFONO,INFORMATION NUMBER,,분류어,생략
정보보고서번호,INFRPTNO,INFORMATION REPORT NUMBER,,분류어,생략
정보보고서종류코드,INFRPTKCD,INFORMATION REPORT KIND CODE,,분류어,생략
정보보호업체,INFPRTCO,INFORMATION PROTECTION COMPANY,,,생략
정보분석번호,INFANLNO,INFORMATION ANALYSIS NUMBER,,분류어,생략
정보분석보고서,IARPRT,INFORMATION ANALYSIS REPORT,,,생략
정보사령부,KDIC,KOREAN DEFENSE INTELLIGENCE COMMAND,정보사,,생략
정보상황,ITLGCSTT,INTELLIGENCE STATE,,,생략
정보수사기관,INNT,INTELLIGENCE INVESTIGATION,,,생략
정보수집,INTCOL,INTELLIGENCE COLLECTION,,,생략
정보요구,IRQ,INTELLIGENCE REQUIREMENT,,,생략
정보요구,RFI,REQUEST FOR INFORMATION,,,생략
정보요구번호,RFINO,REQUEST FOR INFORMATION NUMBER,,분류어,생략
정보요구수신단계코드,IRRCVSTCD,INTELLIGENCE REQUIREMENT RECEIVE STEP CODE,,분류어,생략
정보요구진행상태코드,RFIPSCD,REQUEST FOR INFORMATION PROGRESS STATE CODE,,분류어,생략
정보융합체계,DFS,DATA FUSION SYSTEM,,,생략
정보작전,IFOP,INFORMATION OPERATION,,,생략
정보작전방호태세,INFOCON,INFORMATION OPERATIONS CONDITION,,,생략
정보작전방호태세등급코드,INOPPRATGRCD,INFORMATION OPERATIONS PROTECTION ATTITUDE GRADE CODE,,분류어,생략
정보작전자산,IFOPASST,INFORMATION OPERATION ASSETS,,,생략
정보작전자산구분코드,IFOPASSTDVCD,INFORMATION OPERATIONS ASSETS DIVISION CODE,,분류어,생략
정보작전표적구분코드,IFOPTGTDVSCD,INFORMATION OPERATIONS TARGET DIVISION CODE,,분류어,생략
정보제공자,IOFR,INFORMATION OFFERER,,,생략
정보종합실,ASIC,ALL SOURCE INTELLIGENCE CENTER,,,생략
정보지,IFPPR,INFORMATION PAPER,,,생략
정보참모처,OFCINT,OFFICE OF INTELLIGENCE,정보처,,생략
정보처리,INFPRC,INFORMATION PROCESSING,,,생략
정보처리기,INFOTMCHN,INFORMATION TREATMENT MACHINE,,,생략
정보철,INFBND,INFORMATION BINDING,,,생략
정보체계,IS,INFORMATION SYSTEM,,,생략
정보출처,IOS,INTELLIGENCE OF SOURCE,,,생략
정보통신,DTCOM,INFORMATION COMMUNICATION,,,생략
정보통신동원,INCMOB,INFORMATION COMMUNICATION MOBILIZATION,,,생략
정보통신망,INFNET,INFORMATION NETWORK,,,생략
정보통신망구분코드,INFNETDVCD,INFORMATION NETWORK DIVISION CODE,,분류어,생략
정보통신부,MIC,MINISTRY OF INFORMATION AND COMMUNICATION,정통부,,생략
정보통신산업,INFCMNDSTRY,INFOCOMINDUSTRY,,,생략
정보판단,ITLEST,INTELLIGENCE ESTIMATE,,,생략
정보판단자료분류코드,ITLESDATCLCD,INTELLIGENCE ESTIMATE DATA CLASSIFICATION CODE,,분류어,생략
정보화,INF,INFORMATION,,,생략
정보화사업,INFPRJ,INFORMATION PROJECT,,,생략
정보화전략계획,ISP,INFORMATION STRATEDY PLAN,,,생략
정본,OFCCPY,OFFICIALLY CERTIFIED COPY,,,생략
정부,GOV,GOVERNMENT,행정부,,생략
정부개발원조,ODA,OFFICIAL DEVELOPMENT ASSISTANT,,,생략
정부구매카드,GPC,GOVERNMENT PURCHASE CARD,,,생략
정부기관,GVMAGNC,GOVERNMENT AGENCIES,,,생략
정부기능연계모델,BRM,BUSINESS REFERENCE MODEL,BRM,,생략
정부민원행정서비스시스템,G4C,GOVERNMENT FOR CITIZEN,G4C,,생략
정부재정통계,GFS,GOVERNMENT FINANCE STATISTICS,GFS,,생략
정부조달,GOVPRC,GOVERNMENT PROCUREMENT,,,생략
정부조달협정,GPCD,GOVERNMENT PROCUREMENT CODE,,,생략
정부출연금,GOVCTRB,GOVERNMENT CONTRIBUTION,출연금,,생략
정부출연기관,GOVFND,GOVERNMENT-FUNDED,출연기관,,생략
정부출자기업체,GRNCM,GOVERNMENT INVESTMENT COMPANY,,,생략
정부투자,GOVIVST,GOVERNMENT INVESTMENT,,,생략
정부항공운송의뢰,GTR,GOVERNMENT TRANSPORTATION REQUEST,,,생략
정비,MNTNC,MAINTENANCE,,,생략
정비간평균시간,MTBM,MEAN TIME BETWEEN MAINTENANCE,,,생략
정비거래선,MCNTN,MAINTENANCE CONNECTION,,,생략
정비검사,MI,MAINTENANCE INSPECTION,,,생략
정비고,MTNFCL,MAINTENANCE FACILITIES,정비장,,생략
정비관,MTNOFCR,MAINTENANCE OFFICER,정비장교,,생략
정비관리번호,MMNO,MAINTENANCE MANAGEMENT NUMBER,,분류어,생략
정비구분,MTNCTG,MAINTENANCE CATEGORY,,,생략
정비구분코드,MTCTCD,MAINTENANCE CATEGORY CODE,,분류어,생략
정비기간,RCTM,REPAIR CYCLE TIME,수리복귀시간,,생략
정비기술표준심의,MRB,MAINTENANCE REVIEW BOARD,,,생략
정비기준,MTNCRT,MAINTENANCE CRITERION,,,생략
정비능력,MTCP,MAINTENANCE CAPACITY,,,생략
정비단계,EOM,ECHELON OF MAINTENANCE,,,생략
정비단계구분코드,MNTNCSTEPCD,MAINTENANCE STEP SECTION CODE,,분류어,생략
정비단계코드,EOMCD,ECHELON OF MAINTENANCE CODE,,분류어,생략
정비대기,AWM,AWAITING MAINTENANCE,,,생략
정비대상검사종류코드,MTOBJISPKDCD,MAINTENANCE OBJECT INSPECTION KIND CODE,,분류어,생략
정비대상번호,MONO,MAINTENANCE OBJECT NUMBER,,분류어,생략
정비대체장비,MTFLEQ,MAINTENANCE FLOAT EQUIPMENT,"대충장비,MF",,생략
정비도,MTABLT,MAINTAINABILITY,,,생략
정비도예측,MTPRDC,MAINTAINABILITY PREDICTION,,,생략
정비도할당,MA,MAINTAINABILITY ALLOCATION,,,생략
정비반,MTNTM,MAINTENANCE TEAM,,,생략
정비부대,MNTUNT,MAINTENANCE UNIT,,,생략
정비부대유형코드,MTNUNITYPCD,MAINTENANCE_UNIT TYPE CODE,,분류어,생략
정비부서,MNDP,MATENANCE DEPARTMENT,,,생략
정비부품,MTNPT,MAINTENANCE PART,유지부품,,생략
정비비,MNTNCST,MAINTENANCE COST,정비비용,,생략
정비사,MCHNC,MECHANIC,,,생략
정비소요,MTNRQM,MAINTENANCE REQUIREMENT,,,생략
정비소요카드,MRC,MAINTENANCE REQUIREMENT CARD,MRC,,생략
정비수집소,MCP,MAINTENANCE COLLECTION POINT,,,생략
정비시설형태코드,MISCD,MAINTENANCE INSTALLATION SHAPE CODE,,분류어,생략
정비실,RPRRM,REPAIR ROOM,,,생략
정비실적,MACR,MAINTENANCE ACTUAL RESULT,,,생략
정비업체유형코드,MTNENTTYCD,MAINTENANCE ENTERPRISE TYPE CODE,,분류어,생략
정비예산구분코드,MBICD,MAINTENANCE BUDGET INDICATOR CODE,,분류어,생략
정비용장비,MPE,MAINTENANCE PURPOSE EQUIPMENT,,,생략
정비원,MTNMN,MAINTENANCE MAN,,,생략
정비원코드,MNTSCD,MAINTENANCE SOURCE CODE,,분류어,생략
정비인력,MMPW,MAITENANCE MAN POWER,,,생략
정비일자,MTNCDT,MAINTENANCE DATE,정비일,,생략
정비자,RPARER,REPAIRER,,,생략
정비자료전산제도,MDS,MAINTENANCE DATA SYSTEM,MDS,,생략
정비자재,MNMT,MAINTENACE MATERIALS,,,생략
정비종결구분코드,MTC,MAINTENANCE TERMINATION CODE,,분류어,생략
정비종류코드,MKCD,MAINTENANCE KIND CODE,,분류어,생략
정비중개수작업명령,AMNCCM,MAINTENANCE DURING NUMBER WORK ORDER,,,생략
정비중정비작업명령,AMNCCZ,MAINTENANCE DURING MAINTENANCE WORK ORDER,,,생략
정비지시서,MTORD,MAINTENANCE ORDER,검사및작업지시서,,생략
정비지시서발행상태코드,MTODPCSTCD,MAINTENANCE ORDER PUBLICATION STATE CODE,,분류어,생략
정비지시서번호,MTORDNO,MAINTENANCE ORDER NUMBER,,분류어,생략
정비지연원인코드,MNTDLCD,MAINTENANCE DELAY CODE,,분류어,생략
정비지원,MNTS,MAINTENANCE SUPPORT,,,생략
정비지침카드번호,MGCNO,MAINTENANCE GUIDANCE CARD NUMBER,,분류어,생략
정비창,MTDPT,MAINTENANCE DEPOT,,,생략
정비특수임무요원,MTSP,MAINTENANCE SPECIALIST,,,생략
정비표준화및평가절차,MSEP,MAINTENANCE STANDARDIZATION AND EVALUATION PROGRAM,,,생략
정비현황,MTNSTT,MAINTENANCE STATUS,,,생략
정사영상,OTHIMG,ORTHO IMAGE,,,생략
정산,EXCAL,EXACT CALCULATION,,,생략
정산구분코드,EXCDCD,EXACT CALCULATION DIVISION CODE,,분류어,생략
정산기준구분코드,EXSDCD,EXACT CALCULATION STANDARD DIVISION CODE,,분류어,생략
정산산출구분코드,EXCCDCD,EXACT CALCULATION CALCULATION DIVISION CODE,,분류어,생략
정산원가,ECCCT,EXACT CALCULATION PRIME COST,,,생략
정산일자,EXCALDT,EXACT CALCULATION DATE,정산일,,생략
정산입력대상코드,EXIOCD,EXACT CALCULATION INPUT OBJECT CODE,,분류어,생략
정산자금계정서,HLDACC,HOLDING ACCOUNT,,,생략
정산처리상태코드,EXCPSCD,EXACT CALCULATION PROCESS STATE CODE,,분류어,생략
정산항목구분코드,EXIDCD,EXACT ITEM DIVISION CODE,,분류어,생략
정상,NML,NORMAL,,,생략
정상동원,NMMB,NORMAL MOBILIZATION,,,생략
정상품,NMLITM,NORMAL ITEM,,,생략
정서,EMTN,EMOTION,,,생략
정성지표,QLEVAL,QUALITATIVE EVALUATION,,,생략
정세,CCST,CIRCUMSTANCES,,,생략
정수,ALWC,ALLOWANCE,,,생략
정수,WTRPURF,WATER PURIFICATION,,,생략
정수기,WTRPF,WATER PURIFIER,,,생략
정수기준,AWSD,ALLOWANCE STANDARD,,,생략
정수량,ALWQTY,ALLOWANCE QUANTITY,,,생략
정수장,FTPLT,FILTRATION PLANT,,,생략
정수책정기준,ALWAPSTD,ALLOWANCE APPROPRIATION STANDARD,,,생략
정수표,ALWLST,ALLOWANCE LIST,,,생략
정시,FXT,FIXED TIME,,,생략
정식,FMLT,FORMALITY,,,생략
정식규격서,FMLSPC,FORMALITY SPECIFICATION,,,생략
정식선하증권,LFBL,LONG FORM BILL OF LADING,,,생략
정신,MIND,MIND,,,생략
정압,SPE,STATIC PRESSURE ,,,생략
정압실,CNSPRS,CONSTANT PRESSURE,,,생략
정액,FXAMT,FIXED AMOUNT,,,생략
정액법,SLMTD,STRAIGHT LINE METHOD,,,생략
정액수당,FXAMTALW,FIXED AMOUNT ALLOWANCE,,,생략
정액제,FSMTM,FLAT SUM SYSTEM,,,생략
정양,CVLSC,CONVALESCENCE,,,생략
정오,NOON,NOON,,,생략
정원,FULSTR,FULL STRENGTH,"정원수,티오",분류어,생략
정원계획,FSTRPLN,FULL STRENGTH PLAN,,,생략
정원계획번호,FSTRPNO,FULL STRENGTH PLAN NUMBER,,분류어,생략
정유,RFOIL,REFINED OIL,,,생략
정유회사,OILCO,OIL COMPANY,,,생략
정육면체,CUBE,CUBE,,,생략
정의,DEF,DEFINITION,,,생략
정자,PVL,PVILION,,,생략
정적,STTC,STATIC,,,생략
정전,TRUCE,TRUCE,,,생략
정전,BLCKO,BLACKOUT,,,생략
정전기,STEL,STATIC ELECTRICITY,,,생략
정전기방지코드,STELPRVTNCD,STATIC ELECTRICITY PREVENTION CODE,,분류어,생략
정점,TOPPT,TOP POINT,,,생략
정점,APEX,APEX,,,생략
정정,CRTN,CORRECTION,,,생략
정정일자,CRCTDT,CORRECTION DATE,정정일,,생략
정제,REFINE,REFINING,,,생략
정조의무,CTYG,CHASTITY OBLIGATION,,,생략
정중선,MIDLN,MEDIAN LINE,MIDLINE,,생략
정지,STOP,STOP,,,생략
정지궤도위성,GTSTORT,GEOSTATIONARY SATELLITE ORBIT,,,생략
정직,SPSNJ,SUSPENSION JOB,,,생략
정차,STPG,STOPPAGE,,,생략
정착,STLMNT,SETTLEMENT,,,생략
정착액,FXSLT,FIXING SOLUTION,,,생략
정착지,STMAE,SETTLEMENT AREA,,,생략
정찰,RCNNSC,RECONNAISSANCE,,,생략
정찰감시,RCNSVL,RECONNAISSANCE AND SURVEILLANCE,,,생략
정찰반경구분코드,RCRASECD,RECONNAISSANCE RADIUS SECTION CODE,,분류어,생략
정찰보고,NBC4,NUCLEAR BIOLOGICAL AND CHEMICAL 4,"NBC4,NBC-4",,생략
정찰보고항목구분코드,RCNSCRPTCD,RECONNAISSANCE REPORT ITEM SECTION CODE,,분류어,생략
정찰임무,RCNMSN,RECONNAISSANCE MISSION,,,생략
정책,PLCY,POLICY,,,생략
정책공동체,PLCCMN,POLICY COMMUNITY,,,생략
정책적,POLCY,POLICY,,,생략
정첩보,INTINFO,INTELLIGENCE INFORMATION,,,생략
정첩보출처코드,INTINFOSRCD,INTELLIGENCE INFORMATION SOURCE CODE,,분류어,생략
정체,CNGSTN,CONGESTION,,,생략
정체,RLFRM,REAL FORM,,,생략
정치,POLTS,POLITICS,,,생략
정치,FXTN,FIXATION,,,생략
정치자금,PLTFND,POLITICAL FUND,,,생략
정품,AUTHNC,AUTHENTICITY,,,생략
정합,CNFRMTY,CONFORMITY,,,생략
정형,OTHPDC,ORTHOPEDIC,,,생략
정형,STPTR,A SET PATTERN,,,생략
정화,PFCTN,PURIFICATION,,,생략
정화시설,SWDSFCL,SEWAGE DISPOSAL FACILITIES,,,생략
정화조,WTPFTNK,WATER PURIFIER TANK,,,생략
정확,ACRTN,ACCURATENESS,,,생략
정확도,ACRC,ACCURACY,,분류어,생략
정확성,CRRCT,CORRECTNESS,,,생략
정회원,RGLMMB,REGULAR MEMBER,,,생략
정훈,TRPINFEDU,TROOP INFORMATION AND EDUCATION,,,생략
젖음,WET,WET,,,생략
제,SVRL,SEVERAL,,,생략
제1국민역,ECSC1,ELIGIBLE CONSCRIPTION STATUS OF CLASS 1,,,생략
제1사분위수,QTL1,FIRST QUARTILE ,,,생략
제1야전군사령부,FROKA,THE FIRST REPUBLIC OF KOREA ARMY,"1군사,1군사령부",,생략
제1외국어,FRLANG1,FIRST FOREIGN LANGUAGE,,,생략
제1이상치,OTL1,FIRST OUTLIER,,,생략
제2국민역,SNDECS,SECOND ELIGIBLE CONSCRIPTION STATUS,,,생략
제2외국어,FRLANG2,SECOND FOREIGN LANGUAGE,,,생략
제2자동화방공체계,SAADS,SECOND AUTOMATED AIR DEFENSE SYSTEM,,,생략
제2작전사령부,SROKA,THE SECOND REPUBLIC OF KOREA ARMY,"2군사,2군사령부,2작사,제2야전군사령부",,생략
제3국,TRDCTR,THE THIRD COUNTRY,"제삼국,3국",,생략
제3사분위수,QTL3,THIRD QUARTILE,,,생략
제3야전군사령부,TROKA,THE THIRD REPUBLIC OF KOREA ARMY,"3군사,3군사령부",,생략
제3이상치,OTL3,THIRD OUTLIER,,,생략
제3자,TRDPSN,THE THIRD PERSON,,,생략
제3자선하증권,TPBL,THIRD PARTY BILL OF LADING,,,생략
제거,RMV,REMOVAL,,,생략
제고,RAISE,RAISE,,,생략
제곱,SQUARE,SQUARE,,,생략
제곱미터,SQMT,SQUARE METER,평방미터,,생략
제공,OFFR,OFFER,,,생략
제공,BUTEA,BRING UNDER THE ENEMY IN THE AIR,,,생략
제공자,OFRER,OFFERER,,,생략
제기,SGST,SUGGESTION,,,생략
제기일자,SGSTDT,SUGGESTION DATE,제기일,,생략
제기자,LGPRN,LODGING PERSON,,,생략
제논,XENON,XENON,,,생략
제당,SGRMNF,SUGAR MANUFACTURE,,,생략
제대,DSCHRG,DISCHARGE,,,생략
제대,ECHL,ECHELON,,,생략
제대군인,DRLR,DISCHARGED SOLDIER,,,생략
제도,SYSTM,SYSTEM,,,생략
제도,DRAW,DRAW,,,생략
제독,DECON,DECONTAMINATION,,,생략
제독소,DCTSTN,DECONTAMINATION STATION,,,생략
제독유형코드,DECONTYPCD,DECONTAMINATION TYPE CODE,,분류어,생략
제독제,DCTSLT,DECONTAMINATION SOLUTION,,,생략
제동,BRK,BRAKE,,,생략
제동장치,BRKEQ,BRAKE EQUIPMENT,브레이크,,생략
제목,TITLE,TITLE,타이틀,분류어,생략
제반,SRT,ALL SORTS,,,생략
제방,EREMB,EARTH EMBANKMENT,,,생략
제보,GVNF,GIVING INFORMATION,,,생략
제보자,INFRMNT,INFORMANT,,,생략
제복,UNFRM,UNIFORM,,,생략
제본,BKBND,BOOKBINDING,,,생략
제비용,SDREXP,SUNDRY EXPENSES,,,생략
제설,SNOWRM,SNOW REMOVAL,,,생략
제세공과금,TAXDUE,TAXES AND DUE,,,생략
제세동,DEFIBRIL,DEFIBRILLATION,,,생략
제소,FLWST,FILE LAWSUIT,,,생략
제소명령,ORTLT,ORDER TO FILE LAWSUIT,,,생략
제수,DVSR,DIVISOR,젯수,,생략
제수당,EXTALWC,EXTRA ALLOWANCE,,,생략
제시,PREST,PRESENTATION,,,생략
제시일자,PRSTNDT,PRESENTATION DATE,제시일,,생략
제시자,PRSENTER,PRESENTATION PERSON,,,생략
제안,SGGST,SUGGESTION,,,생략
제안번호,SGSTNO,SUGGESTION NUMBER,,분류어,생략
제안서,PROPSL,PROPOSAL,,,생략
제안요청서,RFP,REQUEST FOR PROPOSAL,제안요구서,,생략
제안일자,SGGSTDT,SUGGESTION DATE,제안일,,생략
제안테스트코드,PROTSTCD,PROPOSAL TEST CODE,,분류어,생략
제압,SUPPR,SUPPRESSION,,,생략
제약,RESTRCT,RESTRICTION,,,생략
제약,MDCMFG,MEDICINE MANUFACTURING,,,생략
제약회사,PHRMCO,PHARMACEUTICAL COMPANY,,,생략
제어,CTRL,CONTROL,"콘트롤,컨트롤",,생략
제어기,CNTLR,CONTROLLER,,,생략
제어반,CTRLBD,CONTROL BOARD,,,생략
제외,EXCLSN,EXCLUSION,,,생략
제외기간,EXPRD,EXCLUSION PERIOD,,,생략
제외신청구분코드,EADCD,EXCLUSION APPLICATION DIVISION CODE,,분류어,생략
제외일자,EXCPTDT,EXCEPTION DATE,제외일,,생략
제원,PDQI,PERFORMANCE AND DISTINCTIVE QUALITY INDICATOR,,,생략
제의,SGSTN,SUGGESTION,,,생략
제자리비행,HOVER,HOVER,,,생략
제작,MFT,MANUFACTURE,,,생략
제작물,MNFTGDS,MANUFACTURED GOODS,,,생략
제작비,PRDCNCST,PRODUCTION COST,,,생략
제작사,MKR,MAKER,제작회사,,생략
제작사보급번호,MKSPLNO,MAKER SUPPLY NUMBER,,분류어,생략
제작원,SRCMF,SOURCE OF MANUFACTURE,,,생략
제작일자,MFDT,MANUFACTURE DATE,제작일,,생략
제작자,MFTR,MANUFACTURER,,,생략
제잡비,DCTSDRS,DEDUCTING OF SUNDRIES,,,생략
제재,RESTRNT,RESTRAINT,,,생략
제재일자,RSTRNTDT,RESTRAINT DATE,제재일,,생략
제적,EXPEL,EXPEL,,,생략
제정,ENACT,ENACTMENT,,,생략
제정일자,ENACTDT,ENACTMENT DATE,제정일,,생략
제제,PHMCT,PHAMACEUTICALS,,,생략
제조,MFG,MANUFACTURING,MFG,,생략
제조국가,MFNAT,MANUFACTURE NATION,제조국,,생략
제조물책임,PDLBL,PRODUCT LIABILITY,,,생략
제조방법코드,MAMTCD,MANUFACTURING METHOD CODE,,분류어,생략
제조번호,MFGNO,MANUFACTURING NUMBER,,분류어,생략
제조상결함,MFCFT,MANUFACTURING DEFECT,,,생략
제조업,MFGIND,MANUFACTURING INDUSTRY,,,생략
제조업체,MFBIZ,MANUFACTURE BUSINESS,,,생략
제조원가,MFGCST,MANUFACTURING COST,,,생략
제조일자,MFGDT,MANUFACTURING DATE,제조일,,생략
제조회사,MFGCO,MANUFACTURING COMPANY,"제조사,제조업체",,생략
제주,JEJU,JEJU,,,생략
제주도,JJD,JEJU-DO,,,생략
제지,PAPMANF,PAPER MANUFACTURE,,,생략
제척기간,EXCLPD,EXCLUSION PERIOD,,,생략
제출,SBMT,SUBMIT,,,생략
제출기한,DDLN,DEADLINE,,,생략
제출일자,SBMTDT,SUBMIT DATE,제출일,,생략
제출자,SBMTR,SUBMITTER,,,생략
제출처,SBMPLC,SUBMIT PLACE,,,생략
제퇴직금,SRAMT,SEVERAL RETIREMENT AMOUNT,,,생략
제퇴직금신청종류코드,SRAAKCD,SEVERAL RETIREMENT AMOUNT APPLICATION KIND CODE,,분류어,생략
제퇴직금환경구분코드,SRAEDCD,SEVERAL RETIREMENT AMOUNT ENVIRONMENT DIVISION CODE,,분류어,생략
제퇴직취소구분코드,SRACDCD,SEVERAL RETIREMENT AMOUNT CANCELLATION DIVISION CODE,,분류어,생략
제트유,JETOIL,JET OIL,,,생략
제트유A1,JETA1,JET A1 FUEL FOR AVIATION TURBINE,,,생략
제표,TBLAT,TABULATION,,,생략
제품,MNFGDS,MANUFACTURED GOODS,,,생략
제품수명주기,MLC,MATERIEL LIFE CYCLE,,,생략
제한,RSTRCT,RESTRICTION,,,생략
제한경쟁입찰,RSTCMPBD,RESTRICTED COMPETITION BIDDING,제한경쟁,,생략
제한구역,RSTRAR,RESTRICTED AREA,,,생략
제한물권,LDGH,LIMITED REAL RIGHT,,,생략
제한선거,LTDVT,LIMITED VOTE,,,생략
제한속도,SPDLMT,SPEED LIMIT,,,생략
제한시계,LMTLF,LIMITATION FIELD OF VISION,,,생략
제한일자,RSTRCTDT,RESTRICTION DATE,제한일,,생략
제한작전구역,ROZ,RESTRICTED OPERATIONS ZONE,,,생략
제한적,RESTRICTIVE,RSTRCTV,,,생략
제한표준품목,LSI,LIMITED STANDARD ITEM,,,생략
제형,PHMCFML,PHAMACEUTICAL FORMULATION,,,생략
조각,SCLPTR,SCULPTURE,,,생략
조건,CNDT,CONDITION,,,생략
조건문,CNDSTC,CONDITIONAL SENTENCE,,,생략
조건부,CNDL,CONDITIONAL,,,생략
조견표,TABL,TABLE,,,생략
조경,GARDNG,GARDENING,,,생략
조공,SPATK,SUPPORT ATTACK,,,생략
조교,ASITR,ASSISTANT INSTRUCTOR,,,생략
조교수,ASSPSR,ASSISTANT PROFESSOR,,,생략
조기,ERLST,EARLY STAGE,,,생략
조기경보지상관제요격,EWGCI,EARLY WARNING/GROUND CONTROLLED INTERCEPT,,,생략
조난,DSTRS,DISTRESS,,,생략
조난사고,WKCT,WRECKED ACCIDENT,,,생략
조난자,DSTPS,DISTRESSED PERSON,,,생략
조달,PRCR,PROCUREMENT,,,생략
조달건의코드,PRAVCD,PROCUREMENT ADVISE CODE,,분류어,생략
조달계획,PCPLN,PROCUREMENT PLAN,,,생략
조달계획수정사유코드,PPMRCD,PROCUREMENT PLAN MODIFICATION REASON CODE,,분류어,생략
조달계획회계구분코드,PLACCD,PROCUREMENT PLAN ACCOUNT CLASSIFICATION CODE,,분류어,생략
조달문서번호,PRCDOCNO,PROCUREMENT DOCUMENT NUMBER,,분류어,생략
조달물자,SPLGUD,SUPPLY GOODS,,,생략
조달번호,PRCRNO,PROCUREMENT NUMBER,,분류어,생략
조달불가사유코드,PDARSNCD,PROCUREMENT DISALLOWANCE REASON CODE,,분류어,생략
조달소요,PRCRQM,PROCUREMENT REQUIREMENT,,,생략
조달소요기간,PROLT,PROCUREMENT LEAD TIME,PROLT,,생략
조달심의,PRDLB,PROCUREMENT DELIBERATION,,,생략
조달요구,PRCDMD,PROCUREMENT DEMAND,,,생략
조달요구번호,PRCDMNO,PROCUREMENT DEMAND NUMBER,,분류어,생략
조달요구우선순위코드,PDPRCD,PROCUREMENT DEMAND PRIORITY CODE,,분류어,생략
조달요구일자,PRCDMDT,PROCUREMENT DEMAND DATE,조달요구일,,생략
조달원,SOS,SOURCE OF SUPPLY,"보급원,공급원",,생략
조달지시,PRCDRT,PROCUREMENT DIRECTIVE,,,생략
조달지시구분코드,PDVCD,PROCUREMENT DIRECTIVE DIVISION CODE,,분류어,생략
조달진행상태코드,PRCPSCD,PROCUREMENT PROGRESS STATE CODE,,분류어,생략
조달청,OSROK,OFFICE OF SUPPLY IN ROK,,,생략
조달청등록번호,OSROKRNO,OFFICE OF SUPPLY IN ROK REGISTRATION NUMBER,,분류어,생략
조달판단,PRCEST,PROCUREMENT ESTIMATE,,,생략
조달품검사,PRII,PROCUREMENT ITEM INSPECTION,,,생략
조도,LTDG,LIGHT DEGREE,,,생략
조력,ASSTNCE,ASSISTANCE,,,생략
조류,CRNT,CURRENT,,,생략
조리,COOK,COOKING,,,생략
조리법,CKRY,COOKERY,,,생략
조리원,CKPSN,COOKING PERSON,,,생략
조림,FRSTN,FORESTATION,,,생략
조림일자,FRSTNDT,FORESTATION DATE,조림일,,생략
조립,ASMB,ASSEMBLING,,,생략
조립부속품,ASSY,ASSEMBLY,,,생략
조립식,PRFBRCT,PREFABRICATE,,,생략
조립체,CSTBD,CONSTRUCTION BODY,,,생략
조립폐기율,AMR,ASSEMBLY MORTALITY RATE,,,생략
조명,LGHTNG,LIGHTING,,,생략
조명등,FLDLT,FLOODLIGHT,,,생략
조변,SLFSUBS,SELF-SUBSISTENCE,,,생략
조부모,GNDPRNT,GRANDPARENTS,,,생략
조사,IRDATN,IRRADIATION,,,생략
조사,INVSTG,INVESTIGATION,,,생략
조사번호,INVSTNO,INVESTIGATION NUMBER,,분류어,생략
조사보고서,IVRPT,INVESTIGATION REPORT,,,생략
조사비,INVSTCST,INVESTIGATION COST,,,생략
조사서,WRTINVST,WRITTEN INVESTIGATION,,,생략
조사일자,INVSTGDT,INVESTIGATION DATE,조사일,,생략
조사자,INVSTR,INVESTIGATOR,,,생략
조산,PREMT,PREMATURE ,,,생략
조산사,MDWF,MIDWIFE,,,생략
조산원,MTRHSP,MATERNITY HOSPITA,,,생략
조서,RECRD,RECORD,,,생략
조석,TIDE,TIDE,,,생략
조석지점코드,TDPSTCD,TIDE POSITION CODE,,분류어,생략
조성,MAKE,MAKE,,,생략
조성품,CMPNT,COMPONENT,,,생략
조세특례,STAX,SPECIAL TAXATION,,,생략
조수,TDWTR,TIDEWATER,,,생략
조수기,FRWTGN,FRESH WATER GENERATOR,,,생략
조식,BRST,BREAKFAST,,,생략
조약,TREATY,TREATY,,,생략
조약국,TITCNTR,TREATY COUNTRY,,,생략
조약안,TITDRF,TREATY DRAFT,,,생략
조언,ADVC,ADVICE,,,생략
조업,OPERT,OPERATION,,,생략
조영술,GRPH,GRAPHY,조영법,,생략
조위금,CNDMN,CONDOLENCE MONEY,,,생략
조작,OPRT,OPERATION,,,생략
조작함,OPRTNBX,OPERATION BOX,,,생략
조장,GRPLR,GROUP LEADER,,,생략
조적,MSNR,MASONRY,,,생략
조절,ADJST,ADJUSTMENT,,,생략
조절도,CNTDGR,CONTROL DEGREE,,,생략
조정,ADJTMT,ADJUSTMENT,,,생략
조정건수,AJNUM,ADJUSTMENT THE NUMBER OF CASES,,,생략
조정금액,ADAMT,ADJUSTMENT AMOUNT OF MONEY,,,생략
조정량,ADJQTY,ADJUSTMENT QUANTITY,조정수량,,생략
조정번호,ADJTNO,ADJUSTMENT NUMBER,,분류어,생략
조정사유,AJRSN,ADJUSTMENT REASON,,,생략
조정사유코드번호,AJRSNCODENO,ADJUSTMENT REASONCODE NUMBER,,분류어,생략
조정상세사유,AJDRSN,ADJUSTMENT DETAIL REASON,,,생략
조정상세사유코드번호,ADJRSNCODENO,ADJUSTMENT DETAIL REASONCODE NUMBER,,분류어,생략
조정응신,ADJRPL,ADJUSTMENT REPLY,,,생략
조정일자,ADJTMTDT,ADJUSTMENT DATE,조정일,,생략
조정자,MDTR,MEDIATOR,,,생략
조정지,RGLPND,REGULATING PONDAGE,,,생략
조제,POM,PREPARATION OF MEDICINE,,,생략
조제료,POMFEE,PREPARATION OF MEDICINE FEE,,,생략
조제료산정,PFECPT,PREPARATION OF MEDICINE FEE COMPUTATION,,,생략
조종,CONTRL,CONTROL,,,생략
조종사,PILOT,PILOT,,,생략
조종사자질관리,IPQC,INDIVIDUAL PILOT QUALITY CONTROL,IPQC,,생략
조종사코멘트,FIGHTERCMT,FIGHTER COMMENT,,,생략
조종석,COCKPIT,COCKPIT,,,생략
조준,SIGHT,SIGHT,,,생략
조준경,TELESIGHT,TELESCOPE SIGHT,,,생략
조준점,AIMPOINT,AIMING POINT,AIMPOINT,,생략
조중석식,BLND,"BREAKFAST, LUNCH AND DINNER",조중석,,생략
조직,ORGNZ,ORGANIZATION,,,생략
조직계획번호,ORGPNO,ORGANIZATION PLAN NUMBER,,분류어,생략
조직도,ORGCHT,ORGANIZATION CHART,기구도,,생략
조직번호,ORGZNO,ORGANIZATION NUMBER,,분류어,생략
조치,ACTN,ACTION,,,생략
조치계획,ACPLN,ACTION PLAN,,,생략
조치문,MGTDOC,MANAGEMENT DOCUMENTATION,,,생략
조치문서번호,ACTDOCNO,ACTION DOCUMENT NUMBER,,분류어,생략
조치번호,ACTNNO,ACTION NUMBER,,분류어,생략
조치부호,ACTCD,ACTION CODE,,,생략
조치사항번호,MGTPTCNO,MANAGEMENT PARTICULAR NUMBER,,분류어,생략
조치유형코드,ACTTYPCD,ACTION TYPE CODE,,분류어,생략
조치일자,ACTNDT,ACTION DATE,조치일,,생략
조타기,STRGR,STEERING GEAR,,,생략
조퇴,LRLY,LEAVING EARLY,,,생략
조합,CMPND,COMPOUND,,,생략
조합,ASCT,ASSOCIATION,,,생략
조합원,MMBS,MEMBER OF THE ASSOCIATION,,,생략
조항,ARTCL,ARTICLE,,,생략
조현병,SZPRNA,SCHIZOPHRENIA,,,생략
조형물,SKLTHNG,SKELETAL THING,,,생략
조화,HRMNY,HARMONY,,,생략
조회,INQRY,INQUIRY,,,생략
조회번호,INQRNO,INQUIRY NUMBER,,분류어,생략
조회수,RDCNT,READ COUNT,,,생략
조회자,IQRRSN,INQUIRY PRESON,,,생략
존립,SBSIST,SUBSISTENCE,,,생략
존속,CTNC,CONTINUANCE,,,생략
존속일자,CTNCDT,CONTINUANCE DATE,존속일,,생략
존안,STPRPS,STORED PROPOSAL,,,생략
존재,EXSTNC,EXISTENCE,,,생략
존치,RTENT,RETENTION,,,생략
존폐,MNTNAB,MAINTENANCE OR ABOLITION,,,생략
졸업,GRDTN,GRADUATION,,,생략
졸업예정자,GRDTB,GRADUATE-TO-BE,,,생략
졸업일자,GRDDT,GRADUATION DATE,졸업일,,생략
종,CLSS,CLASS,,,생략
종가,CLSRC,CLOSING PRICE,,,생략
종결,CNCLSN,CONCLUSION,,,생략
종경사,VTCINC,VERTICALNESS INCLINATION,,,생략
종교,RLGN,RELIGION,,,생략
종교코드,RLGNCD,RELIGION CODE,,분류어,생략
종국등기,ENDRGIST,END REGISTRATION,,,생략
종근,RADCL,RADICLE,,,생략
종기,ENDTRM,END OF A TERM,,,생략
종기일자,ENDT,END DATE,종기일,,생략
종단,VTCSCT,VERTICAL SECTION,,,생략
종대,COLUMN,COLUMN,,,생략
종대차,TRTRCK,TRAILING TRUCK,,,생략
종료,FNSH,FINISH,TO,,생략
종료일자,ENDDT,END DATE,"TO일자,종료일,종결일,종결일자",,생략
종료자,ENDER,ENDER,,,생략
종료점,ENDPT,END POINT,,,생략
종류,KND,KIND,,,생략
종류명,KNDNM,KIND NAME,,,생략
종류번호,KNDNO,KIND NUMBER,,분류어,생략
종류채권,CLSCS,CLAIM IN SPECIES,,,생략
종목,KIND,KIND,,,생략
종문,TLBK,THE TAIL OF A BOOK,,,생략
종별,CLSFCTN,CLASSIFICATION,,,생략
종별구분,CLDV,CLASSIFICATION DIVISION,,,생략
종사,ENFR,ENFILADE FIRE,,,생략
종사,ENGGIN,ENGAGE IN,,,생략
종사자,ENFSN,ENFILADE PERSON,,,생략
종심,DPTH,DEPTH,,분류어,생략
종심첩보표적유형코드,DPIFMTGTPTCD,DEPTH INFORMATION TARGET PATTERN CODE,,분류어,생략
종양,TUMOR,TUMOR ,,,생략
종양학국제질병분류,ICDO,INTERNATIONAL CLASSIFICATION OF DISEASES FOR ONCOLOGY,,,생략
종업원,EMPL,EMPLOYEE,,,생략
종업원지주제도,EPCKH,EMPLOYEE STOCK OWNERSHIP,,,생략
종일,ALLDAY,ALL DAY ,,,생략
종점,LASTSTP,LAST STOP,,,생략
종중,AOSC,FAMILIES OF THE SAME CLAN,,,생략
종합,SYTS,SYNTHESIS,,,생략
종합감사,STHSSN,SYNTHESIS INSPECTION,,,생략
종합검진,CMDCTST,COMPREHENSIVE MEDICAL TESTING,,,생략
종합검진료,CMTFEE,COMPREHENSIVE MEDICAL TESTING FEE,종합검증료,,생략
종합과세,CNTD,CONSOLIDATED TAXATION,,,생략
종합군수지원,ILS,INTEGRATED LOGISTICS SUPPORT,,,생략
종합군수지원계획서,ILSP,INTEGRATED LOGISTICS SUPPORT PLAN,"ILS-P,ILSP",,생략
종합군수지원관리정보체계,LSAMIS,LOGISTICS SUPPORT ANALYSIS MANAGEMENT INFORMATION SYSTEM,,,생략
종합군수지원회의,ILSMT,INTEGRATED LOGISTICS SUPPORT MEETING,,,생략
종합상황도,MSD,MASTER SITUATION DISPLAY,,,생략
종합상황실,ASSR,ALL SOURCES SITUATION ROOM,상황실,,생략
종합정보전시체계,IIDS,INTEGRATED INTELLIGENCE DISPLAY SYSTEM,,,생략
종합정보통신망,ISDN,INTEGRATED SERVICES DIGITAL NETWORK,,,생략
종합주가지수,KCSPI,KOREAN COMPOSITE STOCK PRICE INDEX,,,생략
종합판정,SJGM,SYNTHESIS JUDGMENT,,,생략
종합평가기법,CSLMTHD,CONSOLIDATED METHOD,,,생략
종합품목기본철,TIR,TOTAL ITEM RECORD,,,생략
종횡,LENNBRD,LENGTH AND BREADTH,,,생략
좋아요,LIKE,LIKE,,,생략
좌석,SEAT,SEAT,,,생략
좌석번호,SEATNO,SEAT NUMBER,,분류어,생략
좌석수,SEATCP,SEATING CAPACITY,,,생략
좌안,LFTBNK,LEFT BANK,,,생략
좌약,SPSTRY,SUPPOSITORY,,,생략
좌욕,STZBTH,SITZ BATH,,,생략
좌우,RNL,RIGHT AND LEFT,,,생략
좌익,LFTW,LEFT WING,,,생략
좌측한계,LFTLMT,LEFT LIMIT,,,생략
좌표,COORD,COORDINATE,,분류어,생략
좌표구분코드,CDNCLCD,COORDINATE CLASSIFICATION CODE,,분류어,생략
좌표열,CORDC,COORDINATE COLUMN,,분류어,생략
좌표위치사유코드,CORDLOCRSCD,COORDINATE LOCATION REASON COD,,분류어,생략
좌표체계코드,CRDSCD,COORDINATE SYSTEM CODE,,분류어,생략
좌현,PTSD,PORTSIDE,,,생략
주,WEEK,WEEK,,,생략
주,MAIN,MAIN,정,,생략
주가,STKPC,STOCK PRICE,,,생략
주간,DYTM,DAY TIME,낮,,생략
주간,WK,WEEK,,,생략
주간기상예보,WCAT,WEEK WEATHER FORECAST,,,생략
주간비행,DTFLY,DAY TIME FLYING,,,생략
주간야간,DANT,DAY AND NIGHT TIME,,,생략
주간야간구분코드,DNTICD,DAY AND NIGHT TIME INDICATOR CODE,,분류어,생략
주간활동유형코드,DTATYCD,DAY TIME ACTIVITY TYPE CODE,,분류어,생략
주거,RSDC,RESIDENCE,거주,,생략
주거래,MNBS,MAIN BUSINESS,,,생략
주거래은행,MNCRD,MAIN CREDITOR,,,생략
주거지,DWLSIT,DWELLING SITE,,,생략
주거지원,RSSPT,RESIDENCE SUPPORT,,,생략
주거침입죄,VDCL,VIOLATION OF DOMICILE,,,생략
주거형태코드,RSDSHPCD,RESIDENCE SHAPE CODE,,분류어,생략
주계약업체,PRMCTR,PRIME CONTRACTOR,,,생략
주계약자,MNRCR,MAIN CONTRACTOR,,,생략
주공,MNATK,MAIN ATTACK,,,생략
주공격점,DMPI,DESIRED MEAN POINT OF IMPACT,"요망중심탄착점,요구탄착점,DMPI",,생략
주공격점번호,DMPINO,DESIRED MEAN POINT OF IMPACT NUMBER,,분류어,생략
주공격점영상번호,DMPIIMGNO,DESIRED MEAN POINT OF IMPACT IMAGE NUMBER,,분류어,생략
주공급자제도,PVS,PRIME VENDOR SYSTEM,,,생략
주관,SPVSN,SUPERVISION,,,생략
주관리자,MMG,MAIN MANAGER,,,생략
주관식,SBJTV,SUBJECTIVE,,,생략
주권,SVRGNTY,SOVEREIGNTY,,,생략
주기,PRKNG,PARKING,,,생략
주기,CYCLE,CYCLE,,분류어,생략
주기관추진력,MSTVDV,MAIN INSTITUTION POSITIVE DRIVE(,,,생략
주기동로,MNAFM,MAIN AVENUE FOR MANEUVER,,,생략
주기번호,CYCLENO,CYCLE NUMBER,,분류어,생략
주기장,APRN,APRON,,,생략
주기장번호,APRNNO,APRON NUMBER,,분류어,생략
주기종,PKAC,PRIMARY KIND OF AIR COMBAT,,,생략
주기코드,CYCD,CYCLE CODE,,분류어,생략
주당순이익,ESSR,EARNINGS PER SHARE,,,생략
주도,LED,LEAD,,,생략
주도로,MAINRD,MAIN ROAD,,,생략
주둔,STTNG,STATIONING,,,생략
주둔국,HSTNATN,HOST NATION,,,생략
주둔지,HMSTT,HOME STATION,,,생략
주등기,MNRGST,MAIN REGISTRATION,,,생략
주량,DNPY,DRINKING CAPACITY,,,생략
주력,MFRC,MAIN FORCE,,,생략
주말,WKEND,WEEKEND,,,생략
주머니,BAG,BAG,,,생략
주무,CFCTL,CHIEF CONTROL OF AN AFFAIR,,,생략
주무관,CHFOFC,CHIEF OFFICIAL,,,생략
주무장,MARMT,MAIN ARMAMENT,,,생략
주문,ORDER,ORDER,ORDER,,생략
주문번호,ODRNO,ORDER NUMBER,,분류어,생략
주문서,ORDSHT,ORDER SHEET,,,생략
주미군수무관단,LMAGRUS,LOGISTICS MILITARY ATTACHE GROUP IN THE UNITED STATES OF AMERICA,주미단,,생략
주민,INHB,INHABITANTS,,,생략
주민등록,RSDTREG,RESIDENT REGISTRATION,,,생략
주민등록뒷자리번호,LDSSN,LAST DIGIT OF SOCIAL SECURITY NUMBER,주민등록번호뒷자리,분류어,생략
주민등록등본,CPRSDREG,COPY OF RESIDENT REGISTRATION,,,생략
주민등록번호,SSN,SOCIAL SECURITY NUMBER,주민번호,분류어,생략
주민등록앞자리번호,FDSSN,FIRST DIGIT OF SOCIAL SECURITY NUMBER,주민등록번호앞자리,분류어,생략
주민세,IHBTX,INHABITANT TAX,,,생략
주민통제소구분코드,IHBCCDVSCD,INHABITANTS CONTROL CENTER DIVISION CODE,,분류어,생략
주발전기,MNGNR,MAIN GENERATOR,,,생략
주변,SRND,SURROUND,,,생략
주변국,NATSR,NATION OF SURROUND,,,생략
주보급로,MNSPLRT,MAIN SUPPLY ROUTE,,,생략
주부,MNSUB,MAIN AND SUBORDINATE,정부,,생략
주부구분코드,MNSUBDVCD,MAIN AND SUBORDINATE DIVISION CODE,,분류어,생략
주부식,PSFD,PRINCIPAL AND SUBSIDIARY FOOD,,,생략
주분임,CNDTSK,CHIEF AND DIVISION OF THE TASK,,,생략
주사,SCNG,SCANNING,,,생략
주사,INJ,INJECTION,,,생략
주사격,PRMFR,PRIMARY FIRE,,,생략
주사용,MNSG,MAIN USAGE,,,생략
주사형태,SCTP,SCAN TYPE,,,생략
주생산품류코드,MPIKCD,MAIN PRODUCTION ITEM KIND CODE,,분류어,생략
주석,ANTN,ANNOTATION,COMMENTS,,생략
주석,STNM,STANNUM,,,생략
주성분코드,MINGCD,MAIN INGREDIENT CODE,,,생략
주세,LQTX,LIQUOR TAX,,,생략
주소,ADDR,ADDRESS,,분류어,생략
주소록,ADBK,AN ADDRESS BOOK,,,생략
주소번지,BUNJI,BUNJI,,,생략
주수술,MAOP,MAIN OPERATION,,,생략
주식,STOK,STOCK,,,생략
주식,PRCFD,PRINCIPAL FOOD,,,생략
주식공유,SCCNNP,STOCK COMMON OWNERSHIP,,,생략
주식교환,SCXH,STOCK EXCHANGE,,,생략
주식납입,SCY,STOCK PAYMENT,,,생략
주식매수청구권,APRSKH,APPRAISAL RIGHT BY STOCKHOLDER,,,생략
주식배당,SCDD,STOCK DIVIDEND,,,생략
주식배정,SCKS,STOCK ASSIGNMENT,,,생략
주식병합,STCD,STOCK CONSOLIDATION,,,생략
주식상호보유,SCTPS,STOCK MUTUALITY POSESSING,,,생략
주식소각,SCRTR,STOCK RETIREMENT,,,생략
주식양도,TRFSTK,TRANSFER OF STOCKS,,,생략
주식인수,SCFSK,SUBSCRIPTION OF STOCKS,,,생략
주식청약,SCSCS,SUBSCRIPTION FOR STOCKS,,,생략
주식회사,SKMNY,STOCK COMPANY,,,생략
주안,PROBJ,PRIME OBJECT,,,생략
주야,DYNGT,DAY AND NIGHT,,,생략
주야구분코드,DAYNGTCD,DAY AND NIGHT SECTION CODE,,분류어,생략
주외,RSDFC,RESIDING IN FOREIGN COUNTRY,,,생략
주요,MN,MAIN,메인,,생략
주요검열,PRMCS,PRIMARY CENSORSHIP,,,생략
주요결함,MAJDFT,MAJOR DEFECTIVE,,,생략
주요부대,MAJFC,MAJOR FORCE,,,생략
주요사업비,MWRCS,MAIN WORKING COST,,,생략
주요사태목록,MSEL,MASTER SCENARIO EVENT LIST,,,생략
주요상황,SIGEVENT,SIGNIFICANT EVENT,,,생략
주요잉여물자,MIMEX,MAJOR ITEM MATERIAL EXCESS,,,생략
주요작전,MJROP,MAJOR OPERATION,,,생략
주요화력,MNFP,MAIN FIRE POWER,,,생략
주위,SURND,SURROUNDINGS,,,생략
주유,FUELNG,FUELING,,,생략
주유기,OILR,OILER,,,생략
주유소,GASTN,GAS STATION,,,생략
주유소번호,GSNO,GAS STATION NUMBER,,분류어,생략
주의,ATNT,ATTENTION,CAUTION,,생략
주의보,WARNG,WARNING,,,생략
주의사항,ATPN,ATTENTION POINT,,,생략
주임,CHIEF,CHIEF,,,생략
주임원사,CSGM,COMMAND SERGENT MAJOR,,,생략
주입,PRNG,POURING,,,생략
주입기,INJCTR,INJECTOR,,,생략
주자,RUNR,RUNNER ,,,생략
주장약,MNCHRG,MAIN CHARGE,,,생략
주장약구분코드,MNCHRGCD,IEDMAIN CHARGE DIVISION CODE,,분류어,생략
주전술창,MTCWD,MAIN TACTICAL WINDOW,,,생략
주정,CRFT,CRAFT,,,생략
주정공간,BTSPC,BOAT SPACE,,,생략
주정차,PRKSTOP,PARKING AND STOP,,,생략
주제,SBJT,SUBJECT,테마,,생략
주제어,THMWD,THEME WORD,"KEYWORD,KEY WORD",,생략
주제품,MSTPRD,MASTER PRODUCT,,,생략
주종,MSSN,MASTER AND SERVANT,,,생략
주주,SHRHD,SHAREHOLDER,,,생략
주주명부,SKRT,STOCKHOLDER'S LIST,,,생략
주주사,STKHLDCMPN,STOCKHOLDER COMPANY,,,생략
주주총회,GMTSCK,GENEAL MEETING OF STOCKHOLDERS,,,생략
주중,MDWK,MIDDLE WEEK,,,생략
주지번,MNNM,MAIN LOT NUMBER,,,생략
주진단,MADG,MAIN DIAGNOSIS,,,생략
주진료,MHLC,MAIN HEALTH CARE,,,생략
주진료경로,CPWAY,CRITICAL PATHWAY,,,생략
주차,PARK,PARKING,,,생략
주차,ORDWK,ORDER BY WEEK,,분류어,생략
주차장,PRKNGPLC,PARKING PLACE,주차장소,,생략
주철,CASTIR,CAST IRON ,,,생략
주체,MNBD,MAIN BODY,,,생략
주최,HST,HOST,,,생략
주최자,PRMTR,PROMOTER,,,생략
주출입구,MEE,MAIN ENTRANCE,,,생략
주치,TCHRG,TAKE CHARGE OF,,,생략
주치의,PHTCHRG,PHYSICIAN IN CHARGE,,,생략
주치의사ID,CHADRID,CHARGE DOCTOR ID,,,생략
주키,PK,PRIMARY KEY,PK,,생략
주택,HOUSE,HOUSE,,,생략
주택가,RDSTRT,RESIDENTIAL STREET,,,생략
주택간거리,IBD,INHABITED BUILDING DISTANCE,,,생략
주택수당,HSNGALW,HOUSING ALLOWANCE,,,생략
주택수당종료사유코드,HFRCD,HOUSING ALLOWANCE FINISH REASON CODE,,분류어,생략
주택수당지급사유코드,HPRCD,HOUSING ALLOWANCE PAYMENT REASON CODE,,분류어,생략
주택자금공제코드,HSFSBTRCD,HOUSE FUNDS SUBTRACTION CODE,,분류어,생략
주택자금이자상환구분코드,HSFIDCD,HOUSE FUNDS INTEREST REDEMPTION DIVISION CODE,,분류어,생략
주특기,PMOS,PRIMARY MILITARY OCCUPATIONAL SPECIALTY,군사특기,,생략
주특기번호,PMOSNO,PRIMARY MILITARY OCCUPATIONAL SPECIALTY NUMBER,,분류어,생략
주파,RUN,RUN,,,생략
주파,WAVE,WAVE,,,생략
주파,BTWV,BOAT WAVE,,,생략
주파번호,BTWVNO,BOAT WAVE NUMBER,,분류어,생략
주파수,FRQCY,FREQUENCY,,분류어,생략
주파수변조,FM,FREQUENCY MODULATION,FM,,생략
주파수유형코드,FRQCYTYCD,FREQUENCY TYPE CODE,,분류어,생략
주파수할당,FQNCASGN,FREQUENCY ASSIGNMENT,,,생략
주파장,WVCMD,WAVE COMMANDER,,,생략
주파제한,RUNRS,RUN RESTRICTION,,,생략
주펌프,MNPMP,MAIN PUMP,,,생략
주한,RIK,RESIDING IN KOREA,,,생략
주한미공중기동부대통제관,DMF,DIRECTOR OF MOBILITY FORCE,,,생략
주한미군,USARMK,U.S. FORCES IN KOREA,,,생략
주한미군내선전화,DSN,Defense Switched Network,,,생략
주한미군시설사업,USFKEB,U.S. FORCES IN KOREA EQUIPMENT BUSINESS,,,생략
주한미군시설사업시행자,USFKEBEP,U.S. FORCES IN KOREA EQUIPMENT BUSINESS ENFORCEMEN,,,생략
주한전투통제체계,BCSK,RESIDING IN KOREA BATTLE CONTROL SYSTEM,,,생략
주행,GNVHC,GOING BY VEHICLE,,,생략
주호소,CCN,CHIEF COMPLAIN,,,생략
주화기,MNWPN,MAIN WEAPON,,,생략
주화면,MNSCRN,MAIN SCREEN,부모화면,,생략
준,SEMI,SEMI,,,생략
준공,CMPLTN,COMPLETION,,,생략
준공검사,PDI,PRE-DELIVERY INSPECTION,,,생략
준공검사자,PFBCPSN,PERMIT FOR BUILDING COMPLETION PERSON,,,생략
준공계,CMPLDOC,COMPLETION DOCUMENT,,,생략
준공대가,CMPLPRC,COMPLETION PRICE,,,생략
준공일자,CPLTNDT,COMPLETION DATE,준공일,,생략
준법정신,LWDR,LAW-ABIDING SPIRIT,,,생략
준부사관,WNCOFCR,WARRANT AND NONCOMMISSIONED OFFICER,,,생략
준비,READY,READY,,,생략
준비금,RESVFND,RESERVE FUND,준비금액,,생략
준비물,PRTHNG,PREPARATION THING,,,생략
준비물번호,RTNO,PREPARATION THING NUMBER,,분류어,생략
준비서면,BRIEFS,BRIEFS,,,생략
준비약품,PREPMED,PREPARED MEDCINE,,,생략
준비일자,READYDT,READY DATE,준비일,,생략
준사관,WRNTOFCR,WARRANT OFFICER,,,생략
준상행위,QSICMCTRS,QUASI COMMERCIAL TRANSACTIONS,,,생략
준설선,DRDG,DREDGE,,,생략
준소비대차,QSILNCS,QUASI-LOAN FOR CONSUMPTION,,,생략
준수,OBSVC,OBSERVANCE,,,생략
준용,APCRPND,APPLY CORRESPONDINGLY,,,생략
준위,WRTOFCR,WARRANT OFFICER,,,생략
준장,BG,BRIGADIER GENERAL,,,생략
준한기,WRMPRD,WARM PERIOD,,,생략
준항고,QSPPL,QUASI-APPEAL,,,생략
준회원,ASSTB,ASSOCIATE MEMBER,,,생략
줄루시간,ZULU,ZULU TIME,ZULU,,생략
줄리안일자,JULIAN,JULIAN DAY,,,생략
줄번호,NMBRPL,NUMBER OF PER LINE,,,생략
줌렌즈,ZMLNS,ZOOM LENS,,,생략
중,HEAVY,HEAVY,,,생략
중,MDMCLS,MEDIUM CLASS,,,생략
중,DRNG,DURING,,,생략
중간,MD,MIDDLE,,,생략
중간결산,MDCLSAC,MIDDLE CLOSING ACCOUNTS,,,생략
중간배당,IVND,INTERIM DIVIDEND,,,생략
중간용기,MDLS,MIDDLE INSTRUMENT,,,생략
중간판결,IRRJ,INTERLOCUTORY JUDGEMENT,,,생략
중개수수료,BGMS,BROKERAGE COMMISSION,,,생략
중개인,BROKER,BROKER,,,생략
중경상,SRSLTWD,SERIOUS LIGHT WOUND,,,생략
중계,RELAY,RELAY,,,생략
중계기,RPEAT,REPEATER,,,생략
중계및현황코드,MNSCD,MEDIA AND STATUS CODE,,분류어,생략
중계부대,RLUNT,RELAY UNIT,,,생략
중계부대인계,RLUNTHO,RELAY UNIT HANDOVER,,,생략
중계부대인수,RLUNTUT,RELAY UNIT UNDERTAKING,,,생략
중계선,RLYLNE,RELAY LINE,,,생략
중계소,RLSTN,RELAY STATION,,,생략
중계수송,RLTRS,RELAY TRANSPORTATION,,,생략
중계자,RLPS,PERSON WHO RELAY,,,생략
중계펌프,RPLPMP,REPLY PUMP,,,생략
중고,SCHD,SECONDHAND,중고품,,생략
중고긴급전투사용가능,AMNCCN,SECONDHAND URGENCY COMBAT USE POSSIBILITY,,,생략
중고도정찰용무인기,MUAV,MEDIUM ALTITUDE UNMANNED AERIAL VEHICLE,,,생략
중고반납원미분류,AMNCCK,SECONDHAND RETURN SOURCE NOT CLASSIFICATION,,,생략
중고요시험수정작업,AMNCCD,SECONDHAND REQUIRE TEST MODIFYING WORK,,,생략
중고우선불출,AMNCCC,SECONDHAND PRIORITY ISSUE,,,생략
중고임시불출중지,AMNCCJ,SECONDHAND TEMPORARY ISSUE STOP,,,생략
중고작전불출가능,AMNCCQ,SECONDHAND OPERATIONS ISSUE POSSIBILITY,,,생략
중고전시사용가능,AMNCCT,SECONDHAND WARTIME USE POSSIBILITY,,,생략
중고조건부불출가능,AMNCCB,SECONDHAND CONDITION SUB ISSUE POSSIBILITY,,,생략
중공,CTHL,Center Hole,,,생략
중과실,GRSNGL,GROSS NEGLIGENCE,,,생략
중구,JNGG,JUNGGU ,,,생략
중국,CHN,PEOPLE`S REPUBLIC OF CHINA,,,생략
중국어,CHNLNG,CHINESE LANGUAGE,,,생략
중급,MGRD,MIDDLE GRADE,,,생략
중급상륙주정,LCM,LANDING CRAFT MEDIUM,LCM,,생략
중기,MDTRM,MID-TERM,,,생략
중기계획,IRPLN,INTERMEDIATE RANGE PLANNING,BM,,생략
중기계획사업구분코드,IRPBDVCD,INTERMEDIATE RANGE PLANNING BUSINESS DIVISION CODE,,분류어,생략
중기부대계획,MUNTPLN,MID TERM UNIT PLAN,,,생략
중기사업계획,MYPROPLN,MULTI-YEAR PROJECT PLANNING,,,생략
중남미,LAMRC,LATIN AMERICA,,,생략
중단,DSCTN,DISCONTINUANCE,,,생략
중단일자,DSCTNDT,DISCONTINUANCE DATE,중단일,,생략
중대,IPTNT,IMPORTANTANCE,,,생략
중대,CMPN,COMPANY,,,생략
중대장,CPCMD,COMPANY COMMANDER,,,생략
중도,INMDL,IN THE MIDDLE,,,생략
중도금,MDPAY,MIDDLE PAYMENT,중도금액,,생략
중독,POISN,POISONING,,,생략
중독코드번호,POISNCDNO,POISONINGCODE NUMBER,,분류어,생략
중동,MDEAST,MIDDLE EAST,,,생략
중량,WGHT,WEIGHT,무게,분류어,생략
중력,GRAVITY,GRAVITATION,,,생략
중력가속도,GTAC,GRAVITATIONAL ACCELERATION,,분류어,생략
중령,LTC,LIEUTENANT COLONEL,,,생략
중로켓탄,LRGRKT,LARGE ROCKET,,,생략
중류,MIDL,MIDDLE ,,,생략
중립,NTRLTY,NEUTRALITY,,,생략
중문,CHNSNT,CHINESE SENTENCE,,,생략
중미,CAMRC,CENTRAL AMERICA,,,생략
중복,OVRLP,OVERLAPPING,,,생략
중복보험,DNRC,DOUBLE INSURANCE,,,생략
중부,CNTRAR,CENTRAL AREA,,,생략
중분류,MDCLS,MIDDLE CLASSIFICATION,,,생략
중사,SRGFRS,SERGEANT FIRST CLASS,,,생략
중상,SRSWD,SERIOUS WOUND,,,생략
중상자,SRSWP,SERIOUSLY WOUNDED PERSON,,,생략
중성,NUTL,NEUTRAL,,,생략
중소,SMLMDM,SMALL AND MEDIUM,,,생략
중소기업,SMLPZ,SMALL AND MIDIUM ENTERPRIZE,,,생략
중소위,FSLTNT,FIRST AND SECOND LIEUTENANT,,,생략
중수도,WRRS,WASTEWATER RECLAMATION AND REUSING SYSTEM,,,생략
중순,MTDMN,MIDDLE TEN DAYS OF MONTH,,,생략
중식,LUNC,LUNCH,,,생략
중심,CENTR,CENTER,,,생략
중심점,CTPNT,CENTER POINT,,,생략
중심정맥압,CVP,CENTRAL VENOUS PRESSURE,CVP,,생략
중앙,CENTER,CENTER,,,생략
중앙경리단,CTFNCP,CENTRAL FINANCE CORPS,중경단,,생략
중앙관서,CGOFC,CENTER GOVERNMENT OFFICE,,,생략
중앙노동위원회,NLLN,NATIONAL LABOR RELATIONS COMMISON,,,생략
중앙방공통제소,MCRC,MASTER CONTROL AND REPORTING CENTER,"MCRC,공군중앙방공통제소",,생략
중앙방공통제소수동체계,CRC,CONTROL AND REPORTING CENTER,,,생략
중앙선거관리위원회,NEC,NATIONAL ELECTION COMMISSION,,,생략
중앙실적,CEAC,CENTER ACTRSLT,,,생략
중앙여비,CTEXP,CENTER TRAVELING EXPENSES,,,생략
중앙재고통제,CIC,CENTRAL INVENTORY CONTROL,,,생략
중앙조달,GOVPROC,GOVERNMENT PROCUREMENT,,,생략
중역,EXCTVE,EXECUTIVE,,,생략
중온,MDTPRT,MEDIUM TEMPERATURE,,,생략
중요,IMPTC,IMPORTANCE,,,생략
중요관심지역,NAI,NAMED AREA OF INTEREST,"NAI,중요감시지역",,생략
중요관심지역및관심타격지역구분코드,NAINTAIDVCD,NAMED AREA OF INTEREST AND TARGET AREA INTEREST DIVISION CODE,,분류어,생략
중요관심지역번호,NAINO,NAI NUMBER,,분류어,생략
중요도,IMPTRT,IMPORTANCE RATE,,,생략
중요성,IMPRTC,IMPORTANCE,,,생략
중요시설,CRTFCL,CRITICAL FACILITY,,,생략
중요우군지역,CFZ,CRITICAL FRIENDLY ZONE,,,생략
중요정보,CRITIC,CRITICAL INTELLIGENCE,,,생략
중요지형지물,CTF,CRITICAL TERRAIN FEATURE,,,생략
중요첩보,CRTIF,CRITICAL INFORMATION,,,생략
중용,JYG,JUNYONG,,,생략
중용도로,OVRLRD,OVERLAPPING ROAD,,,생략
중용철도,OVRLRL,OVERLAPPING RAIL,,,생략
중위,LIEU,LIEUTENANT,,,생략
중위,MDRNK,MIDDLE RANK,,,생략
중장,LTG,LIEUTENANT GENERAL,,,생략
중장기,MDGTR,MEDIUM- AND LONG-TERM,,,생략
중장비,HVEQ,HEAVY EQUIPMENT,,,생략
중장비수송차량,HET,HEAVY EQUIPMENT TRANSPORTER,,,생략
중재,ABTRTN,ARBITRATION,,,생략
중점,EMPH,EMPHASIS,,,생략
중점질병,ESIK,EMPHASIS SICKNESS,,,생략
중졸,MSCGRD,MIDDLE SCHOOL GRADUATES ,,,생략
중증,SRIN,SERIOUS ILLNESS,,,생략
중증진료등록번호,SRDGSRGNO,SERIOUS DIAGNOSIS REGISTRATION NUMBER,,분류어,생략
중지,STP,STOP,,,생략
중지일자,STOPDT,STOP DATE,중지일,,생략
중첩,RTRT,REITERATE,,,생략
중추신경,CTRNRV,CENTRAL NERVE,,,생략
중층운,MIDCLD,MIDDLE CLOUDS,,,생략
중탄산염,BCBNT,BICARBONATE,BICARBONATE,,생략
중파,PTDMG,PARTIAL DAMAGE,,,생략
중풍,PALSY,PALSY,,,생략
중하,HVBDN,HEAVY BURDEN,,,생략
중학교,MSKUL,MIDDLE SCHOOL,,,생략
중학생,MSKLSD,MIDDLE SCHOOL STUDENT,,,생략
중형,MDMSZ,MEDIUM SIZE,,,생략
중형주,MLCK,MIDDLE STOCK,,,생략
중혼,BIGAMY,BIGAMY,,,생략
중환자,CRTILLPT,CRITICALLY ILL PATIENT,,,생략
중환자실,ICU,INTENSIVE CARE UNIT,,,생략
즉각,INSTNT,INSTANT,,,생략
즉결심판,SMJST,SUMMARY JUSTICE,즉심,,생략
즉결심판절차,POSJ,PROCEEDING OF THE SUMMARY JUDGMENT,,,생략
즉납,IMMY,IMMEDIATE PAYMENT,,,생략
즉시,IMDT,IMMEDIATELY,,,생략
즉시항고,IDTPLN,IMMEDIATE COMPLAINT,,,생략
즉응,PRMCNF,PROMPT CONFORMITY,,,생략
즐겨찾기,BKMK,BOOKMARK,,,생략
즐겨찾기함,BKMKF,BOOKMARK FOLDER,,,생략
증가,INCRS,INCREASE,,,생략
증가량,INCQTY,INCREASE QUANTITY,증가수량,,생략
증가율,INCRSRT,INCREASE RATE,,,생략
증감,INCDCR,INCREASE AND DECREASE,,,생략
증감구분코드,INDDCD,INCREASE AND DECREASE DIVISION CODE,,분류어,생략
증감액,INCDCRAM,INCREASE AND DECREASE AMOUNT,증감금액,,생략
증감일자,INCDCRDT,INCREASE AND DECREASE DATE,증감일,,생략
증강,BLDUP,BUILD UP,,,생략
증강목표,RIFOBJ,REINFORCED OBJECTIVES,,,생략
증거보전,PRSVEVD,PRESERVATION OF EVIDENCE,,,생략
증권,SCRTS,SECURITIES,,,생략
증권번호,SCRTSNO,SECURITIES NUMBER,,분류어,생략
증기,STEAM,STEAM,,,생략
증기압,VPRPRS,VAPOR PRESSURE,,,생략
증류수,DSTWTR,DISTILLED WATER,,,생략
증류주,SPRLIQ,SPIRITUOUS LIQUOR,,,생략
증명,PROOF,PROOF,,,생략
증명서,CERT,CERTIFICATE,증,,생략
증명서번호,CERTFNO,CERTIFICATE NUMBER,,분류어,생략
증발,EVP,EVAPORATION,,,생략
증빙,EVDC,EVIDENCE,,,생략
증빙구분코드,EVDVCD,EVIDENCE DIVISION CODE,,분류어,생략
증빙번호,EVDCNO,EVIDENCE NUMBER,,분류어,생략
증빙서,VCHR,VOUCHER,,,생략
증빙서일련번호,VCSN,VOUCHER SERIAL NUMBER,,분류어,생략
증빙일자,EVDCDT,EVIDENCE DATE,증빙일,,생략
증상,SMPTM,SYMPTOM,,,생략
증서,DEED,DEED,증장,,생략
증설,ESB,ESTABLISH,,,생략
증세,SYMPTM,SYMPTOMS,증상,,생략
증식,ADMLSCV,ADDITIONAL MEAL SERVICE,,,생략
증액,INCRAMT,INCREASED AMOUNT,,,생략
증언거부권,RTRTY,RIGHT TO REFUSE TO TESTIFY,,,생략
증여,DONTN,DONATION,,,생략
증원,RINFC,REINFORCE,,,생략
증원군,REINFC,REINFORCEMENTS,,,생략
증원부대,REINFCM,REINFORCEMENTS,,,생략
증인신문,EMNWS,EXAMINATION OF A WITNESSES,,,생략
증자,INCC,INCREASED CAPITAL,,,생략
증창설,EXTEST,EXTENSION AND ESTABLISHMENT,,,생략
증축,ENLBLD,ENLARGEMENT OF A BUILDING,,,생략
증특식,ADSPCFD,ADDED AND SPECIAL FOOD,,,생략
증편,AGMT,AUGMENTATION,,,생략
증폭,AMPLFC,AMPLIFICATION,,,생략
증폭기,AMPLFR,AMPLIFIER,,,생략
증후식,ADFDST,ADDED FOOD AND DESERT,,,생략
증후증,SYNDRM,SYNDROME,,,생략
지가,PCLND,PRICE OF LAND,,,생략
지각,LTN,LATENESS,,,생략
지게,CRRCK,CARRYING RACK,,,생략
지게차,FKLFT,FORKLIFT,"포크리프트,포크",,생략
지경,BORDER,BORDER,,,생략
지구,DSTRT,DISTRICT,,,생략
지구,ERTH,EARTH,,,생략
지구만곡도,EARCURDEG,EARTH CURVE DEGREE,,,생략
지그비,ZIGBEE,ZIGBEE,,,생략
지급,SPLY,SUPPLY,,,생략
지급,PAYMNT,PAYMENT,지불,,생략
지급금,DSBS,DISBURSEMENT,"지급금액,지급액",,생략
지급방법코드,PAYMTHDCD,PAYMENT METHOD CODE,,분류어,생략
지급보증번호,PAYGUNO,PAYMENT GUARANTEE NUMBER,,분류어,생략
지급불가능,PIPS,PAYMENT IMPOSSIBILITY,,,생략
지급수수료,PAYFEE,PAYMENT FEE,,,생략
지급율,PYRT,PAYMENT RATE,,,생략
지급일자,PAYMDT,PAYMENT DATE,"지급일,지불일자,지불일",,생략
지급일자,SPLYDT,SUPPLY DATE,지급일,,생략
지급제외구분코드,PEDCD,PAYMENT EXCLUSION DIVISION CODE,,분류어,생략
지급제한,PMRST,PAYMENT RESTRICTION,,,생략
지급제한구분코드,PRDCD,PAYMENT RESTRICTION DIVISION CODE,,분류어,생략
지급회수구분코드,PREDCD,PAYMENT RETRIEVAL DIVISION CODE,,분류어,생략
지남력,ORNTN,ORIENTATION,,,생략
지능,INTLCT,INTELLECT,,,생략
지능망,ITGNWK,INTELLIGENT NETWORK,,,생략
지능형교통시스템,ITS,INTELLIGENT TRANSPORT SYSTEMS,,,생략
지단,FNGTP,FINGERTIP,,,생략
지대,ZONE,ZONE,,,생략
지대공,STA,SURFACE TO AIR,,,생략
지대공유도무기소프트웨어구성항목,SAMCSC,SURFACE TO AIR MISSILE COMPUTER SOFTWARE COMPONENT,,,생략
지대공유도탄,SAM,SURFACE-TO-AIR MISSILE,"SAM,지대공미사일",,생략
지대지,STS,SURFACE TO SURFACE,,,생략
지대지유도탄,SSM,SURFACE-TO-SURFACE MISSILE,,,생략
지대함유도탄기지구분코드,STWSGMSBDVCD,SURFACE TO WAR SHIP GUIDED MISSILE BASE DIVISION CODE,,분류어,생략
지도,INSTRCT,INSTRUCTION,,,생략
지도,MAP,MAP,,,생략
지도교수,ADVSR,ADVISER,,,생략
지도도엽,MAPSR,MAP SERIES,,,생략
지도종류코드,MAPKNDCD,MAP KIND CODE,,분류어,생략
지도층,LDERSH,LEADERSHIP,,,생략
지득,ACQKNOW,ACQUISITION OF KNOWLEDGE,,,생략
지령,DRTV,DIRECTIVE,,,생략
지로,GIRO,GIRO,,,생략
지뢰,LNDMN,LAND MINE,,,생략
지뢰조,MNSTR,MINE STRIP,,,생략
지뢰지대,MNFLD,MINEFIELD,,,생략
지뢰지대설치형태코드,MFLINSTTYCD,MINEFIELD INSTALLATION SHAPE CODE,,분류어,생략
지뢰지대종류코드,MNFLDKCD,MINEFIELD KIND CODE,,분류어,생략
지뢰지대통과폭유형코드,MFLPAWDTYCD,MINEFIELD PASS WIDTH TYPE CODE,,분류어,생략
지리,GGPFT,GEOGRAPHICAL FEATURE,,,생략
지리적,GGRPH,GEOGRAPHICAL,,,생략
지리정보,GEOIT,GEOGRAPHIC INTELLIGENCE,,,생략
지리학,GRPY,GEOGRAPHY,,,생략
지망,WISH,WISH,,,생략
지면,GRUND,GROUND,,,생략
지명,PLCNM,PLACE NAME,,,생략
지명경쟁계약,CTRNMCPT,CONTRACT BY NOMINATING COMPETITION,지명경쟁,,생략
지명경쟁계약사유코드,CNCRCD,CONTRACT BY NOMINATING COMPETITION REASON CODE,,분류어,생략
지명록,REGDOC,REGION DOCUMENT,,,생략
지명채권,NTVCL,NOMINATIVE CLAIM,,,생략
지목,LNDCTG,LAND CATEGORY,,,생략
지목코드,LNDCTGCD,LAND CATEGORY CODE,,분류어,생략
지문,FPT,FINGER PRINT,,분류어,생략
지문,INQ,INQUIRY,,,생략
지물,FEATR,FEATURE,,,생략
지반,FNDTN,FOUNDATION,,,생략
지방,FAT,FAT,,,생략
지방,PRVN,PROVINCE,,,생략
지방관제소,CRP,CONTROL AND REPORTING POST,,,생략
지방병무청,RMMA,REGIONAL MILITARY MANPOWER ADMINISTRATION,,,생략
지방병무청코드,RMMACD,REGIONAL MILITARY MANPOWER ADMINISTRATION CODE,,분류어,생략
지방세,LCTX,LOCAL TAX,,,생략
지방자치단체,LCATNENT,LOCAL AUTONOMOUS ENTITY,,,생략
지방자치단체코드,LCATENCD,LOCAL AUTONOMOUS ENTITY CODE,,분류어,생략
지방채,LGFND,LOCAL GOVERNMENT FUND,,,생략
지배권,OSNTL,ONE´S CONTROL,,,생략
지배주주,CSTKD,CONTROL STOCKHOLDER,,,생략
지번,LTNO,LOT NUMBER,,분류어,생략
지병,CHDX,CHRONIC DISEASE,,,생략
지분,SHARE,SHARE,,,생략
지분권,QUTART,RIGHT OF QUOTA,,,생략
지분양도,QTTRNS,QUOTA TRANSFER,,,생략
지분율,SHRERT,SHARE RATE,지분비율,,생략
지불금,PYMNTMNY,PAYMENT MONEY,,,생략
지불액,AMTPAY,THE AMOUNT PAYABLE,"지불금액,지불금",,생략
지붕,ROOF,ROOF,,,생략
지붕구조코드,RFSTRCD,ROOF STRUCTURE CODE,,분류어,생략
지사,BRNCH,BRANCH,,,생략
지상,GROUND,GROUND,,,생략
지상감시레이더,RASIT,RADAR SURVEILLANCE INTERCEPT,RASIT,,생략
지상고,GRDCLR,GROUND CLEARANCE,,,생략
지상고도,AGL,ABOVE GROUND LEVEL,AGL,,생략
지상고속활주,HSTX,HIGH SPEED TAXI,,,생략
지상관제,GNDC,GROUND CONTROL,,,생략
지상군,LNDFC,LAND FORCES,,,생략
지상권,SPFC,SUPERFICIES,,,생략
지상근접항공지원,GCAS,GROUND CLOSE AIR SUPPORT,,,생략
지상기준점,GCP,GROUND CONTROL POINT,,,생략
지상대기공세제공,GOCA,GROUND ALERT OFFENSIVE COUNT AIR,,,생략
지상대기항공차단,GAI,GROUND ALERT AIR INTERDICTION,,,생략
지상물,GRDBLD,GROUND BUILDING,,,생략
지상시설종류코드,GIKCD,GROUND INSTALLATION KIND CODE,,분류어,생략
지상요격관제,GCI,GROUND CONTROL INTERCEPTION,,,생략
지상유도통제소,GCA,GROUND CONTROL APPROACH,,,생략
지상이동감청반,GMIT,GROUND MOBILIZED INTERCEPT TEAM,"GMIT,지상이동형감청팀",,생략
지상중계장비,GREQ,GROUND RELAY EQUIPMENT,,,생략
지상지점코드,GRPSTCD,GROUND POSITION CODE,,분류어,생략
지상추적장비,GTEQ,GROUND TRACKING EQUIPMENT,,,생략
지상통제장비,GCEQ,GROUND CONTROLLED EQUIPMENT,,,생략
지상표적,GRDTGT,GROUND TARGET,,,생략
지상형판구분코드,GRNDTMPCD,GROUND TEMPLATE SECTION CODE,,분류어,생략
지선,BRNCHLN,BRANCH LINE,,,생략
지세,LNDRNT,LAND RENT,,,생략
지세,GEOFT,GEOGRAPHICAL FEATURES,,,생략
지세,TXLNDPF,TAX OF LAND PROFIT,,,생략
지세지형정보코드,GEOGRPTINFCD,GEOGRAPHICAL TOPOGRAPHY INFORMATION CODE,,분류어,생략
지소,SBSTAT,SUBSTATION,,,생략
지속,CNTNC,CONTINUANCE,,,생략
지속능력,SSTAB,SUSTAINABILITY,,,생략
지속성,CTNDBT,CONTINUANCE DURABILITY,,,생략
지속적신대체요법,CRRT,CONTINUOUS RENAL REPLACEMENT THERAPY,,,생략
지수,IDXNUM,INDEX NUMBERS,,분류어,생략
지수평활,EXPSMT,EXPONENTIAL SMOOTHING,,,생략
지시,INSTRTN,INSTRUCTIONS,,,생략
지시번호,INSTRNO,INSTRUCTIONS NUMBER,,분류어,생략
지시서,LOI,LETTER OF INSTRUCTION,,,생략
지시식선하증권,OBL,ORDER BILL OF LADING,,,생략
지시일자,INSTDT,INSTRUCTIONS DATE,지시일,,생략
지시자,PSNINS,PERSON WHO INSTRUCTS SOMEONE,,,생략
지시채권,DBLTD,DEBT PAYABLE TO ORDER,,,생략
지식,KNLG,KNOWLEDGE,,,생략
지식경영,KNMGT,KNOWLEDGE MANAGEMENT,,,생략
지식관리체계,KMS,KNOWLEDGE MANAGEMENT SYSTEM,KMS,,생략
지식기반산업,KLDGNR,KNOWLEDGE BASED INDUSTRY,,,생략
지역,RGN,REGION,,,생략
지역구,RGU,REGIONGU,,,생략
지역권,ESMT,EASEMENT,,,생략
지역도,RDO,REGIONDO,,,생략
지역미지정,RGUD,REGION UNDESIGNATED,,,생략
지역방공,ZODE,ZONE DEFENSE,,,생략
지역번호,ARNO,AREA NUMBER,,분류어,생략
지역세관별선별기준,LOCLRS,LOCAL REVIEW SELECTIVITY,,,생략
지역정보연락사무소,RILO,REGIONAL INTELLIGENCE LIAISON OFFICE,,,생략
지역코드,RGNCD,REGION CODE,,분류어,생략
지연,DELAY,DELAY,,,생략
지연배상금,DLYINDNT,DELAY INDEMNITIES,,,생략
지원,SPPRT,SUPPORT,,,생략
지원,APPLY,APPLY,,,생략
지원군,SPTMIL,SUPPORTING MILITARY,,,생략
지원군구분코드,SPTMILDVSCD,SUPPORTING MILITARY DIVISION CODE,,분류어,생략
지원금,SPTFND,SUPPORT FUND,"지원금액,지원액",,생략
지원기지구분코드,SUPRTBASCD,SUPPORT BASE SECTION CODE,,분류어,생략
지원번호,SPRTNO,SUPPORT NUMBER,,분류어,생략
지원부대,SPTUNT,SUPPORTING UNIT,시설부대,,생략
지원부대배당량,INSTALW,INSTALLATION ALLOWANCE,시설부대배당량,,생략
지원서,WTNAPL,WRITTEN APPLICATION,,,생략
지원시설,SRNST,SUPPORT INSTALLATION,,,생략
지원실적,SATRT,SUPPORT ACTUAL RESULT,,,생략
지원용,FSPT,FOR SUPPORT,,,생략
지원일자,APPLDT,APPLY DATE,지원일,,생략
지원자,VLNTR,VOLUNTEER,,,생략
지원자번호,VLNTNO,VOLUNTEER NUMBER,,분류어,생략
지원절차,SPRC,SUPPORT PROCESS,,,생략
지원탄약구분코드,SACCD,SUPPORT AMMUNITION CATEGORY CODE,,분류어,생략
지원편성구분,SODIV,SUPPORT AND ORGANIZATION DIVISION,"시설편성구분,편성지원구분,편성시설구분",,생략
지원편성구분코드,SNOCD,SUPPORT AND ORGANIZATION DIVISION CODE,,분류어,생략
지원항공기,SPAIR,SUPPORTING AIRCRAFT,지원기,,생략
지원항공작전기지,SFLTSF,SUPPORT FLIGHT BASE OF OPERATIONS,,,생략
지인,ACQTC,ACQUAINTANCE,,,생략
지입차,CORPV,A PRIVATE VECHICLE REGISTERED AND RUN IN THE NAME OF A TRANSPORTAION COMPANY,,,생략
지자기폭풍,GEOSTM,GEOMAGNETIC STORM,,,생략
지자체,LOCGOV,LOCAL GOVERNMENTS ,,,생략
지장,TMBIMPRS,THUMB IMPRESSION,,,생략
지적,LNDREG,LAND REGISTER,,,생략
지적,INDC,INDICATION,,,생략
지적공부,LDREGBK,LAND REGISTER BOOK,,,생략
지적도,CDMAP,CADASTRAL MAP,,,생략
지적법,LDREGLW,LAND REGISTER LAW,,,생략
지적정리,LDREGARG,LAND REGISTER ARRANGEMENT,,,생략
지적측량성과,LRVT,LAND REGISTER SURVEYING DATA,,,생략
지적필지,LDREGLOT,LAND REGISTER LOT,지적필,,생략
지점,SPT,SPOT,,,생략
지점,BRCHOFC,BRANCH OFFICE,,,생략
지점번호,DOTNO,DOT NUMBER,,분류어,생략
지점장,BRNMGER,MANAGER OF BRANCH,,,생략
지정,DSGNTN,DESIGNATION,,,생략
지정가,LIMITS,LIMITS,,,생략
지정구매,DOCS,DEFINED ORDER CASE,,,생략
지정권자,APTR,APPOINTOR,,,생략
지정수량,ANTY,APPOINTMENT QUANTITY,,,생략
지정업체,APCMPY,APPOINTMENT COMPANY,,,생략
지정일자,DSGNTNDT,DESIGNATION DATE,지정일,,생략
지정자,ASUSR,ASSIGNMENT USER,,,생략
지정집결,RDV,RENDEZVOUS,랑데뷰,,생략
지정처치,DMTRT,DESIGNATION MEDICAL TREATMENT,,,생략
지정필일자,DSGFNSDT,DESIGNATION FINISHED DATE,지정필일,,생략
지정학,GPLTC,GEOPOLITICS,,,생략
지정행정기관,APNTADMCH,APPOINTMENT ADMINISTRATIVE MACHINERY,,,생략
지주,PROP,PROP,,,생략
지중온도,SOLTPRT,SOIL TEMPERATURE,,,생략
지지,SUPRT,SUPPORT,,,생략
지지력,BRPW,BEARING POWER,,,생략
지지물,SPSTRT,SUPPORTING STRUCTURE,,,생략
지진파,SEIWV,SEISMIC WAVE,,,생략
지질,NTSOL,NATURE OF THE SOIL,,,생략
지질코드,GLGFCD,GEOLOGICAL FEATURE CODE,,분류어,생략
지참,BRNGNG,BRINGING,,,생략
지참약품,BRMED,BRINGING MEDICINE,,,생략
지청코드,GVCD,GOVERNMENT CODE,,,생략
지체,ARREARS,ARREARS,,,생략
지체상금,CFA,COMPENSATION FOR ARREARS,,,생략
지체상금률,CFART,COMPENSATION FOR ARREARS RATE,지체상금율,,생략
지출,DSBSMT,DISBURSEMENT,,,생략
지출결의,DSBSMNT,DISBURSEMENT,,,생략
지출결의서,DV,DISBURSEMENT VOUCHER,DV,,생략
지출결의서번호,DVNO,DISBURSEMENT VOUCHER NUMBER,,분류어,생략
지출결의일자,DSBSDT,DISBURSEMENT DATE,지출결의일,,생략
지출관,DSBOFCR,DISBURSING OFFICER,,,생략
지출관서,EGO,EXPENSE GOVERNMENT OFFICE,,,생략
지출금,SPDMN,SPENDING MONEY,"지출금액,지출액",,생략
지출목,EXITM,EXPENDITURE ITEMS,,,생략
지출목코드,EXPITMCD,EXPENDITURE ITEMS CODE,,분류어,생략
지출번호,DSBSNO,DISBURSEMENT NUMBER,,분류어,생략
지출부,DSBSBK,DISBURSEMENT BOOK,,,생략
지출세목,EXDTL,EXPENDITURE DETAILS,,,생략
지출세목코드,EXDTLCD,EXPENDITURE DETAILS CODE,,분류어,생략
지출원,EXPPSN,PERSON OF EXPENDITURE,,,생략
지출원인행위,CAE,CAUSATIVE ACTS OF EXPENDITURE,,,생략
지출원인행위일자,CAEDT,CAUSATIVE ACTS OF EXPENDITURE DATE,지출원인행위일,,생략
지출일자,DSBSMDT,DISBURSEMENT DATE,지출일,,생략
지출한도,DSBLMT,DISBURSEMENT LIMIT,,,생략
지층,SLR,SOIL LAYER,,,생략
지침,GUIDNC,GUIDANCE,,,생략
지침구분코드,GCCD,GUIDANCE CATEGORY CODE,,분류어,생략
지침번호,GDNCNO,GUIDANCE NUMBER,,분류어,생략
지침서,GDOC,GUIDANCE DOCUMENT,,,생략
지침서번호,GDOCNO,GUIDANCE DOCUMENT NUMBER,,분류어,생략
지터,JTTR,JITTER,,,생략
지팡이,STICK,STICK,,,생략
지표,LNDMRK,LAND MARK,,,생략
지표,INDCTR,INDICATOR,,,생략
지표면,SFLND,SURFACE OF LAND,,,생략
지프,JEEP,JEEP,,,생략
지하,UNDGRD,UNDERGROUND,,,생략
지하공동구,UDUTPC,UNDERGROUND UTILITY-PIPE CONDUIT,,,생략
지하도,UNDPASS,UNDERPASS,,,생략
지하면적,UGRDAR,UNDERGROUND AREA,,,생략
지하차도,UNDGRDRD,UNDERGROUND ROAD,,,생략
지하철,SBWY,SUBWAY,,,생략
지하철역,SBWSTN,SUBWAY STATION,,,생략
지향,FXDRTN,FIXED DIRECTION,,,생략
지향성,DRCVT,DIRECTIVITY,,,생략
지혈대,TNQT,TOURNIQUET,,,생략
지형,TPGRPH,TOPOGRAPHY,,,생략
지형분석구분코드,TPGRANLSDVD,TOPOGRAPHY ANALYSIS DIVISION CODE,,분류어,생략
지형요소,GITEM,Geographic Item,,,생략
지형정보코드,TPGRPHINFOCD,TOPOGRAPHY INFO CODE,,분류어,생략
지형지물,TRFT,TERRAIN FEATURES,,,생략
지형지물구분코드,TRFTDVCD,TERRAIN FEATURES DIVISION CODE,,분류어,생략
지형지물번호,TRFTNO,TERRAIN FEATURES NUMBER,,분류어,생략
지형지물종류코드,TRFTKNDCD,TERRAIN FEATURES KIND CODE,,분류어,생략
지형특성구분코드,TPGRSPQLTCD,TOPOGRAPHY SPECIAL QUALITY SECTION CODE,,분류어,생략
지형험준도,TPGRSTDG,TOPOGRAPHY STEEPNESS DEGREE,,,생략
지형험준도구분코드,TPGRSTDGSECD,TOPOGRAPHY STEEPNESS DEGREE SECTION CODE,,분류어,생략
지휘,CMMD,COMMAND,,,생략
지휘관,CMMDR,COMMANDER,,,생략
지휘관계,CMDAR,COMMAND ARRANGEMENT,,,생략
지휘관일련번호,CMDSNO,COMMANDER SERIAL NUMBER,,분류어,생략
지휘관중요정보요구,CCIR,COMMANDER`S CRITICAL INFORMATION REQUIREMENT,,,생략
지휘관판단,CMDES,COMMANDER`S ESTIMATE,,,생략
지휘구축함,DL,DESTROYER LEADER,DL,,생략
지휘보고,CMDRP,COMMAND REPORT,,,생략
지휘부,CMND,COMMAND,,,생략
지휘소,CMDPST,COMMAND POST,,,생략
지휘소자동화체계,CPAS,COMMAND POST AUTOMATION SYSTEM,CPAS,,생략
지휘소코드,CMDPSTCD,COMMAND POST CODE,,분류어,생략
지휘지원체계,NCSS,COMMAND SUPPORT SYSTEM,,,생략
지휘추천,DRRCMD,DIRECTION RECOMMAND,,,생략
지휘추천서,DRCMDOC,DIRECTION RECOMMAND DOCUMENT,,,생략
지휘통신일련번호,CCSNO,COMMAND COMMUNICATION SERIAL NUMBER,,분류어,생략
지휘통제,CANDC,COMMAND AND CONTROL,,,생략
지휘통제체계중부동부작전,CCSMEO,COMMAND AND CONTROL SYSTEM MIDDLE EAST OPERATION,,,생략
지휘통제통신,C3,COMMAND CONTROL AND COMMUNICATION,,,생략
지휘통제품목,CCI,COMMAND CONTROL ITEM,,,생략
직간접,DTIDT,DIRECT AND INDIRECT,,,생략
직결,DRCCON,DIRECT CONNECTION,,,생략
직경,DMT,DIAMETER,지름,분류어,생략
직계,DRLN,DIRECT LINE,,,생략
직계비속,LNLDCD,LINEAL DESCENDANT,,,생략
직계존속,LSNT,LINEAL ASCENDANT,,,생략
직교,ORTHGN,ORTHOGONAL,,,생략
직교품,DEITM,DIRECT EXCHANGE ITEM,,,생략
직구매,DRTPCH,DIRECT PURCHASE,,,생략
직군,ENTGRP,ENTRY GROUP,,,생략
직군구분코드,ENTGRPDCD,ENTRY GROUP DIVISION CODE,,분류어,생략
직군코드,ENTGRPCD,ENTRY GROUP CODE,,분류어,생략
직권,OCTHT,OFFICIAL AUTHORITY,,,생략
직급,CLSPST,CLASS OF POSITION,,,생략
직납,DLDR,DELIVER DIRECTLY,,,생략
직능,FNCTN,FUNCTION,,,생략
직능인,JLPRS,JOB ABILITY PERSON,,,생략
직능특기코드,FNSPCD,FUNCTION SPECIALITY CODE,,분류어,생략
직렬,ELTSR,ELECTRICAL SERIES,직렬연결,,생략
직렬,SCPS,THE SERIAL CLASS OF POSITION,,,생략
직류,DCTR,DIRECT CURRENT,,,생략
직립,STDERC,STANDING ERECT,,,생략
직매,DTSL,DIRECT SALE,,,생략
직무,DUTY,DUTY,DUTY,,생략
직무관련공무원,DYRLSN,DUTY RELATION PUBLIC SERVANT,,,생략
직무관련자,DYRS,DUTY RELATION PERSON,,,생략
직무대리,DUTYAGC,DUTY AGENCY,,,생략
직무대리인,DUTYAGT,DUTY AGENT,직무대리자,,생략
직무명령,DTYCMMND,DUTY COMMAND,,,생략
직무발명,INTH,INVENTION IN CONNECTION WITH DUTY,,,생략
직무유기죄,DCSTY,DERELICTION OF ONE'S DUTY,,,생략
직무일자,DUYDT,DUTY DATE,,,생략
직물,WVNF,WOVEN STUFF,,,생략
직배,DCTSR,DIRECT DISTRIBUTION,,,생략
직별,MSPT,MISSION PART,,,생략
직별장,MSPTL,MISSION PART LEADER,,,생략
직불,DRISS,DIRECT ISSUE,,,생략
직사화기,DFA,DIRECT FIRE ARM,,,생략
직선,STRLN,STRAIGHT LINE,,,생략
직선형,STRLNTP,STRAIGHT LINE TYPE,,,생략
직속,DRTBL,DIRECTLY BELONGING,,,생략
직송,DRDL,DIRECT DELIVERY,,,생략
직업,JOB,JOB,,,생략
직업보도,VOCGD,VOCATIONAL GUIDANCE,,,생략
직업신분범위코드,JSPSCD,JOB SOCIAL POSITION SCOPE CODE,,분류어,생략
직영,DRCMGT,DIRECT MANAGEMENT,,,생략
직원,BMP,EMPLOYEE,,,생략
직위,WKRNK,WORK RANK,,,생략
직인,OFSL,OFFICIAL SEAL,,,생략
직장,UNTELMT,UNIT ELEMENT,,,생략
직장,WKPLC,WORK PLACE,,,생략
직장내훈련,OJT,ON THE JOB TRAINING,,,생략
직장미지정,WPUD,WORK PLACE UNDESIGNATED,,,생략
직장예비군,WSUNT,WORKSHOP UNIT,,,생략
직장훈련,SFRN,STAFF TRAINING,,,생략
직전,JSTBF,JUST BEFORE,,,생략
직접,DRCTCT,DIRECT CONTACT,,,생략
직접간접구분코드,DNIDCD,DIRECTION AND INDIRECTNESS CODE,,분류어,생략
직접노무비,DLBCST,DIRECT LABOR COST,직접노무비용,,생략
직접비,DRCTCST,DIRECT COST,,,생략
직접사인,DIRCUSE,DIRECT CONTACT CAUSE OF DEATH,,,생략
직접입력여부,DIRECT,DIRECT CONTACT INPUT YES OR NO,,,생략
직접재료비,DMTCST,DIRECT MATERIAL COST,직접재료비용,,생략
직접절충교역,DROFS,DIRECT OFFSET,,,생략
직접조제,DRPOM,DIRECT CONTACT PREPARATION OF MEDICINE,,,생략
직접지급금,DRDSBS,DIRECT CONTACT DISBURSEMENT,,,생략
직접지원,DS,DIRECT SUPPORT,,,생략
직제,OFCORG,OFFICE ORGANIZATION,,,생략
직제코드,OFCORGCD,OFFICE ORGANIZATION CODE,,분류어,생략
직종,OCPCTG,OCCUPATIONAL CATEGORY,,,생략
직책,RSPOFC,RESPONSIBILITIES OF OFFICE,직,,생략
직책권한번호,RSPOFCATHRNO,RESPONSIBILITIES OF OFFICE AUTHORITY NUMBER,,분류어,생략
직책명,RSPONM,RESPONSIBILITY NAME,,분류어,생략
직책코드,RBOCD,RESPONSIBILITIES OF OFFICE CODE,,분류어,생략
직할,DRCTL,DIRECT CONTROL,,,생략
직할부대,DRCTRTR,DIRECT CONTROL TROOP,"직할대,직속부대",,생략
직할시,CYCRTH,CITY UNDER THE DIRECT CONTROL OF THE CENTRAL GOVER,,,생략
진,TRUE,TRUE,,,생략
진개,DSTDRT,DUST AND DIRT,,,생략
진공,VCM,VACUUM,,,생략
진균,FUNGUS,FUNGUS,,,생략
진급,PROMT,PROMOTION,승진,,생략
진급권자,PRATHPSN,PROMOTION AUTHORIZED PERSON,,,생략
진급명령,PRMORD,PROMOTION ORDER,,,생략
진급심사,PRMJDG,PROMOTION JUDGMENT,,,생략
진급예정자,PMTPS,PROMOTION PREDESTINATOR,,,생략
진급일자,PRMTNDT,PROMOTION DATE,"진급일,승진일,승진일자",,생략
진급자,PRMTPSN,PROMOTED PERSON,승진자,,생략
진급획득,PRACQ,PROMOTION ACQUISITION,,,생략
진단,DGNSS,DIAGNOSIS,,,생략
진단내역,DGPT,DIAGNOSIS PARTICULARS,,,생략
진단서,MDCERT,MEDICAL CERTIFICATE,의안,,생략
진단자,DSPRS,DIAGNOSE PERSON,,,생략
진단코드번호,DGNSSCODENO,DIAGNOSISCODENUMBER,,분류어,생략
진도,MSPRG,MEASURE OF PROGRESS,,,생략
진도개,JDD,JINDO DOG,,,생략
진도율,PRGRT,PROGRESS RATE,,,생략
진로,FWPTH,FORWARD PATH,,,생략
진료,HLCR,HEALTH CARE,,,생략
진료과,HLCRDPT,HEALTH CARE DEPARTMENT,,,생략
진료과계열코드,HCDSCD,HEALTH CARE DEPARTMENT SERIES CODE,,분류어,생략
진료과코드,HLCRDPTCD,HEALTH CARE DEPARTMENT CODE,,분류어,생략
진료구분코드,HCDCD,HEALTH CARE DIVISION CODE,,분류어,생략
진료비,MDCSTFEE,MEDICAL CONSULTATION FEE,"진찰료,진찰비",,생략
진료비청구,MFREQ,MEDICAL CONSULTATION FEE REQUISITION,,,생략
진료비청구번호,MFREQNO,MEDICAL CONSULTATION FEE REQUISITIONNUMBER,,분류어,생략
진료비청구접수번호,MFREQRCPTNO,MEDICAL CONSULTATION FEE REQUISITIONRECEIPT NUMBER,,분류어,생략
진료비총액,MDFTAM,MEDICAL CONSULTATION FEE TOTAL AMOUNT,,,생략
진료비통계,MFSTA,MEDICAL CONSULTATION FEE STATISTICS,,,생략
진료의사ID,MEDDRID,MEDICATION DOCTOR,,,생략
진료지원,SUP,SUPPORT FOR HEALTH CARE,,,생략
진료지원처방,SPPRS,SUPPORT FOR HEALTH CARE PRESCRIPTION,,,생략
진료확인번호,HLCRCFMNO,HEALTH CARECONFIRMATION NUMBER,,분류어,생략
진수,LCHNG,LAUNCHING,,,생략
진술,STMNT,STATEMENT,,,생략
진술자,STTR,STATER,,,생략
진실,TRUTH,TRUTH,,,생략
진압,SUPESN,SUPPRESSION,,,생략
진열,EXHBI,EXHIBITION,,,생략
진영,FRCSD,FORCE SIDE,,,생략
진영구분코드,FRCSDCD,FORCE SIDE SECTION CODE,,분류어,생략
진위,TF,TRUE FALSE,,,생략
진입,PNTRTN,PENETRATION,,,생략
진입로,SLRD,SLIP ROAD,,,생략
진작,STMLAT,STIMULATION,,,생략
진중,IFLD,IN THE FIELD,,,생략
진지,ENCM,ENCAMPMENT,,,생략
진지강도구분코드,ENCMSTRTHCD,ENCAMPMENT STRENGTH SECTION CODE,,분류어,생략
진지구축자산구분코드,ENCAMBUASTCD,ENCAMPMENT BUILD ASSETS SECTION CODE,,분류어,생략
진지번호,ENCMNO,ENCAMPMENT NUMBER,,분류어,생략
진지변환,ENCNV,ENCAMPMENT CONVERSION,,,생략
진지현황,ENCSTS,ENCAMPMENT PRESENT STATUS,,,생략
진지형태코드,PSTSPCD,POSITION SHAPE CODE,,분류어,생략
진찰,MDCEXM,MEDICAL EXAMINATION,,,생략
진찰료,MDCHRG,MEDICAL EXAMINATION CHARGE,,,생략
진척,PRGR,PROGRESS,,,생략
진척상태코드,PRGRCD,PROGRESS CODE,,분류어,생략
진출,DBCMT,DEBOUCHMENT,,,생략
진출입,SNE,SLIP AND ENTRANCE,,,생략
진출입로,SNERD,SLIP AND ENTRANCE ROAD,,,생략
진폭,AMPTD,AMPLITUDE,,분류어,생략
진학,ERTDS,ENTER UPON STUDIES,,,생략
진항로,TSRT,TRUE SEA ROUTE,,,생략
진행,PRGRS,PROGRESS,,,생략
진행관,PRGMGR,PROGRESS MANAGER,,,생략
진행방향,HEADG,HEADING,,,생략
진행상태코드,PSCD,PROGRESS STATE CODE,,분류어,생략
진행자,MC,MASTER OF CEREMONIES,,,생략
진행평가,PGEVAL,PROGRESS EVALUATION,,,생략
진혈증,ANEMIA,ANEMIA,,,생략
진형,FRMTN,FORMATION,,,생략
진형작도,FRMDR,FORMATION DRAWINGS,,,생략
진형코드,FMTNCD,FORMATION CODE,,분류어,생략
진화,FRPOUT,PUTTING OUT A FIRE,,,생략
질,QLTY,QUALITY,,,생략
질권,PLDG,PLEDGE RIGHT,,,생략
질권자,PLDGEE,PLEDGEE,,,생략
질량,MAS,MASS,,분류어,생략
질문,QSTN,QUESTION,질의,,생략
질문답변번호,QRNO,QUESTION REPLY NUMBER,,분류어,생략
질문자,QSTNR,QUESTIONER,,,생략
질병,SICKNS,SICKNESS,"질환,병",,생략
질병군,DRG,DIAGNOSIS RELATED GROUP,,,생략
질산에스테르,NTREST,NITRIC ESTER,,,생략
질서,ORDR,ORDER,,,생략
질서유지선,PLCLINE,POLICE LINE,,,생략
질의어,QLANG,QUERY LANGUAGE,,,생략
질의응답,QNA,QUESTION AND ANSWER,"묻고답하기,Q&A,질의답변",,생략
질적,QUALIT,QUALITATIVE,,,생략
집,HOME,HOME,,,생략
집결,ASBLY,ASSEMBLY,,,생략
집결지,ASBAR,ASSEMBLY AREA,,,생략
집결지번호,AANO,ASSEMBLY AREA NUMBER,,분류어,생략
집계,TOTL,TOTAL,,,생략
집계단위구분코드,TOTUDCD,TOTAL UNIT DIVISION CODE,,분류어,생략
집계일자,SUMDT,SUM DATE,집계일,,생략
집단,GROUP,GROUP,,,생략
집단선하증권,GBL,GROUPAGE BILL OF LADING,"MASTER B/L,MASTER-BL",,생략
집도,POSO,PERFORMANCE OF A SURGICAL OPERATION,,,생략
집도의,OPRSGN,OPERATING SURGEON,,,생략
집배원,MLMAN,MAILMAN,,,생략
집산도로,GDROD,GATHERING AND DISTRIBUTION ROAD,,,생략
집수정,WGR,WATER GATHER,,,생략
집적,ACMLTN,ACCUMULATION,,,생략
집적소,ACMPC,ACCUMULATION PLACE,,,생략
집적회로,INTCR,INTEGRATED CIRCUIT,IC,,생략
집적회로카드,ICCARD,INTEGRATED CIRCUIT CARD,IC카드,,생략
집중군수,FCLGST,FOCUSED LOGISTICS,,,생략
집중도,CCTRR,CONCERNTRATION DEGREE,,,생략
집진,DSCLT,DUST COLLECTION,,,생략
집하,GATHOFGDS,GATHERING OF GOODS,,,생략
집합,GATHRNG,GATHERING,,,생략
집합건물,AGBLDG,AGGREGATE BUILDING,,,생략
집합물,GTHRTH,GATHERING THING,,,생략
집합재산,SPRPY,SET PROPERTY,,,생략
집행,EXECTN,EXECUTION,,,생략
집행관,EXECTR,EXECUTOR,,,생략
집행권원,SHDTL,SCHULDTITEL,,,생략
집행기관,EXCORG,EXECUTION ORGAN,,,생략
집행비용,EXCUTCT,EXECUTION COST,,,생략
집행위임,EXCUTMNDT,EXECUTION MANDATE,,,생략
집행일자,EXECTDT,EXECUTION DATE,집행일,,생략
집행자,EXCT,EXECUTIVE,,,생략
징계,DSCP,DISCIPLINE,,,생략
징계권,DCPATH,DISCIPLINE AUTHORITY,,,생략
징계권자,DAPSN,DISCIPLINE AUTHORITY PERSON,,,생략
징계면직,DSCPLDSMSL,DISCIPLINE DISMISSAL,,,생략
징계처분,DSLRC,DISCIPLINARY ACTION,,,생략
징모집,CSRC,CONSCRIPTION AND RECRUITMENT,,,생략
징발,RQSTN,REQUISITION,,,생략
징병,CNSC,CONSCRIPTION,,,생략
징병검사,PEC,PHYSICAL EXAMINATION OF CONSCRIPTS,,,생략
징병관,CSCOFCR,CONSCRIPTION OFFICER,,,생략
징소집,ENLMB,ENLISTMENT AND MOBILIZATION,,,생략
징수,CLLTN,COLLECTION,,,생략
징수관,CLLTR,COLLECTOR,,,생략
징수금,CLTDAMT,A COLLECTED AMOUNT,"징수금액,징수액",,생략
징수기관,CLTORG,COLLECTING ORGANIZATION,,,생략
징집,CNSCRT,CONSCRIPTION,,,생략
징후,INDCTN,INDICATION,,,생략
징후구분코드,INDCTNDVCD,INDICATION DIVISION CODE,,분류어,생략
징후번호,INDCNO,INDICATION NUMBER,,분류어,생략
징후상태변경구분코드,INDSTCHGDVCD,INDICATION STATE CHANGE DIVISION CODE,,분류어,생략
징후상태코드,INDCTNSACD,INDICATION STATE CODE,,분류어,생략
징후세부항목보고서,INDDTITMRPRT,INDICATION DETAILS ITEM REPORT,,,생략
징후영역코드,INDCTNDMCD,INDICATION DOMAIN CODE,,분류어,생략
징후유형코드,INDCTNTYCD,INDICATION TYPE CODE,,분류어,생략
징후판단업무구분코드,INDJDGBZDVCD,INDICATION JUDGMENT BUSINESS DIVISION CODE,,분류어,생략
쪽수,PGCNT,PAGE COUNT,,분류어,생략
쪽지,NOTE,NOTE,,,생략
차,TIMES,TIMES,,,생략
차간거리,VHCITV,VEHICLE INTERVAL,차간간격,,생략
차감,SBTRT,SUBTRACTION,,,생략
차고,GARAG,GARAGE ,,,생략
차관,FRLN,FOREIGN LOAN,,,생략
차관선,FLP,FOREIGN LOAN PLACE,차관공여자,,생략
차기,NXTRM,NEXT TERM,,,생략
차기이월,NPBF,NEXT PERIOD BRINGING FORWARD,,,생략
차년도,NXTYR,NEXT YEAR,"내년,차년,다음년도,익년",,생략
차단,BLOCK,BLOCK,,,생략
차단,ITCT,INTERDICTION,,,생략
차단기,CRCBRK,CIRCUIT BREAKER,,,생략
차단선,ITDLN,INTERDICTION LINE,,,생략
차대번호,VIN,VEHICLE IDENTIFICATION NUMBER,,분류어,생략
차도,RDWAY,ROADWAY,"차로,찻길",,생략
차등지수,IDXGRDT,INDEX OF GRADIATION,,,생략
차량,VHCL,VEHICLE,,,생략
차량구분코드,VHCLDSVCD,VEHICLE DIVISION CODE,,분류어,생략
차량및병력상륙주정,LCVP,LANDING CRAFT VEHICLE AND PERSONNEL,LCVP,,생략
차량번호,VHCLNO,VEHICLE NUMBER,,분류어,생략
차량부수기재,OVM,ON VEHICLE MATERIALS,,,생략
차량엔진배기연막,VEES,VEHICLE ENGINE EXHAUST SMOKE,,,생략
차량용품,VHCACL,VEHICLES ARTICLE,,,생략
차량화보병,MOTINF,MOTORIZED INFANTRY,,,생략
차륜유형코드,WHLTYPCD,WHEEL TYPE CODE,,분류어,생략
차명,BRWNM,BORROWED NAME,,,생략
차변,DBT,DEBIT,,,생략
차별성,DFFR,DIFFERENTIATION,,,생략
차분기,NXQTR,NEXT QUARTER,,,생략
차상급,MRUPGRD,MORE UPPER GRADE,,,생략
차상위,MRHGRNK,MORE HIGH RANK,,,생략
차선,LANE,LANE,,,생략
차선수,LANENUM,LANE NUMBER,,,생략
차세대,NXTGN,NEXT GENERATION,,,생략
차세대지대공유도무기,SAMX,SURFACE TO AIR MISSILE-X,,,생략
차손,DFNLOS,DIFFERENCE LOSS,,,생략
차수,SRLNO,SERIAL NUMBER,,분류어,생략
차수코드,SRLNOCD,SERIAL NUMBER CODE,,분류어,생략
차안,NRBNK,NEAR BANK,,,생략
차액,DFAMT,DIFFERENCE AMOUNT,차금,,생략
차용,BRW,BORROW,,,생략
차원,DMNSN,DIMENSION,,,생략
차월,NXTMN,NEXT MONTH,익월,,생략
차이,DFRC,DIFFERENCE,,,생략
차익,DFRT,DIFFERENCE PROFIT,,,생략
차익거래,ARTRD,ARBITRAGE TRADING,,,생략
차입,BRWNG,BORROWING,,,생략
차입금,BRWMN,BORROWED MONEY,차입금액,,생략
차입일자,BRWDT,BORROWING DATE,차입일,,생략
차입처,BRWPLC,BORROWING PLACE,,,생략
차종,KDCAR,KIND OF CAR,,,생략
차주,NXTWK,NEXT WEEK,내주,,생략
차주,BRRWR,BORROWER,,,생략
차집,ICG,INTERCEPTING,,,생략
차차월,MAFNXTM,MONTH AFTER THE NEXT MONTH,익익월,,생략
차차차월,TMAFNXTM,TWO MONTHS AFTER THE NEXT MONTH,익익익월,,생략
차축,AXLE,AXLE,,,생략
차출,TMPTRF,TEMPORARY TRANSFER,,,생략
차폐,SHDNG,SHIELDING,,,생략
차하위,NLRNK,NEXT LOW RANK,,,생략
차항,NXTPRT,NEXT PORT,,,생략
차환,RFUND,REFUNDING,,,생략
차후,HAFT,HEREAFTER,,,생략
착공,STRCNS,STARTING CONSTRUCTION WORK,,,생략
착공계,CPFC,COMMENCEMENT PLAN FOR CONSTRUCTION ,,,생략
착공일자,STRCNSDT,STARTING CONSTRUCTION WORK DATE,착공일,,생략
착륙,LNDNG,LANDING,랜딩,,생략
착륙거리,LNDDST,LANDING DISTANCE,,분류어,생략
착륙장,LNDFLD,LANDING FIELD,,,생략
착륙장소,LANDSITE,LANDING SITE,,,생략
착륙지대,LZ,LANDING ZONE,LZ,,생략
착륙지역,LNDAR,LANDING AREA,,,생략
착선인도조건,DES,DELIVERED EX SHIP,,,생략
착수,BEGIN,BEGIN,,,생략
착수금,DPSMN,DEPOSIT MONEY,,,생략
착수일자,BGNDT,BEGIN DATE,착수일,,생략
착신,MSGRV,MESSAGE RECEIVED,,,생략
착오,MSTK,MISTAKE,,,생략
착오번호,MSTKNO,MISTAKE NUMBER,,분류어,생략
착오코드,ERRCD,ERROR CODE,,분류어,생략
착용,WRNG,WEARING,,,생략
착의,DRES,DRESS,,,생략
착저,BTMNG,BOTTOMING,,,생략
찬반,YSNO,YES OR NO,,,생략
찬성,APPRVL,APPROVAL,,,생략
찰과상,ABRSN,ABRASION,,,생략
찰리,CHRLI,CHARLIE,CHARLIE,,생략
참가,JOIN,JOINING,,,생략
참가자,ENTPSN,ENTRY PERSON,,,생략
참가함소,PU,PARTICIPATING UNIT,,,생략
참고,REF,REFERENCE,,,생략
참고번호,REFNO,REFERENCE NUMBER,,분류어,생략
참고자,CCP,CARBON COPY PERSON,,,생략
참고자료,REFDTA,REFERENCE DATA,,,생략
참고징후,REFID,REFERENCE INDICATION,,,생략
참고치,REFVAL,REFERENCE VALUE,,,생략
참고평정,REFEVT,REFERENCE EVALUATION,,,생략
참관,VISIT,VISIT,,,생략
참관인,OBSRVR,OBSERVER,참관자,,생략
참관지,VSTPL,VISIT PLACE,,,생략
참모,STF,STAFF,,,생략
참모장,CS,CHIEF OF STAFF,CS,,생략
참모판단,STFES,STAFF ESTIMATE,,,생략
참석,ATND,ATTENDANCE,,,생략
참석자,ATDRN,ATTENDANCE PERSON,,,생략
참여,PTCPTN,PARTICIPATION,,,생략
참여일자,PTCPTDT,PARTICIPATION DATE,참여일,,생략
참여자,PTCPTPSN,PARTICIPATION PERSON,,,생략
참전,ENTWR,ENTER THE WAR,,,생략
참전유공자,MFMWCR,MAN OF MERIT WHO HAVE PARTICIPATED IN WAR,,,생략
참정권,VOTRT,RIGHT TO VOTE,,,생략
참조,REFRC,REFERENCE,,,생략
참조검사,REFINP,REFERENCE INSPECTION,,,생략
참조문서번호,REFDOCNO,REFERENCE DOCUMENT NUMBER,,분류어,생략
참조번호,RFNO,REFERENCE NUMBER,,분류어,생략
참조자,REFPSN,REFERENCE PERSON,,,생략
참조점,RFPNT,REFERENCE POINT,,,생략
참조지도번호,REFMAPNO,REFERENCE MAP NUMBER,,분류어,생략
참조처,REFPLC,PLACE OF REFERENCE,,,생략
참조키,REFKEY,REFERENCE KEY,,,생략
창,WNDW,WINDOWS,,,생략
창,DPT,DEPOT,,,생략
창고,WHS,WAREHOUSE,고,,생략
창고료,WHSCHG,WAREHOUSE CHARGES,,,생략
창고번호,WHSNO,WAREHOUSE NUMBER,,분류어,생략
창고업,WRHB,WAREHOUSE BUSINESS,,,생략
창고증권,WRBND,WAREHOUSE BOND,,,생략
창고형,DPTTP,DEPOT TYPE,,,생략
창고형태코드,DPTTPCD,DEPOT TYPE CODE,,분류어,생략
창구,WICKET,WICKET,,,생략
창당,FOPP,FORMATION OF A POLITICAL PARTY,,,생략
창상,WUND,WOUND,,,생략
창설,ESTBLSH,ESTABLISHMENT,,,생략
창설모체부대,CPTRP,CONSTITUTION PARENT TROOP,,,생략
창설일자,ESTBLDT,ESTABLISHMENT DATE,창설일,,생략
창수리율,DRP,DEPOT REPAIR PERCENT,,,생략
창안,ORIDA,ORIGINAL IDEA,,,생략
창업,FDNG,FOUNDING,,,생략
창의,ORGIDEA,ORIGINAL IDEA,,,생략
창의성,ITTSPR,INITIATIVE SPIRIT,,,생략
창정비,DPTMTN,DEPOT MAINTENANCE,,,생략
창정비계획,MRS,MATERIAL REPAIR SCHEDULE,MRS,,생략
창정비비,DMCST,DEPOT MAINTENANCE COST,창정비비용,,생략
창정비시점구분코드,DMPTDCD,DEPOT MAINTENANCE POINT OF TIME DIVISION CODE,,분류어,생략
창정비작업요구서,DMWWR,DEPOT MAINTENANCE WORK WRITTEN REQUEST,,,생략
창조21모델,CJ21M,CHANGJO 21 MODEL,,,생략
창조21모델제병표적식별코드,CJ21MTGIDCD,CJ21 MODEL TARGET IDENTIFICATION CODE,,분류어,생략
창조21모델제병표적처리결과코드,CJ21MTGTPRCD,CJ21 MODEL TARGET PROCESS RESULT CODE,,분류어,생략
창조21모델포대코드,CJ21MBTTRYCD,CJ21 MODEL BATTERY CODE,,분류어,생략
창조류,FSAHT,FLOW OF SEA AT HIGH TIDE,,,생략
찾기,FNDNG,FINDING OUT,,,생략
채광,MING,MINING,,,생략
채권,BOND,BOND,,,생략
채권공제보류구분코드,BSRDCD,BOND SUBTRACTION RESERVATION DIVISION CODE,,분류어,생략
채권관리,BNDMGT,BOND MANAGEMENT,,,생략
채권관리관,MNGBND,MANAGER OF BOND,,,생략
채권법,LFLGS,LAW OF OBLIGATIONS,,,생략
채권사건구분코드,BNDADCD,BOND AFFAIR DIVISION CODE,,분류어,생략
채권압류,GNSHMNT,GARNISHMENT,,,생략
채권압류코드,BSCD,BOND SEIZURE CODE,,분류어,생략
채권양도,CSSNOBG,CESSION OF AN OBLIGATION,,,생략
채권양수,RCVOBG,RECEIVE OF AN OBLIGATION,,,생략
채권완결구분코드,BCDCD,BOND COMPLETION DIVISION CODE,,분류어,생략
채권의뢰기관구분코드,BRODCD,BOND REQUEST ORGAN DIVISION CODE,,분류어,생략
채권자,CRDTR,CREDITOR,,,생략
채권채무구분코드,BDDCD,BOND DEBT DIVISION CODE,,분류어,생략
채권침해,CTNF,CREDIT INFRINGEMENT,,,생략
채권행위,CRDACT,CREDIT ACTION,,,생략
채널,CHNL,CHANNEL,,,생략
채널번호,CHNLNO,CHANNEL NUMBER,,분류어,생략
채도,SATRTN,Saturation,,분류어,생략
채무,DEBT,DEBT,,,생략
채무관리,DBTMGT,DEBT MANAGEMENT,,,생략
채무면제,WRFL,WAIVER OF AN OBLIGATION,,,생략
채무불이행,DTNBG,DEFAULT ON AN OBLIGATION,,,생략
채무상환,DBTRDT,DEBT REDEMPTION,,,생략
채무승인,ACWMOBL,ACKNOWLEDGMENT OF AN OBLIGATION,,,생략
채무자,DBTR,DEBTOR,,,생략
채번,RNG,RANDOM NUMBER GENERATE,,,생략
채번번호,RNGNO,RANDOM NUMBER GENERATE NUMBER,,분류어,생략
채용,RCRTMT,RECRUITMENT,고용,,생략
채용일자,RCRTDT,RECRUITMENT DATE,"채용일,고용일,고용일자",,생략
채용후보자,PRPEMP,PROSPECTIVE EMPLOYEE,,,생략
채움,FILUP,FILL UP,,,생략
채점,MRKNG,MARKING,,,생략
채취,CLT,COLLECT,,,생략
채취번호,CLTNO,COLLECT NUMBER,,분류어,생략
채취부위,CREG,COLLECT REGION,,,생략
채택,ADPT,ADOPTION,,,생략
채택일자,ADPTDT,ADOPTION DATE,채택일,,생략
채팅,CHTT,CHATTING,,,생략
채프,CHAFF,CHAFF,,,생략
채혈,BLDCLT,BLOOD COLLECTION,,,생략
채혈일자,BLDCLTDT,BLOOD COLLECTION DATE,채혈일,,생략
책,CTMSR,COUNTERMEASURE,,,생략
책,BK,BOOK,"BOOK,북,서적",,생략
책갈피,BKMRK,BOOKMARK,,,생략
책권정보일련번호,VLMINFSNO,VOLUME INFORMATION SERIAL NUMBER,,분류어,생략
책무,DTRSPB,DUTY AND RESPONSIBILITY,,,생략
책임,RSPS,RESPONSIBILITY,,,생략
책임감,SNSRSP,SENSE OF RESPONSIBILITY,,,생략
책임감리,RSPSSPVS,RESPONSIBILITY SUPERVISION,,,생략
책임운영기관제도,EAS,EXECUTIVE AGENCY SYSTEM,,,생략
책임자,MNGR,MANAGER,,,생략
책임지역,AOR,AREA OF RESPONSIBILITY,,,생략
책자,BKLT,BOOKLET,,,생략
책정,APRP,APPROPRIATION,,,생략
처,PLACE,PLACE,,,생략
처리,PRCSS,PROCESS,,,생략
처리,DSPSL,DISPOSAL,,,생략
처리과,PCDPM,PROCESSING DEPARTMENT,,,생략
처리대상,SOD,SUBJECT OF DISPOSAL,,,생략
처리반,DPGR,DISPOSAL GROUP,,,생략
처리번호,PROCSNO,PROCESS NUMBER,,분류어,생략
처리상태코드,PRCSSSTATECD,PROCESS STATE CODE,,분류어,생략
처리일자,PROCDT,PROCESS DATE,처리일,,생략
처리일자,DSPSDT,DISPOSAL DATE,처리일,,생략
처리자,PCPSN,PROCESSING PERSON,,,생략
처리자재,DPMT,DISPOSAL MATERIALS,,,생략
처리장,PRCPLT,PROCESSING PLANT,,,생략
처리정보,TREINFO,TREATMENT INFORMATION,,,생략
처리후,AFTPRC,AFTER PROCESS,,,생략
처마,EAVE,EAVES,,,생략
처방,PRSCRT,PRESCRIPTION,,,생략
처방기초용량,PBCPT,PRESCRIPTION BASICS CAPACITY,,,생략
처방마스터,PMAT,PRESCRIPTION MASTER,,,생략
처방묶음번호,PRSCRTBNDLNO,PRESCRIPTIONBUNDLENUMBER,,분류어,생략
처방번호,PRSCNO,PRESCRIPTION NUMBER,,분류어,생략
처방세트유형번호,SETPNO,PRESCRIPTION SET TYPE NUMBER,,분류어,생략
처방입력,PINT,PRESCRIPTION INPUT,,,생략
처방자,PRCBR,PRESCRIBER,,,생략
처방전,PPMD,PAPER OF MEDICAL ORDER,,,생략
처방주의사항,PATMAT,PRESCRIPTION ATTENTION MATTER,,,생략
처방중지,DCN,DISCONTINUE,,,생략
처방코드번호,PRSCRTCODENO,PRESCRIPTIONCODE NUMBER,,분류어,생략
처방특이사항,PSPITM,PRESCRIPTION SPECIAL ITEM,,,생략
처벌,PNISH,PUNISHMENT,,,생략
처벌코드,PNISHCD,PUNISHMENT CODE,,분류어,생략
처분,DISPSL,DISPOSAL,,,생략
처분,DSPST,DISPOSITION,,,생략
처분일자,DSPSLDT,DISPOSAL DATE,처분일,,생략
처우,TRET,TREATMENT,,,생략
처장,CFMNST,CHIEF OF MINISTRY,,,생략
처치,DSPOSL,DISPOSAL,,,생략
처치,MDCTRT,MEDICAL TREATMENT,,,생략
처치수술,MTOP,MEDICAL TREATMENT OPERATION,,,생략
처치항목,MITM,MEDICAL TREATMENT ITEM,,,생략
척,SHPS,SHIPS,,,생략
척,CHUCK,CHUCK,,,생략
척도,CRTRN,CRITERION,,,생략
척수,VSCNT,NUMBER OF VESSEL,,분류어,생략
척수,SPNCRD,SPINAL CORD,,,생략
척수조영술,MYLGPH,MYELOGRAPHY,척추조영술,,생략
척추,VTBR,VERTEBRAE,,,생략
천기,WEATH,WEATHER ,,,생략
천막,TENT,TENT,,,생략
천무,CNM,CHUNMU,,,생략
천문학적박명종,EEAT,END EVENING ASTRONOMICAL TWILIGHT,천문박명종,,생략
천문학적박명초,BMAT,BEGINNING MORNING ASTRONOMICAL TWILIGHT,천문박명초,,생략
천원,ONETHWN,ONE THOUSAND WON,,,생략
천장,CEIL,CEILING,,,생략
천재,NMTY,NATURAL CALAMITY,,,생략
천주교,CAHLC,CATHOLIC,,,생략
천체,CLSBD,CELESTIAL BODY,,,생략
철,FE,FERRUM,FE,,생략
철,FL,FILE,,,생략
철갑,IRCVR,IRON COVERING,,,생략
철갑관통력,APSTRNGTH,ARMOR PIERCE STRENGTH,,,생략
철거,DMLT,DEMOLITION,,,생략
철거일자,DMLTDT,DEMOLITION DATE,철거일,,생략
철골,SRLFRM,STEEL FRAME,,,생략
철관,IRNPP,IRON PIPE,,,생략
철근,RNFROD,REINFORCING ROD,,,생략
철도,RAILRD,RAILROAD,철로,,생략
철도망,RLNW,RAILROAD NETWORK,,,생략
철도번호,RAILNO,RAIL NUMBER,,분류어,생략
철도수송지원장비구분코드,RTSEQDCD,RAILROAD TRANSPORTATION SUPPORT EQUIPMENT DIVISION CODE,,분류어,생략
철도시설,RAILINST,RAILROAD INSTALLATION,,,생략
철도이동관리대,TMC,TRANSPORTATION MOVEMENT CENTER,철이대,,생략
철도이동관리반,TMCLS,TRANSPORTATION MOVEMENT CLASS,철이반,,생략
철도차량유형코드,RAVHCTYCD,RAIL VEHICLE TYPE CODE,,분류어,생략
철도청,NRA,NATIONAL RAILROAD ADMINISTRATION,,,생략
철도피해구분코드,RAILDMGDVSCD,RAILROAD DAMAGE DIVISION CODE,,분류어,생략
철분,IRNCNT,IRON CONTENT,,,생략
철선,IWR,IRON WIRE,,,생략
철수,WTDRWL,WITHDRAWAL,,,생략
철제,IRON,IRON,,,생략
철조망,BWE,BARBED WIRE ENTANGLEMENTS,,,생략
철조망길이구분코드,BWELENCD,BARBED WIRE ENTANGLEMENTS LENGTH SECTION CODE,,분류어,생략
철조망용도구분코드,BWEPPCD,BARBED WIRE ENTANGLEMENTS PURPOSE DIVISION CODE,,분류어,생략
철조망유형코드,BWETYPCD,BARBED WIRE ENTANGLEMENTS TYPE CODE,,분류어,생략
철조망종류코드,BWEKCD,BARBED WIRE ENTANGLEMENTS KIND CODE,,분류어,생략
철침,ANVIL,ANVIL,,,생략
철탑,INTWR,IRON TOWER,,,생략
철항,IRNPK,IRON PACK,,,생략
철회,RETRTN,RETRACTION,,,생략
철회일자,RETRDT,RETRACTION DATE,철회일,,생략
첨가물,ADTV,ADDITIVE,,,생략
첨가제,ADDPRD,ADDITIONAL PRODUCT,,,생략
첨단,UPTODE,UP-TO-DATE,,,생략
첨두시,PKTM,PEAK TIME,,,생략
첨부,ATCH,ATTACH,부첨,,생략
첨부문서,ATCHDOC,ATTACHED DOCUMENT,,,생략
첨부문서번호,ATCDOCNO,ATTACH DOCUMENT NUMBER,,분류어,생략
첨부번호,ATCHNO,ATTACH NUMBER,,분류어,생략
첨부서류,ADOC,ATTACH DOCUMENTS,,,생략
첨부자,ATACHR,ATACHR,,,생략
첨부파일,ATCHFL,ATTACHMENT FILE,,,생략
첨부파일묶음번호,ATCHFLBNDLNO,ATTACHMENT FILE BUNDLE NUMBER,,분류어,생략
첩보,INFMTN,INFORMATION,,,생략
첩보관심영역분류코드,INFINTDMCLCD,INFORMATION INTEREST DOMAIN CLASSIFICATION CODE,,분류어,생략
첩보메시지유통체계데이터,M3DTA,M3 DATA,,,생략
첩보번호,INFNO,INFORMATION NUMBER,,분류어,생략
첩보분류코드,IFMCLCD,INFORMATION CLASSIFICATION CODE,,분류어,생략
첩보수집계획분류코드,INFCLPLNCLCD,INFORMATION COLLECTION PLAN CLASSIFICATION CODE,,분류어,생략
첩보수집부대구분코드,INCLUNTDVCD,INFORMATION COLLECTION UNIT DIVISION CODE,,분류어,생략
첩보요구,IRA,INFORMATION REQUIREMENTS,,,생략
첩보요청,IFREQ,INFORMATION REQUEST,,,생략
첩보요청대상대분류코드,IFREQOLGCLCD,INFORMATION REQUEST OBJECT LARGE CLASSIFICATION CDDE,,분류어,생략
첩보요청대상소분류코드,IFREQOSMCLCD,INFORMATION REQUEST OBJECT SMALL CLASSIFICATION CDDE,,분류어,생략
첩보요청대상중분류코드,IFREQOMDCLCD,INFORMATION REQUEST OBJECT MIDDLE CLASSIFICATION CDDE,,분류어,생략
첩보요청번호,INFRQNO,INFORMATION REQUEST NUMBER,,분류어,생략
첩보요청진행상태코드,IRPSCD,INFORMATION REQUEST PROGRESS STATE CODE,,분류어,생략
첩보정확성등급코드,IPLVCD,INFORMATION PRECISION LEVEL CODE,,분류어,생략
첩보출처,SCINF,SOURCE OF INFORMATION,,,생략
첩보해석,INTRP,INTERPRETATION INTERPRETATION,,,생략
첩보활동수준코드,INFACTLVCD,INFORMATION ACTIVITY LEVEL CODE,,분류어,생략
첫차,FIRCAR,FIRST CAR,,,생략
청,OFFC,OFFICE,,,생략
청각,HRNG,HEARING,,,생략
청결,PRTY,PURITY ,,,생략
청구,REQ,REQUISITION,"빌링,BILL",,생략
청구대기기간,RWT,REQUISITION WAITING TIME,,,생략
청구목표,RO,REQUISITION OBJECTIVE,RO,,생략
청구문서번호,REQDOCNO,REQUISITION DOCUMENT NUMBER,,분류어,생략
청구보급제도,RSS,REQUISITIONING SUPPLY SYSTEM,,,생략
청구서,CLAIM,CLAIM,,,생략
청구심사완료,RJCMP,REQUISITION JUDGMENT COMPLETION,,,생략
청구우선순위코드,DPCD,DEMAND PRIORITY CODE,,분류어,생략
청구일련구분코드,RSNCD,REQUEST SERIAL NUMBER DIVISION CODE,,분류어,생략
청구일자,RQSTNDT,REQUISITION DATE,청구일,,생략
청구자,CLMNT,CLAIMANT,청구인,,생략
청구처방,RQPRS,REQUISITION PRESCRIPTION,,,생략
청군,BLFRC,BLUE FORCE,,,생략
청력,AUDTN,AUDITION,,분류어,생략
청력장애,AUOBS,AUDITION OBSTACLE,,,생략
청렴,PRBT,PROBITY,,,생략
청렴계약,PRBCTR,PROBITY CONTRACT,,,생략
청렴도,PRBTLVL,PROBITY LEVEL,,,생략
청사,GBD,GOVERNMENT BUILDINGS,,,생략
청산,LQDTN,LIQUIDATION,,,생략
청색증,CYANS,CYANOSIS,,,생략
청소,CLNG,CLEANING,크리닝,,생략
청소년,YOUTH,YOUTH,,,생략
청수,CLWTR,CLEAR WATER,,,생략
청약,SUBSCRPT,SUBSCRIPTION,,,생략
청약일,SBRPDE,SUBSCRIPTION DATE,,,생략
청약자,SUBSCBER,SUBSCRIBER,,,생략
청원,PTITN,PETITION,,,생략
청원경찰,PSDPB,POLICEMAN SPECIALLY DETAILED TO PROTECT BODY,,,생략
청음,QT,QUAKETAPPING,,,생략
청장,DTVNFC,DIRECTOR OF A GOVERNMENT OFFICE,,,생략
청정생산기술,CTHY,CLEAN TECHNOLOGY,,,생략
청중,AUDE,AUDIENCE,,,생략
청취,LISTN,LISTENING,,,생략
청해모델,CHMD,CHONGHAE MODEL,,,생략
체감,FEEL,FEEL,,,생략
체감온도,SENSBLTPRT,SENSIBLE TEMPERATURE,,,생략
체격,PYSQ,PHYSIQUE,,,생략
체결,CTRTNG,CONTRACTING,,,생략
체결일자,CTRTDT,CONTRACTING DATE,체결일,,생략
체결자,CLPRN,CONCLUSION PERSON,,,생략
체계,SYSTEM,SYSTEM,,,생략
체계개발,FLSCLDVL,FULL SCALE DEVELOPMENT,,,생략
체계개선소요검토결과코드,SIRRRCD,SYSTEM IMPROVEMENT REQUIREMENT REVIEW RESULT CODE,,분류어,생략
체계개선소요검토구분코드,SIRRDVCD,SYSTEM  IMPROVEMENT REQUIREMENT REVIEW DIVISION CODE,,분류어,생략
체계개선소요국가코드,SIRNCD,SYSTEM  IMPROVEMENT REQUIREMENT NATION CODE,,분류어,생략
체계개선소요대분류코드,SIRLCLSCD,SYSTEM IMPROVEMENT REQUIREMENT LARGE CLASSIFICATION CODE,,분류어,생략
체계개선소요상태구분코드,SIRSDVCD,SYSTEM IMPROVEMENT REQUIREMENT STATE DIVISION CODE,,분류어,생략
체계개선소요소분류코드,SIRSCLSCD,SYSTEM IMPROVEMENT REQUIREMENT SMALL CLASSIFICATION CODE,,분류어,생략
체계개선소요중분류코드,SIRMCLSCD,SYSTEM IMPROVEMENT REQUIREMENT MIDDLE CLASSIFICATION CODE,,분류어,생략
체계개선소요진행의견구분코드,SIRPODVCD,SYSTEM IMPROVEMENT REQUIREMENT PROGRESS OPINION DIVISION CODE,,분류어,생략
체계사용이력,SYSUSEHSTR,SYSTEM USE HISTORY,,,생략
체계사용자상태코드,SUSCD,SYSTEM USER STATE CODE,,분류어,생략
체계업무자원구분코드,SBRDCD,SYSTEM BUSINESS RESOURCE DIVISION CODE,,분류어,생략
체계운용상태,SYSOPRSTATE,SYSTEM OPERATE STATE,,,생략
체계장비구분코드,SYSEQPDVCD,SYSTEM EQUIPMENT DIVISION CODE ,,분류어,생략
체공,STYAIR,STAY IN THE AIR,,,생략
체공대기근접항공지원,XCAS,AIR ALERT CLOSE AIR SUPPORT,,,생략
체공대기항공차단,XAI,AIR ALERT AIR INTERDICTION,,,생략
체공시간,ENDRC,ENDURANCE,,,생략
체납,AREAR,ARREAR,,,생략
체납액,AMTAREAR,AMOUNT IN ARREARS,체납금액,,생략
체납요금,DTRG,DELINQUENT CHARGE,,,생략
체내,INBD,INSIDE BODY,,,생략
체당금,SDAP,SUBSTITUTED DONATION FOR ANOTHER PERSON,,,생략
체력,PHSTR,PHYSICAL STRENGTH,,,생략
체력검정,PHSTEXM,PHYSICAL STRENGTH EXAMINATION,,,생략
체력검정일자,PSEDT,PHYSICAL STRENGTH EXAMINATION DATE,체력검정일,,생략
체력장,PHYCHT,PHYSICAL CHARTER,,,생략
체류,STAY,STAYING,,,생략
체류일자,STAYDT,STAYING DATE,체류일,,생략
체비지,ALSARDO,AREA OF LAND SECURED BY THE AUTHORITIES IN RECOMPE,,,생략
체약국자동차,CBTP,CARS BELONGING TO TREATY POWERS,,,생략
체온,BDTPRT,BODY TEMPERATURE,,분류어,생략
체온계,CLLM,CLINICAL THERMOMETER,,,생략
체외,OUTBD,OUTSIDE BODY,,,생략
체위,PSTR,POSTURE,,,생략
체육관,GMNSM,GYMNASIUM,,,생략
체인,CHAIN,CHAIN,,,생략
체재비,STAYCST,STAYING COST,체제비,,생략
체제,SSTM,SYSTEM,체재,,생략
체중,WEIGHT,WEIGHT,몸무게,분류어,생략
체질,PHYSG,PHYSIOGNOMY ,,,생략
체질량지수,BMI,BODY MASS INDEX,,,생략
체촌,MESBSZ,MEASURE BODY SIZE,,,생략
체크리스트,CHKLST,CHECK LIST,,,생략
체크박스,CKBOX,CHECK BOX,,,생략
체크아웃,CKOUT,CHECKOUT,,,생략
체크아웃,CHECKOUT,CHECK OUT,,,생략
체크인,CHECKIN,CHECK IN,,,생략
체크일,CKDY,CHECK DAY,,,생략
체크카드,CHCAD,CHECK CARD,,,생략
체험단,EPG,EXPERIENCE GROUP,,,생략
체형,BYP,BODY TYPE,,,생략
체화,ACUDG,ACCUMULATION OF UNDELIVERED GOODS,,,생략
초,SEC,SECOND,,분류어,생략
초,ULT,ULTRA,,,생략
초,BGNNG,BEGINNING,,,생략
초계,PATRL,PATROL,,,생략
초과,EXCS,EXCESS,OVER,,생략
초과근무,OVTMWK,OVERTIME WORK,시간외근무,,생략
초과근무수당,OVTMPAY,OVERTIME PAY,"시간외초과수당,시간수당,초과수당,시간외수당",,생략
초과량,EXCSQTY,EXCESS QUANTITY,초과수량,,생략
초과보험,ESRC,EXCESSIVE INSURANCE,,,생략
초과저지장비,ARTGR,ARRESTING GEAR,,,생략
초과품,ECPRPT,EXCESS PROPERTY,,,생략
초과품목,EXCITM,EXCESS ITEM,,,생략
초급,BGRD,BASIC GRADE,,,생략
초기,INITL,INITIAL,,,생략
초기설정값,PSTNO,PRESET NUMBER,,분류어,생략
초기화,INTL,INITIALIZATION,,,생략
초단파,VHF,VERY HIGH FREQUENCY,VHF,,생략
초대,INVTT,INVITATION,,,생략
초도,FSTM,FIRST TIME,,,생략
초동,BGMV,BEGINNING MOVEMENT,,,생략
초등교육,ELEEDU,ELEMENTARY EDUCATION ,,,생략
초등군사반,OBC,OFFICER`S BASIC COURSE,,,생략
초등학교,ELESCH,ELEMENTARY SCHOOL,,,생략
초등학생,SCHBOY,SCHOOLBOY,,,생략
초목,TRPLT,TREE AND PLANTS,,,생략
초목정보코드,TRPLTINFCD,TREE AND PLANTS INFORMATION CODE,,분류어,생략
초미세먼지,ULFPTC,ULTRAFINE PARTICLES,,,생략
초번,FSTDUTY,FIRST DUTY,,,생략
초본,ABSTRCT,ABSTRACT,,,생략
초상,SSFSFR,FIRST FROST OF SEASON,,,생략
초상기온,GRSTM,GRASS TEMPERATURE,,,생략
초속,SPDPS,SPEED PER SECOND,,분류어,생략
초순,FTDAYMON,THE FIRST TEN DAYS OF A MONTH,,,생략
초안,DRFT,DRAFT,,,생략
초음파,SPSNWV,SUPERSONIC WAVES,,,생략
초음파검사,SONO,SONOGRAPHY,,,생략
초임,FSTAPNT,FIRST APPOINTMENT,,,생략
초임분류,FATCLS,FIRST APPOINTMENT CLASSIFICATION,,,생략
초임획득,FAACQ,FIRST APPOINTMENT ACQUISITION,,,생략
초입,ENTRY,ENTRY,,,생략
초점,FOCUS,FOCUS,,,생략
초지,GRSLD,GRASS LAND,,,생략
초진,FSTMDEXM,FIRST MEDICAL EXAMINATION,,,생략
초진가산,FTAD,FIRST MEDICAL EXAMINATION ADDITION,,,생략
초진료,FSTMDEXMFEE,FIRST MEDICAL EXAMINATION FEE,,,생략
초진예약,FTRSV,FIRST MEDICAL EXAMINATION RESERVATION,,,생략
초진일정,FTSCH,FIRST MEDICAL EXAMINATION SCHEDULE,,,생략
초진일정번호,FTSCHNO,FIRST MEDICAL EXAMINATION SCHEDULENUMBER,,분류어,생략
초진재진,FSSNMED,FIRST MEDICAL EXAMINATION MORE THAN FIRST MEDICAL EXAMINATION,,,생략
초진환자,FTPTT,FIRST MEDICAL EXAMINATION PATIENT,,,생략
초진횟수,FTNUM,FIRST MEDICAL EXAMINATION NUMBER OF TIMES,,,생략
촉매,CTLYST,CATALYST,,,생략
촉탁,CHGAFR,CHARGING WITH AN AFFAIR,,,생략
촉탁서,ETRSDOC,ENTRUSTING DOCUMENT,,,생략
촉탁서구분코드,EDDCD,ENTRUSTING DOCUMENT DIVISION CODE,,분류어,생략
촉탁자,PTTMEP,PART TIME EMPLOYEE,,,생략
총,TOTAL,TOTAL,,,생략
총감독,GMGR,GENERAL MANAGER,,,생략
총건수,TOTCNT,TOTAL COUNT,,,생략
총경,POLCSP,POLICE SUPERINTENDENT,,,생략
총공사용역일수기준구분코드,TCSNDSDCD,TOTAL CONSTRUCTION WORK SERVICE NUMBER OF DAY STANDARD DIVISION CODE,,분류어,생략
총괄,GNRZ,GENERALIZATION,,,생략
총괄구매,BO,BLANKET ORDER CASE,,,생략
총괄배정계획,TAPLN,TOTAL ALLOCATION PLAN,,,생략
총괄주관기관,GRMS,GENERALIZATION MANAGEMENT INSTITUTION,,,생략
총괄청,MOSAF,MINISTRY OF STRATEGY AND FINANCE,,,생략
총금액,GRAMT,GROSS AMOUNT,,,생략
총기,FRARM,FIREARM,,,생략
총동원,GMOBL,GENERAL MOBILIZATION,,,생략
총량,TOTAMT,TOTAL AMOUNT,,,생략
총류탄,RFGRND,RIFLE GRENADE,,,생략
총면적,TOTAR,TOTAL AREA,,,생략
총무,GRFR,GENERAL AFFAIRS,,,생략
총배당량,TOTAF,TOTAL ALLOCATION FACTOR,,,생략
총부기금액,BKPNGAMT,BOOKKEEPING AMOUNT,,,생략
총사업비,TPCO,TOTAL PROJECT COST,,,생략
총산,TOTSM,TOTAL SUMMATION,,,생략
총상,GNSHOT,GUNSHOT ,,,생략
총서,SERIS,SERIES,,,생략
총서번호,LBRYNO,LIBRARY NUMBER,,분류어,생략
총소유비용,TOTOWNCST,TOTAL OWNERSHIP COST,,,생략
총수량,TOTLAMT,TOTAL AMOUNT,,,생략
총액,TTLAMT,TOTAL AMOUNT,,,생략
총액계상,TOTARP,TOTAL APPROPRIATE,,,생략
총액계상사업,TABIZ,TOTAL APPROPRIATION BUSINESS,총액계상예산사업,,생략
총액제,ALONBS,ALL OR NONE BASIS,,,생략
총원,WHLPSN,THE WHOLE PERSONNEL,,,생략
총원가,TOTCST,TOTAL COST,,,생략
총의,CLCTOP,COLLECTIVE OPINION,,,생략
총자본,TLNNTW,TOTAL LIABILITIES AND NET WORTH,,,생략
총장,SCRTGENL,SECRETARY-GENERAL,,,생략
총점,TOTSCR,TOTAL SCORE,,,생략
총칙,GNRLRULE,GENERAL RULES,,,생략
총판,ECLL,EXCLUSIVE SALE,,,생략
총평,GNRV,GENERAL REVIEW,,,생략
총할,GLCL,GENERAL CONTROL,,,생략
총회,GNRMTNG,GENERAL MEETING,,,생략
촬영,SHTNG,SHOOTING,,,생략
촬영일자,SHTNGDT,SHOOTING DATE,,,생략
최,MOST,MOST,,,생략
최고,HGHST,HIGHEST,,,생략
최고가,HSTPRC,THE HIGHEST PRICE,최고가격,,생략
최고경영자,CEO,CHIEF EXECUTIVE OFFICER,CEO,,생략
최고기온,HGTM,HIGHEST  TEMPERATURE,,,생략
최고정보책임자,CIO,CHIEF INFORMATION OFFICER,CIO,,생략
최고정수,XL,MAXIMUM LEVEL,,,생략
최근,RCT,RECENT,,,생략
최기신고망,CRNET,CLOSE REPORT NETWORK,,,생략
최기역,CLSTN,CLOSE STATION,,,생략
최다,GTNUM,GREATEST IN NUMBER,,,생략
최단,SHRTST,SHORTEST,,,생략
최단소해항로,QROUTE,QROUTE,,,생략
최대,MAX,MAXIMUM,MAX,,생략
최대작동한계,MOL,MAXIMUM OPERATING LIMIT,,,생략
최대전송유닛,MTU,MAXIMUM TRANSFER UNIT,,,생략
최대치,MVL,MAX VALUE,,,생략
최대하중배수,MAXG,MAX GRAVITY,,,생략
최번시,BSHR,BUSY-HOUR,,,생략
최상위,TPLVL,TOP LEVEL,,,생략
최선,BEST,BEST,,,생략
최소,MIN,MINIMUM,MIN,,생략
최소AD,LSMAD,LEAST SQUARES METHOD AVERAGE DEMAND,,,생략
최소OL,LSMOL,LEAST SQUARES METHOD OPERATING LEVEL,,,생략
최소감지적외선강도,MINSENIRDSTR,MINIMUM SENSE INFRARED STRENGTH,,,생략
최소운용활주로,MOS,MINIMUM OPERATING STRIP,MOS,,생략
최소제곱법,LSM,LEAST SQUARES METHOD,최소자승법,,생략
최소주문수량,MOQ,MINIMUM ORDER QUANTITY,MOQ,,생략
최소치,MNVL,MIN VALUE,,,생략
최소회전반경,MINTNRD,MINIMUM TURNING RADIUS,,,생략
최신,LTST,THE LATEST,,,생략
최심,MSTEXM,MOST EXTREME,,,생략
최장,LNGST,LONGEST,,,생략
최저,LWST,LOWEST,,,생략
최저가,LWPRC,THE LOWEST PRICE,최저가격,,생략
최저고도,TRVLV,TRAVERSE LEVEL,,,생략
최저기온,LWTM,LOWEST TEMPERATURE,,,생략
최적,OPTM,OPTIMUMS,,,생략
최적화,OPTMZ,OPTIMIZATION,,,생략
최종,FNL,FINAL,"마지막,FINAL,LAST",,생략
최종기본료,FNBA,FINAL BASIC FEE,,,생략
최종보고,FNLRP,FINAL REPORT,,,생략
최종수정일,LSTUPDDY,LAST UPDATE DAY,,,생략
최종일자,FNLDT,FINAL DATE,"마지막일자,FINAL,LAST일자,LAST일,마지막일,최종일",,생략
최종할증료,FNEXC,FINAL EXTRA CHARGE FEE,,,생략
최종확인,FNLCFMTN,FINAL CONFIRMATION,,,생략
최초,THEFST,THE FIRST,,,생략
최초기본료,FTBA,THE FIRST BASIC FEE,,,생략
최초물품상태코드,FICCD,FIRST ITEM CONDITION CODE,,분류어,생략
최초배당량,IIQ,INITIAL ISSUE QUANTITY,,,생략
최초보고,INIRPT,INITIAL REPORT,,,생략
최초보급,INISPL,INITIAL SUPPLY,,,생략
최초보급소요,ISR,INITIAL SUPPLY REQUIREMENT,,,생략
최초불출,INISS,INITIAL ISSUE,,,생략
최초소요,IRQM,INITIAL REQUIREMENT,,,생략
최초양산,IPRD,INITIAL PRODUCTION,,,생략
최초영상판독보고서,IPIR,INITIAL PHOTOGRAPHIC INTERPRETATION REPORT,IPIR,,생략
최초운용능력,IOC,INITIAL OPERATIONAL CAPABILITY,,,생략
최초지시,IDRT,INITIATING DIRECTIVE,,,생략
최초청구,IR,INITIAL REQUISITION,,,생략
최초할증료,FTEXC,THE FIRST EXTRA CHARGE FEE,,,생략
최초회의,INCF,INITIAL CONFERRENCE,,,생략
최하위,LWRNK,LOWEST RANK,,,생략
추,POISE,POISE,,,생략
추가,ADDTN,ADDITION,가,,생략
추가경정,RVSPL,REVISED SUPPLEMENTARY,추경,,생략
추가경정예산,SPLBGT,SUPPLEMENTARY BUDGET,"추경예산,보정예산",,생략
추가자,ADDER,ADDER,,,생략
추가처방,APRS,ADDITION PRESCRIPTION,,,생략
추가첩보,ADINFO,ADDITIONAL INFORMATION,,,생략
추가회수코드,ARCD,ADDITION RETRIEVAL CODE ,,분류어,생략
추가획득,ADACQ,ADDITION ACQUISITION,,,생략
추격,PRSIT,PURSUIT,,,생략
추계액,ESAMT,ESTIMATED AMOUNT,,,생략
추려사용,SELUSE,SELECT & USE ,,,생략
추력,THRST,THRUST,,,생략
추력지속시간,THRSTCONTM,THRUST CONTINUOUS TIME,,,생략
추모,CHRSH,CHERISH,,,생략
추방,BNSH,BANISHMENT,,,생략
추산,ESTMT,ESTIMATE,추계,,생략
추서,PHSHN,POSTHUMOUS HONORS,,,생략
추세,TREND,TREND,,,생략
추세분석,TRDANLS,TREND ANALYSIS,,,생략
추심,CLCTN,COLLECTION,,,생략
추심명령,CLCDR,COLLECTION ORDER,,,생략
추심위임배서,ESL,ENDORSEMENT FOR COLLECTION,,,생략
추심일자,CLTNDT,COLLECTION DATE,추심일,,생략
추심채무,DTCD,DEBT TO BE COLLECTED AT THE DEBTOR´S ADDRESS,,,생략
추완,SBSQACMP,SUBSEQUENT ACCOMPLISHMENT,,,생략
추이,TRSN,TRANSITION,,,생략
추적,TRC,TRACE,,,생략
추정,PRSPTN,PRESUMPTION,,,생략
추정가격,PRSMPPC,PRESUMED VALUE,,,생략
추정금액,PRSMPAMT,PRESUMPTION AMOUNT,,,생략
추진,PRPL,PROPEL,,,생략
추진,PRPLS,PROPULSION,,,생략
추진보급,FWSPL,FORWARD SUPPLY,,,생략
추진장약,PRPLNT,PROPELLANT,,,생략
추진직불구분코드,PADIDCD,PROPEL AND DIRECT ISSUE DIVISION CODE,,분류어,생략
추진탄약,PRPAMN,PROPULSION AMMUNITION,추진탄,,생략
추징,ADCHRG,ADDITIONAL CHARGE,,,생략
추천,RCMMD,RECOMMENDATION,,,생략
추천결과,RCMRS,RECOMMENDATION RESULT,,,생략
추천권,RCMATH,RECOMMENDATION AUTHORITY,,,생략
추천권자,RCATHPSN,RECOMMENDATION AUTHORITY PERSON,,,생략
추천그룹코드,RCMGRCD,RECOMMENDATION GROUP CODE,,분류어,생략
추천목록코드,RCMLSCD,RECOMMENDATION LIST CODE,,분류어,생략
추천서,RCMDOC,RECOMMENDATION DOCUMENT,,,생략
추천인,RCMDR,RECOMMENDER,추천자,,생략
추천지,POR,PLACE OF RECOMMENDATION,,,생략
추천표적목록,CTL,CANDIDATE TARGET LIST,,,생략
추첨,LTRY,LOTTERY,,,생략
추출,EXTRTN,EXTRACTION,,,생략
추출물,EXTHG,EXTRACTION THING,,,생략
추출일자,EXTRTNDT,EXTRACTION DATE,추출일,,생략
추행,MSCNDT,MISCONDUCT,,,생략
추후,AFTWD,AFTERWARDS,,,생략
추후관리,AFTMGT,AFTERWARDS MANAGEMENT,,,생략
축,AXIS,AXIS,,,생략
축간거리,WHBS,WHEEL BASE,"축거,휠베이스",,생략
축구,SOCCER,SOCCER,,,생략
축구장,FTBFLD,FOOTBALL FIELD,,,생략
축대,EMBNK,EMBANKMENT,,,생략
축사,STALL,STALL ,,,생략
축사탄,MINIMN,MINIATURE MUNITION,,,생략
축선,AXS,AXIS,,,생략
축선번호,AXISNO,AXIS NUMBER,,분류어,생략
축성,FTFCTN,FORTIFICATION,,,생략
축성공구,FTCTL,FORTIFICATION TOOL,,,생략
축성장애물종류코드,FTFOBTKCD,FORTIFICATION OBSTACLE KIND CODE,,분류어,생략
축소,RDCTN,REDUCTION,,,생략
축약,IMPL,IMPLICATION,,,생략
축전,CRRGR,CONGRATULATORY TELEGRAM,,,생략
축전지,STRGBTR,STORAGE BATTERY,,,생략
축제,FSTVL,FESTIVAL,,,생략
축중량,AXWGT,AXIS WEIGHT,,,생략
축척,RPFRT,REPRESENTATIVE FRACTION,축적,분류어,생략
축척코드,RDSCD,REDUCED SCALE CODE,,분류어,생략
출격,SRTI,SORTIE,,,생략
출결,ATDABS,ATTENDANCE AND ABSENCE,,,생략
출고,RELS,RELEASE,,,생략
출고가,FRRC,FACTORY PRICE,,,생략
출고량,RLSQTY,RELEASE QUANTITY,출고수량,,생략
출고번호,RLSNO,RELEASE NUMBER,,분류어,생략
출고부대,RLSUNT,RELEASE UNIT,,,생략
출고일자,RLSDT,RELEASE DATE,출고일,,생략
출고증빙서번호,RVNO,RELEASE VOUCHER NUMBER,,분류어,생략
출구,EXIT,EXIT,,,생략
출국,DPTCTR,DEPARTURE FROM A COUNTRY,,,생략
출국일자,DPTCTRDT,DEPARTURE FROM A COUNTRY DATE,출국일,,생략
출귀국,DPTRTN,DEPARTURE AND RETURN TO ONES COUNTRY,,,생략
출근,GOTOWRK,GOING TO WORK,,,생략
출근자,ATNDN,ATTENDANT,,,생략
출금,WTDRW,WITHDRAWAL,,,생략
출금일,DWD,DRAW DATE,,,생략
출납,RCPM,RECEIPTS AND PAYMENTS,,,생략
출납공무원,ACCOFC,ACCOUNTING OFFICIAL,,,생략
출납관,ACCOFCR,ACCOUNTING OFFICER,,,생략
출납관리,RNPM,RECEIPTS AND PAYMENTS MANAGEMENT,,,생략
출납관리구분코드,RNPMDCD,RECEIPTS AND PAYMENTS MANAGEMENT DIVISION CODE,,분류어,생략
출납번호,RNPNO,RECEIPTS AND PAYMENTS NUMBER,,분류어,생략
출납일자,RCPMDT,RECEIPTS AND PAYMENTS DATE,출납일,,생략
출동,GOOUT,GOING OUT,,,생략
출동대,GOT,GOING OUT TEAM,,,생략
출동일자,GOUTDT,GOING OUT DATE,출동일,,생략
출력,PRINT,PRINT,,,생략
출력,GNRCP,GENERATING CAPACITY,,분류어,생략
출력권한,PTATH,PRINT AUTHORITY,,,생략
출력물,PRTOUT,PRINTOUT,,,생략
출력일자,OTPTDT,OUTPUT DATE,출력일,,생략
출발,DPTR,DEPARTURE,,,생략
출발역,DPTSTN,DEPARTURE STATION,시작역,,생략
출발일자,DPTDT,DEPARTURE DATE,출발일,,생략
출발지,STRTPNT,STARTING POINT,발지,,생략
출발지역,DPTAR,DEPARTURE AREA,,,생략
출발항,PTDPT,PORT OF DEPARTURE,출항지,,생략
출발항도착항지역,INOUTBND,IN/OUT-BOUND,IN/OUTBOUND,,생략
출발항지역,INBND,IN-BOUND,IN-BOUND,,생략
출산,CHLDBRTH,CHILDBIRTH,,,생략
출생,BIRTH,BIRTH,,,생략
출생지,POB,PLACE OF BIRTH,,,생략
출소,RLRSN,RELEASE FROM PRISON,,,생략
출시,CMT,COME OUT,,,생략
출신,GRDT,GRADUATE,,,생략
출신병역코드,GMSCD,GRADUATE MILITARY SERVICE CODE,,분류어,생략
출신코드,GRDTCD,GRADUATE CODE,,분류어,생략
출연,CTRBT,CONTRIBUTION,,,생략
출입,GIO,GOING IN AND OUT,,,생략
출입국,GIOCTR,GOING IN AND OUT FROM THE COUNTRY,,,생략
출입로,ENTRD,ENTRANCE ROAD,,,생략
출입문,GATE,GATE,게이트,,생략
출입장소,CGPLC,COMING AND GOING PLACE,,,생략
출입증,ADMTKT,ADMISSION TICKET,,,생략
출입통제체계코드,GIOCNTSYSTCD,GOING IN AND OUT CONTROL SYSTEM COMMON CODE,,분류어,생략
출자,IVST,INVESTMENT,,,생략
출자인수권,PRTIVCP,PREEMPTIVE RIGHT TO INVESTED CAPITAL,,,생략
출장,OFTRP,OFFICIAL TRIP,,,생략
출장비,BTRPS,BUSINESS TRIP EXPENSE,,,생략
출장소,BRNCHOFC,BRANCH OFFICE,,,생략
출장자,TRIPER,TRIPPER,,,생략
출장지,OFTRPLC,OFFICIAL TRIP PLACE,,,생략
출전,GTW,GOING TO WAR,,,생략
출전대기부대,GUNIT,GOING TO WAR WAIT UNIT,,,생략
출정,APRCRT,APPEARANCE IN COURT,,,생략
출제,STQEST,SETTING QUESTIONS,,,생략
출차,LVVHCL,LEAVING VEHICLES,,,생략
출처,SRCE,SOURCE,소스,,생략
출타,OUTING,OUTING,,,생략
출통문,EXGPS,EXIT GATE FOR PASSAGE,,,생략
출판,PBLSH,PUBLISHING,,,생략
출판물,PUBLCTN,PUBLICATION,,,생략
출판사,PBLCO,PUBLISHING COMPANY,,,생략
출하,SHPMNT,SHIPMENT,,,생략
출하일자,SHPMTDT,SHIPMENT DATE,출하일,,생략
출하증빙서,SHPDOC,SHIPPING DOCUMENT,출하증,,생략
출하증빙서번호,SPDOCNO,SHIPPING DOCUMENT NUMBER,,분류어,생략
출항,TKOFF,TAKE-OFF,,,생략
출항일자,TKOFDT,TAKE-OFF DATE,출항일,,생략
출현,ERE,EMERGENCE,,,생략
출혈,HMRG,HEMORRHAGE,,,생략
충격,IMPACT,IMPACT,,,생략
충격신관,PFUZE,PERCUSSION FUZE,,,생략
충고,RECMD,RECOMMEND,,,생략
충공관,FLEMDR,FULL OR EMPTY DRUM,,,생략
충관,FULDRUM,FULL DRUM,,,생략
충당,APRPRTN,APPROPRIATION,,,생략
충당금,RSRVFND,RESERVE FUND,충당금액,,생략
충당부채,PRVSNS,PROVISIONS,,,생략
충돌,CRASH,CRASH,,,생략
충돌조류코드,CRSHBIRDCD,CRASH BIRD CODE,,분류어,생략
충동,IMPLS,IMPULSE,,,생략
충만,FULNS,FULLNESS,,,생략
충무계획,CMPLN,CHUNG-MU PLAN,,,생략
충무사태,SOCHM,STATE OF CHUNGMU,,,생략
충분,ENUGH,ENOUGH,,,생략
충성심,SNLYT,SENSE OF LOYALTY,,,생략
충실도,FDLTY,FIDELITY,,분류어,생략
충원,SPSN,SUPPLEMENT OF THE PERSONNEL,,,생략
충의,LYLTY,LOYALTY,,,생략
충전,RCHR,RECHARGING,,,생략
충전기,CHRGR,CHARGER,,,생략
충전물,FILLER,FILLER,,,생략
충전소,CHRSTN,CHARGING STATION,,,생략
충전인,CHRMN,CHARGING MAN,,,생략
충정,TRUFL,TRUE FEELING,,,생략
충족,SFCY,SUFFICIENCY,,,생략
충족유형코드,SFCYTYCD,SUFFICIENCY TYPE CODE,,분류어,생략
충청남도,CCND,CHUNGCHEONGNAM-DO,충남,,생략
충청도,CCDO,CHUNGCHEONG-DO,,,생략
충청북도,CCBD,CHUNGCHEONGBUK-DO,충북,,생략
충해,VDE,VERMIN DAMAGE,,,생략
취급,DEAL,DEALING,,,생략
취급소,OFFICE,OFFICE,,,생략
취급일자,DEALDT,DEALING DATE,취급일,,생략
취급자,HNDLR,HANDLER,취급인,,생략
취득,ACQ,ACQUISITION,,,생략
취득가격,ACQPRC,ACQUISITION PRICE,"취득가,취득가액",분류어,생략
취득시효,ACQPRD,ACQUISITIVE PRESCRIPTION,,,생략
취득원가,ACQCST,ACQUISITION COST,,,생략
취득일자,ACQDT,ACQUISITION DATE,취득일,,생략
취득자,ACQSTR,ACQUISITOR,,,생략
취득처분운용구분코드,ADODVCD,"ACQUISITION, DISPOSAL AND OPERATING DIVISION CODE",,분류어,생략
취미,HBBY,HOBBY,,분류어,생략
취사,COOKNG,COOKING,,,생략
취사장,KTCHN,KITCHEN,,,생략
취소,CNCL,CANCELLATION,,,생략
취소번호,CNCLNO,CANCELLATION NUMBER,,분류어,생략
취소유형,CTYP,CANCELLATION TYPE,,,생략
취소일자,CNCLDT,CANCELLATION DATE,취소일,,생략
취소자,CNCLR,CANCELER,,,생략
취소전표,CNCSLIP,CANCELLATION SLIP,,,생략
취수,ITWTR,INTAKE OF WATER,,,생략
취수장,ITPLT,INTAKING PLANT,,,생략
취식,TKML,TAKING A MEAL,,,생략
취약,FRGL,FRAGILITY,,,생략
취약성,VNRBTY,VULNERABILITY,,,생략
취약지,WKNAR,WEAKNESS AREA,,,생략
취약지구분코드,WKNARCD,WEAKNESS AREA SECTION CODE,,분류어,생략
취업,EMPLMT,EMPLOYMENT,취직,,생략
취업능력교육비,EAEEXP,EMPLOYMENT ABILITY EDUCATION EXPENSES,,,생략
취업일자,EMPLDT,EMPLOYMENT DATE,"취직일,취직일자,취업일",,생략
취업자,EMPLY,EMPLOYEE,,,생략
취임,IAGR,INAUGURATION,,,생략
취재,SBJSLCT,SUBJECT SELECTION,,,생략
취적,CRG,CREATION OF FAMILY REGISTER,,,생략
취하,WTHDRW,WITHDRAW,,,생략
취학,ESHL,ENTERING SCHOOL,,,생략
취합,GTHRNG,GATHERING,,,생략
취항,CMSSN,COMMISSION,,,생략
취향,TASTE,TASTE,,,생략
측,SIDE,SIDE,,,생략
측구,GTTR,GUTTER,,,생략
측기,MSV,MEASUREMENT DEVICE,,,생략
측량,MSRMT,MEASUREMENT,,,생략
측량일자,MSMTDT,MEASUREMENT DATE,측량일,,생략
측면,SD,SIDE,,,생략
측면도,SIDVW,SIDE VIEW,,,생략
측선,SIDNG,SIDING,,,생략
측점,SIDEPT,SIDE POINT,,,생략
측정,MSMNT,MEASUREMENT,,,생략
측정값,MSVL,MEASUREMENT VALUE,측정치,,생략
측정기,MSRR,MEASUREMENT INSTRUMENT,,,생략
측정단위,MESUREUNIT,MEASUREMENT UNIT,,,생략
측정소,MSRSTN,MEASUREMENT STATION,,,생략
측정일자,MSMDT,MEASUREMENT DATE,측정일,,생략
측정자,ESTMTR,ESTIMATOR,,,생략
측정주기,MSCYC,MEASUREMENT CYCLE,,,생략
측지,LNDSV,LAND SURVEYING,,,생략
측지제원유형코드,LNDSVPDQCD,LAND SURVEYING PERFORMANCE AND DISTINCTIVE QUALITY INDICATOR TYPE CODE,,분류어,생략
측지학,GEOD,GEODESY,,,생략
층,FLR,FLOOR,,,생략
층번호,FLRNO,FLOOR NUMBER,,분류어,생략
층수,NUMLR,THE NUMBER OF LAYERS,,분류어,생략
층압펌프,JKPMP,JOCKEY PUMP,,,생략
층운,STRTUS,STRATUS,,,생략
치,NMRVAL,NUMERICAL VALUE,,분류어,생략
치공구,JIG,JIG,,,생략
치과,DNTLCLNC,DENTAL CLINIC,"DENTAL,치과병원",,생략
치과가산,DCAD,DENTAL CLINIC ADDITION,,,생략
치과병원,DCHP,DENTAL CLINIC HOSPITAL,,,생략
치과병원장,DCDH,DENTAL CLINIC THE DIRECTOR OF HOSPITAL,,,생략
치과외래,DCAB,DENTAL CLINIC AMBULATORY CARE,,,생략
치과일반,DCGE,DENTAL CLINIC GENERAL,,,생략
치과입원,DCHS,DENTAL CLINIC HOSPITALIZATION,,,생략
치료,CURE,CURE,가료,,생략
치료계획,CUPN,CURE PLAN,,,생략
치료과정,CUPRC,CURE PROCESS,,,생략
치료비,MDCFEE,MEDICAL FEE,,,생략
치료사,CURENR,CURE ENGINEER,,,생략
치료약품,CUMDC,CURE MEDICINE,,,생략
치료자,CURER,CURER,,,생략
치마,SKIRT,SKIRT,,,생략
치명결점,FTDFC,FATAL DEFECT,,,생략
치명도분석,CRANL,CRITICALITY ANALYSIS,,,생략
치사,KILLN,KILLING,,,생략
치수,MSR,MEASURE,,분류어,생략
치아,TOTH,TOOTH,,,생략
치안,PBLSCR,PUBLIC SECURITY,,,생략
치안감,SSG,SENIOR SUPERINTENDENT GENERAL,,,생략
치열,DNTTN,DENTITION,,,생략
치열번호,DNTNO,DENTITION NUMBER,,분류어,생략
치유,RCVRNG,RECOVERING,,,생략
치장,STORE,STORE,,,생략
치장비축물자구분코드,SRCCD,STORE RETAIN CATEGORY CODE,,분류어,생략
치장장비,STREQ,STORED EQUIPMENT,,,생략
치환,RPLCMT,REPLACEMENT,,,생략
친고죄,OSJCP,OFFENSE SUBJECT TO COMPLAINT,,,생략
친구,FRND,FRIEND,,,생략
친권,PRIGHT,PARENTAL RIGHTS,,,생략
친권자,PSNPRATH,PERSON IN PARENTAL AUTHORITY,,,생략
친밀,INTMCY,INTIMACY,,,생략
친밀도,INTIMDEGR,INTIMATE DEGREE,,,생략
친생자,ORCLD,ONE´S REAL CHILD,,,생략
친절,KD,KINDNESS,,,생략
친화,KIN,KINDNESS,,,생략
칠엽수,HRCHST,HORSE CHESTNUT,,,생략
침,ACPTR,ACUPUNCTURE,,,생략
침구,BEDD,BEDDING ,,,생략
침대,BED,BED,,,생략
침로,SHPCRS,SHIP`S COURSE,,분류어,생략
침몰,SINK,SINKING,,,생략
침몰품,SBMRGUD,SUBMERGED GOODS,,,생략
침묵,SLNC,SILENCE,,,생략
침범,INVST,INVASION,,,생략
침상,BUNK,BUNK,,,생략
침수,FLUD,FLOODING,,,생략
침술,ACUPTR,ACUPUNCTURE,,,생략
침식,WASH,WASH,,,생략
침실,BDRM,BEDROOM,,,생략
침입탐지시스템,IDS,INTRUSION DETECTION SYSTEM,,,생략
침전,DEPSTN,DEPOSITION,,,생략
침전물,PRCPTT,PRECIPITATE,,,생략
침출수,LCHT,LEACHATE,,,생략
침투,IFTR,INFILTRATION,,,생략
침투도발,IFTPRV,INFILTRATION PROVOCATION,,,생략
침투로,IFTLN,INFILTRATION LANE,,,생략
침투부대이동속도적용구분코드,IFLTRMOVEACD,INFILTRATION TROOP MOVEMENT VELOCITY APPLY SECTION CODE,,분류어,생략
침투사건분석항목코드,IAAICD,INFILTRATION AFFAIR ANALYSIS ITEM CODE,,분류어,생략
침투사건소속코드,IAASGMTCD,INFILTRATION AFFAIR ASSIGNMENT CODE,,분류어,생략
침투사건임무코드,IAMSNCD,INFILTRATION AFFAIR MISSION CODE,,분류어,생략
침투사건지역코드,IARGNCD,INFILTRATION AFFAIR REGION CODE,,분류어,생략
침투사건특성코드,IASPCD,INFILTRATION AFFAIR SPECIAL QUALITY CODE,,분류어,생략
침투자,IFTPSN,INFILTRATION PERSON,,,생략
침투제,PNTRNT,PENETRANT,,,생략
침하,SNKG,SINKAGE,,,생략
침해,VIO,VIOLATE,,,생략
침해사고,INFRACDNT,INFRINGEMENT ACCIDENT,,,생략
칩셋,CHPST,CHIPSET,,,생략
카달로그,CATALOG,CATALOG,,,생략
카드,CARD,CARD,,,생략
카드구분코드,CRDCD,CARD DIVISION CODE,,분류어,생략
카드뮴,CDMM,CADMIUM,,,생략
카드번호,CARDNO,CARD NUMBER,,분류어,생략
카메라,CMR,CAMERA,,,생략
카메라그룹번호,CMRGRPNO,CAMERA GROUP NUMBER,,분류어,생략
카메라번호,CMRNO,CAMERA NUMBER,,분류어,생략
카탈로그,CATLG,CATALOG,카다로그,,생략
카테터,CTHTR,CATHETER,CATHETER,,생략
카투사,KATUSA,KOREAN AUGMENTATION TROOPS TO UNITED STATES ARMY,,,생략
카트,CART,CART,,,생략
카페,CAFE,CAFE,,,생략
카풀,CRPL,CAR POOL,,,생략
칸,SPC,SPACE,,,생략
칼날,BLADE,BLADE,BLADE,,생략
칼륨,K,KALIUM,K,,생략
칼만필터,KMFLTR,KALMAN FILTER,,,생략
칼슘,CA,CALCIUM,,,생략
캐드,CMADDS,COMPUTER AIDED DESIGN,,,생략
캐디,CADDY,CADDY,,,생략
캐비닛,CBNT,CABINET,"케비넷,캐비넷",,생략
캐쉬,CACHE,CACHE,,,생략
캠퍼스,CAMPUS,CAMPUS,,,생략
캠페인,CMPGN,CAMPAIGN,,,생략
캠프,CMP,CAMP,,,생략
캡처,CPTR,CAPTURE,,,생략
캣워크,CTWK,CATWALK,"CATWALK,보행자통로",,생략
커넥터,CNNCTR,CONNECTOR,,,생략
커뮤니티,COU,COMMUNITY,,,생략
커버,COVR,COVER,,,생략
커브,CRV,CURVE,,,생략
커서,CURSOR,CURSOR,,,생략
커스터마이징,CSTMZNG,CUSTOMIZING,,,생략
컨베이어,CNVYR,CONVEYOR,,,생략
컨설턴트,CNSTNT,CONSULTANT,,,생략
컨소시엄,CNSRTM,CONSORTIUM,,,생략
컨테이너,CTNR,CONTAINER,,,생략
컨테이너번호,CTNRNO,CONTAINER NUMBER,,분류어,생략
컨테이너설비,CNTFCT,CONTAINER FACILITY,,,생략
컨테이너안전협정,CSI,CONTAINER SECURITY INITIATIVE,,,생략
컨테이너야드,CNTYRD,CONTAINER YARD,,,생략
컨테이너크레인,CTNRCRN,CONTAINER CRANE,,,생략
컨테이너터미널,CNTMAL,CONTAINER TERMINAL,,,생략
컨테이너화물집화소,CFS,CONTAINER FREIGHT STATION,CFS,,생략
컬럼,CLM,COLUMN,COLUMN,,생략
컴파일,CMPLE,COMPILE,,,생략
컴포넌트,CPNNT,COMPONENT,,,생략
컴퓨터,CMPTR,COMPUTER,PC,,생략
컴퓨터그래픽스,CTCS,COMPUTER GRAPHICS,,,생략
컴퓨터단층촬영,CT,COMPUTER TOMOGRAPHY,CT,,생략
컴퓨터소프트웨어구성항목,CSCI,COMPUTER SOFTWARE CONFIGURATION ITEM,CSCI,,생략
케이블,CABLE,CABLE,,,생략
케이스,CASE,CASE,CASE,,생략
케이스번호,CASENO,CASE NUMBER,,분류어,생략
케이슨,CSN,CAISSON,CAISSOM,,생략
코,NOSE,NOSE,,,생략
코너속도,CORNERVLCT,CORNER VELOCITY,,,생략
코닥,KODAK,KODAK,KODAK,,생략
코덱,CODEC,CODEC,,,생략
코드,CD,CODE,"부호,CODE,CODES",분류어,생략
코드값,CDVAL,CODE VALUE,세부코드값,분류어,생략
코드값명,CDVALNM,CODE VALUE NAME,"세부코드명,세부코드명칭",,생략
코드명,CDNM,CODE NAME,,,생략
코드번호,CODENO,CODE NUMBER,,분류어,생략
코만도솔로,CMDSL,COMMANDO SOLO,,,생략
코스,CRS,COURSE,,,생략
코어,CORE,CORE,,,생략
코일,COIL,COIL,,,생략
코칭,COCNG,COACHING,,,생략
코탄젠트,COT,COTANGENT,,,생략
콘덴서,CDSR,CONDENSER,,,생략
콘도,CONDO,CONDO,,,생략
콘센트,CNCNT,CONCENT,,,생략
콘솔,CONSL,CONSOLE,,,생략
콘크리트,CNCRT,CONCRETE,,,생략
콘텐츠,CTNTS,CONTENTS,컨텐츠,,생략
콜레라,CHOLR,CHOLERA,,,생략
콜레스테롤,CLESTR,CHOLESTEROL,,,생략
콜센터,CALCNTR,CALL CENTER,,,생략
콜택시,CLLTX,CALL TAXI ,,,생략
콤보박스,CBBX,COMBO BOX,,,생략
콤비카드,CMBCRD,COMBICARD,,,생략
콤포지션폭약,CMPTL,COMPOSITION TOLUEN,,,생략
콩,BEAN,BEAN,,,생략
쿠키,COOKIE,COOKIE,,,생략
쿠폰,COUPON,COUPON,,,생략
쿼드런트,QUADRANT,QUADRANT,,,생략
쿼리,QRY,QUERY,QUERY,,생략
쿼터,QUTA,QUOTA,,,생략
퀴즈,QUIZ,QUIZ,,,생략
큐,QUE,QUEUE,,,생략
크기,SIZE,SIZE,"사이즈,SIZE",분류어,생략
크랭크,CRANK,CRANK,,,생략
크레인,CRN,CRANE,기중기,,생략
크로스도킹,CRSDK,CROSS DOCKING,,,생략
크로스톤방법,CROSMET,CROSTON`S METHOD,,,생략
크론,CRON,CRON,,,생략
크롬,CHRM,CHROMIUM,,,생략
크롭,CROP,CONTAINER ROLL-INOUT PLATFORM,,,생략
클라이언트,CL,CLIENT,,,생략
클래스,CLASS,CLASS,,,생략
클러스터,CLST,CLUSTER,,,생략
클러터대항탐지확률,CLRATDTTPBT,CLUTTER ANTAGONIST DETECTION PROBABILITY,,,생략
클럭,CLOCK,CLOCK,,,생략
클리닉,CLINIC,CLINICS ,,,생략
클릭,CLCK,CLICK,,,생략
클립아트,CLIPART,CLIPART,,,생략
키,KEY,KEY,KEY,,생략
키값,KVAL,KEY VALUE,,분류어,생략
키관리시스템도메인ID,KDNID,KEY MANAGEMENT APPLICATION SERVER DOMAIN NAME ID,,,생략
키리졸브훈련,KRTRNNG,KEY RESOLVE TRAINING,,,생략
키보드,KYBRD,KEYBOARD,,,생략
키워드,KEYWD,KEY WORD,KEYWORD,,생략
키트,KIT,KIT,"킷트,KIT",,생략
키패드,KEYPAD,KEYPAD,,,생략
키폰,KPHON,KEYPHONE,,,생략
킬로그램,KG,KILOGRAM,KG,,생략
킬로미터,KM,KILOMETER,KM,,생략
킬로바이트,KB,KILO BYTE,,,생략
킬로볼트,KV,KILOVOLT,,,생략
킬박스,KILLBOX,KILL BOX,"KILLBOX,격멸구역",,생략
킬박스구분코드,KILLBOXDVCD,KILL BOX DIVISION CODE,,분류어,생략
킬박스상태코드,KILLBOXSTCD,KILL BOX STATUS CODE,,분류어,생략
킹스톤검사,KNGINSP,KINGSTON INSPECTION,킹스톤,,생략
타,OTHR,OTHER,,,생략
타격,STRK,STRIKE,STRIKE,,생략
타격결과,STKRLT,STRIKE RESULT,,,생략
타격결과코드,STRKRSLTCD,STRIKE RESULT CODE,,분류어,생략
타격명령,STKORD,STRIKE ORDER,,,생략
타격부대,STKUNT,STRIKE UNIT,,,생략
타격수단,STKMEAN,STRIKE MEANS,,,생략
타격수단코드,STRKMEANSCD,STRIKE MEANS CODE,,분류어,생략
타격실시,STKEXE,STRIKE EXECUTION,,,생략
타격우선순위,STKPRT,STRIKE PRIORITY,,,생략
타격임무,STKMSN,STRIKE MISSION,,,생략
타격임무상태코드,STKMSNSTATCD,STRIKE MISSION STATE CODE,,분류어,생략
타격자산,STKASST,STRIKE ASSETS,,,생략
타격지역번호,SRNO,STRIKE REGION NUMBER,,분류어,생략
타과의뢰,CSUT,CONSULTATION,,,생략
타군,OTHMIL,OTHER MILITARY,,,생략
타기관,OTHORG,OTHER ORGANIZATION,,,생략
타당,PROPR,PROPER,,,생략
타당성,VLDTY,VALIDITY,,,생략
타도,ANTPRV,ANOTHER PROVINCE,,,생략
타물권,OTHRRGHT,OTHER REAL RIGHTS,,,생략
타박상,CTSN,CONTUSION,,,생략
타부대,OTUNIT,OTHER UNIT,,,생략
타사,OTHCMPNY,OTHER COMPANY,,,생략
타워,TWR,TOWER,,,생략
타워크레인,TWCRN,TOWERCRANE,,,생략
타원,ELLIP,ELLIPSE,,,생략
타원체,ELLIPSD,ELLIPSOID,,,생략
타이어,TIRE,TIRE,,,생략
타이어슈레드,TIRESHRD,TIRE-SHRED,,,생략
타이어압력,TIREPRS,TIRE PRESSURE,,,생략
타이틀바,TTLBAR,TITLE BAR,,,생략
타인,OTHER,OTHER PERSON,,,생략
타일,TILE,TILE,,,생략
타임라인,TIMELINE,TIMELINE,,,생략
타임스탬프,DTTS,DATE TIME TIMESTAMP,,분류어,생략
타임아웃,TMOUT,TIME OUT,,,생략
타자,TYPING,TYPING,,,생략
타체계연동,OTSYSITCNTN,OTHER SYSTEM INTERCONNECTION,,,생략
탁본,RBNG,RUBBING,,,생략
탁월,SUPRTY,SUPERIORITY,,,생략
탄도,TRHT,TRAJECTORY,,,생략
탄두,PRJCTL,PROJECTILE,,,생략
탄력,FLXBT,FLEXIBILITY,,,생략
탄성,ELSTC,ELASTICITY,,,생략
탄성체,ELTBD,ELASTIC BODY,,,생략
탄수,NBBLT,NUMBER OF BULLET,,분류어,생략
탄수화물,CRBHDRT,CARBOHYDRATE,,,생략
탄약,AMN,AMMUNITION,탄,,생략
탄약고,MGZN,MAGAZINE,,,생략
탄약고간거리,IMD,INTERMAGAZINE DISTANCE,,,생략
탄약고번호,MGZNO,MAGAZINE NUMBER,,분류어,생략
탄약기본통제구분코드,AMNBASCTRLCD,AMMUNITION BASIC CONTROL SECTION CODE,,분류어,생략
탄약보급소,ASP,AMMUNITION SUPPLY POINT,ASP,,생략
탄약보급협조단,ASCG,AMMUNITION SUPPLY COORDINATING GROUP,,,생략
탄약상태보고서,ACR,AMMUNITION CONDITION REPORT,,,생략
탄약식별기호,AICD,AMMUNITION IDENTIFICATION CODE,,,생략
탄약이관근거구분코드,AMNTOCBDCD,AMMUNITION TRANSFER OF CONTROL BASIS DIVISION CODE,,분류어,생략
탄약일일보급량,ADSQTY,AMMUNITION DAY OF SUPPLY QUANTITY,,,생략
탄약재보급,AMNRSPL,AMMUNITION RESUPPLY,,,생략
탄약전환보급소,ATP,AMMUNITION TRANSFER POINT,,,생략
탄약정비,AMNMTN,AMMUNITION MAINTENANCE,,,생략
탄약정비자재,AMM,AMMUNITION MAINTENANCE MATERIALS,,,생략
탄약제원적용단위구분코드,APDQAPUIDVCD,AMMUNITION PERFORMANCE AND DISTINCTIVE QUALITY INDICATOR APPLY UNIT DIVISION CODE,,분류어,생략
탄약창,AMNDPT,AMMUNITION DEPOT,,,생략
탄약할당,AA,AMMUNITION ALLOCATION,AA,,생략
탄약현황,AMNSTS,AMMUNITION PRESENT STATUS,,,생략
탄약훈련대상구분코드,ATODCD,AMMUNITION TRAINING OBJECT DIVISION CODE,,분류어,생략
탄저균,ANTHX,ANTHRAX,,,생략
탄저신관,BFUZE,BASE FUZE,,,생략
탄종,KNDAMN,KIND OF AMMUNITION,,,생략
탄종구분코드,KNDAMNDVSCD,KIND OF AMMUNITION DIVISION CODE,,분류어,생략
탄종대분류코드,KNDAMNLCLSCD,KIND OF AMMUNITION LARGE CLASSIFICATION CODE,,분류어,생략
탄종세분류코드,KNDAMNDCLSCD,KIND OF AMMUNITION DETAIL CLASSIFICATION CODE,,분류어,생략
탄종소분류코드,KNDAMNSCLSCD,KIND OF AMMUNITION SMALL CLASSIFICATION CODE,,분류어,생략
탄종중분류코드,KNDAMNMCLSCD,KIND OF AMMUNITION MIDDLE CLASSIFICATION CODE,,분류어,생략
탄착,HOS,HIT OF SHOT,,,생략
탄착지,IMPAR,IMPACT AREA,,,생략
탄피,EPTCTR,EMPTY CARTRIDGE,,,생략
탄화,CARB,CARBONIZATION,,,생략
탄화수소,HYDRCBN,HYDROCARBON,,,생략
탄환,ROAMN,ROUND OF AMMUNITION,,,생략
탄흔,CRATER,SHELL CRATER,,,생략
탈거,RMVL,REMOVAL,,,생략
탈당,WDRPRT,WITHDRAWAL FROM PARTY,,,생략
탈락,ELMNT,ELIMINATED,,,생략
탈락자,DRPT,DROPOUT,,,생략
탈북,DFNK,DEFECTION FROM NORTH KOREA,,,생략
탈수,DHDRTN,DEHYDRATION,,,생략
탈영,DSRTN,DESERTION,무단이탈,,생략
탈의실,FITRM,FITTING ROOM,,,생략
탈자,DMGN,DEMAGNETIZE,,,생략
탈착,ATCDATC,ATTACHMENT AND DISATTACHMENT,,,생략
탈출,BKOUT,BREAK OUT,,,생략
탈퇴,SCSSN,SECESSION,,,생략
탈퇴일자,SCSNDT,SECESSION DATE,탈퇴일,,생략
탐사,PRB,PROBE,,,생략
탐색,SERCH,SEARCH,,,생략
탐색개발,EXPDVL,EXPLORATORY DEVELOPMENT,,,생략
탐색경로,SKRGT,SEEKER GATE,,,생략
탐색구조직무번호,SNRDNO,SEARCH AND RESCUE DUTY NUMBER,,분류어,생략
탐색및구조,SAR,SEARCH AND RESCUE,,,생략
탐색및구조작전,SARO,SEARCH AND RESCUE OPERATION,,,생략
탐지,DTCT,DETECTION,,,생략
탐지부대유형코드,DTTUNITYPCD,DETECT UNIT TYPE CODE,,분류어,생략
탐지수단유형코드,DMTCD,DETECTION MEANS TYPE CD,,분류어,생략
탐지자,DETCTR,DETECTOR,,,생략
탐지자산,DASST,DETECTION ASSETS,,,생략
탐지적부대구분코드,DTENMUNTDVCD,DETECTION ENEMY UNIT DVSION CODE,,분류어,생략
탐지표적,DTTGT,DETECTION TARGET,,,생략
탐지표적보고구분코드,DTGRPTDVCD,DETECTION TARGERT REPORT DIVISON CODE,,분류어,생략
탐촉,CNTRD,CONTACT TRANSDUCE,,,생략
탐촉자,CNTRDR,CONTACT TRANSDUCER,,,생략
탑승,BDNG,BOARDING,,,생략
탑승권,BDPASS,BOARDING PASS,,,생략
탑승인원,NUMBDPS,NUMBER OF BOARDING PERSON,,,생략
탑승자,PSGR,PASSENGER,승객,,생략
탑재,EMBK,EMBARKED,"ON-BOARD,ON BOARD",,생략
탑재감지기번호,EMBSNSNO,EMBARKED SENSOR NUMBER,,분류어,생략
탑재결과코드,EMBKRSLTCD,EMBARKED RESULT CODE,,분류어,생략
탑재공항,APOE,AERIAL PORT OF EMBARKATION,,,생략
탑재율,EMBKRT,EMBARKED RATE,탑재비율,,생략
탑재일자,EMBKDT,EMBARKED DATE,탑재일,,생략
탑재조직규모코드,EMBORGSCALCD,EMBARKED ORGANIZATION SCALE CODE,,분류어,생략
탑재지대,PZ,PICK UP ZONE,PZ,,생략
탑재지역,EMBKAR,EMBARKATION AREA,,,생략
탑재편성,ORGEM,ORGANIZATION FOR EMBARKATION,,,생략
탑재편성번호,ORGEMNO,ORGANIZATION FOR EMBARKATION NUMBER,,분류어,생략
탑재항만,SPOE,SEA PORT OF EMBARKATION,,,생략
태권도,TKD,TAEKWONDO,,,생략
태그,TAG,TAG,TAG,,생략
태도,ATTDE,ATTITUDE,,,생략
태세,ATITD,ATTITUDE,,,생략
태세식별번호,ATTDIDNO,ATTITUDE IDENTIFICATION NUMBER,,분류어,생략
태세코드,ATITDCD,ATTITUDE CODE,,분류어,생략
태아,FETUS,FETUS,,,생략
태양,SU,SUN,,,생략
태양기준표적상실각도,SNSTDTRTANG,SUN STANDARD TARGET ANGLE,,,생략
태양흑점,SNSPOT,SUNSPOT,,,생략
태풍,TYPH,TYPHOON,,,생략
태풍경보기준코드,TYPHALERTSCD,TYPHOON ALERT STANDARD CODE,,분류어,생략
택배,HDRY,HOME DELIVERY,,,생략
탭,TAB,THE TAB USE IN THE WEB.,,,생략
탱커,TANKER,TANKER,,,생략
탱크,TNK,TANK,,,생략
탱크번호,TANKNO,TANK NUMBER,,분류어,생략
탱크선,TNKSHIP,TANKSHIP,,,생략
탱크위치구분코드,TLTCD,TANK LOCATION TYPE CODE,,분류어,생략
탱크컨테이너,TNKCNTN,TANK CONTAINER,,,생략
터,PLCE,PLACE,,,생략
터널,TNNL,TUNNEL,,,생략
터미널,TMNAL,TERMINAL,,,생략
터빈,TRBN,TURBINE,,,생략
터치스크린전자투표기,TSVMCH,TOUCH SCREEN VOTING MACHINE,,,생략
터치스크린전자투표및개표시스템,TSVTSYS,TOUCH SCREEN VOTING SYSTEM,,,생략
턱걸이,PULUP,PULL-UP,,,생략
턱관절,TMJ,TEMPOROMANDIBULAR JOINT,"TMJ,측두하악관절",,생략
턱시도,TUXEDO,TUXEDO,TUXEDO,,생략
테니스,TENIS,TENNIS,,,생략
테니스장,TNNCRT,TENNIS COURT,,,생략
테두리,BORDR,BORDER ,,,생략
테러,TERR,TERROR,,,생략
테러대상구분코드,TERROBJDVCD,TERROR OBJECT DIVISION CODE,,분류어,생략
테러발생국가코드,TERROCRNATCD,TERROR OCCUR NATION CODE,,분류어,생략
테러수단구분코드,TERRMENSDVCD,TERROR MEANS DIVISION CODE,,분류어,생략
테마,THEME,THEME,,,생략
테스트케이스,TESTCASE,TESTCASE,,,생략
테이블,TABLE,TABLE,"TABLE,TBL",,생략
테이블스페이스,TBLSP,TABLESPACE,,,생략
테이블키,TBKY,TABLE KEY,,,생략
테이프,TAPE,TAPE,,,생략
테크랩,TCHLAB,TECHNICAL LAB,,,생략
텍스트,TEXT,TEXT,TEXT,,생략
텔넷,TCMNWK,TELECOMMUNICATIONS NETWORK,,,생략
텔레마케팅,TELMRK,TELE MARKETING,,,생략
텔레비전,TV,TELEVISION,TV,,생략
텔렉스,TLEX,TELEX,,,생략
템플릿,TMPL,TEMPLATE,,,생략
텝스,TEPS,TEST OF ENGLISH PROFICIENCY DEVELOPED BY SEOUL NATIONAL UNIVERSITY,TEPS,,생략
텝스스피킹,TEPSS,TEST OF ENGLISH PROFICIENCY DEVELOPED BY SEOUL NATIONAL UNIVERSITY SPEAKING,,,생략
토공,EARTHWK,EARTHWORK,,,생략
토공공병,CEC,CONSTRUCTION ENGINEER CORPS,,,생략
토구,TGU,TOGU,,,생략
토론회,DEBATE,DEBATE,,,생략
토목,PBWKS,PUBLIC WORKS,,,생략
토속,FLKWY,FOLKWAYS,,,생략
토실,SMT,SEDIMENT,,,생략
토양,SOIL,SOIL,,,생략
토양미생물,SLB,SOIL MICROBE,,,생략
토양오염,SLPLTN,SOIL POLLUTION,,,생략
토양조사,AGNKSRY,AGRONOMICAL SURVEY,,,생략
토요일,SAT,SATURDAY,토,,생략
토의,DSCSN,DISCUSSION,,,생략
토익,TOEIC,TEST OF ENGLISH FOR INTERNATIONAL COMMUNICATION,TOEIC,,생략
토익스피킹,TOEICS,TEST OF ENGLISH FOR INTERNATIONAL COMMUNICATION SPEAKING,,,생략
토지,ESTATE,ESTATE,,,생략
토지대장,LNDBK,LAND BOOK,,,생략
토지등기부,LANDREG,LAND REGISTER,,,생략
토지매입비,LDBUYCST,LAND BUYING COST,,,생략
토지면적,LDAR,LAND AREA,,,생략
토지보상비,LDCPSCST,LAND COMPENSATION COST,,,생략
토지세,LNDTX,LAND TAX,,,생략
토지소유,LNDOWN,LANDOWNERSHIP,,,생략
토지소유자,LNDOWNR,LAND OWNER,,,생략
토지수용,EOL,EXPROPRIATION OF LAND,,,생략
토지식별번호,PNU,PARCEL NUMBER,,분류어,생략
토지임야구분,LFNF,LAND FORESTS AND FIELDS,,,생략
토지지세코드,EGFCD,ESTATE GEOGRAPHICAL FEATURES CODE,,분류어,생략
토지채무,LADDET,LAND DEBT,,,생략
토지형태코드,ESHPCD,ESTATE SHAPE CODE,,분류어,생략
토질,QLTSOIL,QUALITY OF SOIL,,,생략
토출,DISCHRG,DISCHARGE,,,생략
토크,TRQ,TORQUE,,,생략
토큰,TOKEN,TOKEN,,,생략
토플,TOEFL,TEST OF ENGLISH AS A FOREIGN LANGUAGE,TOEFL,,생략
톤,TON,TON,,,생략
톤수,TONN,TONNAGE,,분류어,생략
톨게이트,TOLGT,TOLLGATE,요금소,,생략
톨루엔,TLN,TOLUENE,,,생략
통,TONG,TONG,,분류어,생략
통,TOTLY,TOTALLY,,,생략
통계,STAT,STATISTICS,,,생략
통계적품질관리,SQC,STATISTICAL QUALITY CONTROL,SQC,,생략
통계청,NSO,NATIONAL STATISTICAL OFFICE,,,생략
통고처분,NTCDSP,NOTICED DISPOSITION,,,생략
통과,PASS,PASS,PASS,,생략
통과높이,OHCLR,OVERHEAD CLEARANCE,,,생략
통과선하증권,THRBL,THROUGH BILL OF LADING,,,생략
통과하중,WTLMT,WEIGHT LIMIT,,,생략
통관,CUSTM,CUSTOM,,,생략
통관관,CSTOFCR,CUSTOM OFFICER,,,생략
통괄,SMRZTN,SUMMARIZATION,,,생략
통근,COMT,COMMUTE,,,생략
통로,PSSG,PASSAGE,,,생략
통보,IFRM,INFORM,,,생략
통보일자,IFRMDT,INFORM DATE,통보일,,생략
통산,SUMUP,SUMMING-UP,,,생략
통산기간신분구분코드,SUPSPDCD,SUMMING-UP PERIOD SOCIAL POSITION DIVISION CODE,,분류어,생략
통산산입구분코드,SUCDCD,SUMMING-UP CALCULATING DIVISION CODE,,분류어,생략
통산합산구분코드,SUAUDCD,SUMMING-UP ADDING UP DIVISION CODE,,분류어,생략
통상,ODNR,ORDINARILY,,,생략
통상비행,MILFL,MILITARY FLIGHT,,,생략
통상품,ORDMTR,ORDINARY MATERIAL,,,생략
통솔,LDGRP,LEAD GROUP,,,생략
통신,CMNCTN,COMMUNICATION,교신,,생략
통신망,CMCNET,COMMUNICATIONS NETWORK,네트워크,,생략
통신망식별코드,CMCNETIDCD,COMMUNICATIONS NETWORK IDENTIFICATION CODE,,분류어,생략
통신보고서출처코드,CMARPTSRCD,COMMUNICATION REPORT SOURCE CODE,,분류어,생략
통신보안,COMSEC,COMMUNICATION SECURITY,,,생략
통신분석보고서,CMARPRT,COMMUNICATION ANALYSIS REPORT,,,생략
통신비,CMNEXP,COMMUNICATION EXPENSE,,,생략
통신사,NWSAC,NEWS AGENCY,,,생략
통신수단구분코드,CMNMDVSCD,COMMUNCATION MEANS DIVISION CODE,,분류어,생략
통신용어구분코드,COMTERLGDVCD,COMMUNICATION TERMINOLOGY DIVISION CODE,,분류어,생략
통신전자운용지시,CEOI,COMMUNICATION-ELECTRONICES OPERATIONG INSTRUCTIONS,,,생략
통신지원능력,CMNSPTCP,COMMUNICATION SUPPORT CAPABILITY,,,생략
통역,INTRPR,INTERPRET,,,생략
통역사,INTRPRTR,INTERPRETER,,,생략
통원치료,OUTTRT,OUTPATIENT TREATMENT,,,생략
통일교육,EFNC,EDUCATION FOR THE UNIFICATION,,,생략
통일부,UNIKOREA,MINISTRY OF UNIFICATION,,,생략
통장,BNKBK,BANKBOOK,,,생략
통제,CNTRL,CONTROL,,,생략
통제계획,CTRPLN,CONTROL PLAN,,,생략
통제권,CNTRGT,CONTROL RIGHT,,,생략
통제반,CNTRLTM,CONTROL TEAM,,,생략
통제번호,CTRLNO,CONTROL NUMBER,,분류어,생략
통제보급률,CSR,CONTROLLED SUPPLY RATE,CSR,분류어,생략
통제소,CTLPT,CONTROLLING POINT,,,생략
통제수단,ME,CONTROL MEASURES,,,생략
통제수단구분코드,MEDVCD,CONTROL MEASURES DIVISION CODE,,분류어,생략
통제수단유형코드,METYCD,CONTROL MEASURES TYPE CODE,,분류어,생략
통제수요예측방법,CDF,CONTROLLED DEMAND FORECAST,,,생략
통제영상자료,CIB,Controlled Image Base,,,생략
통제자,SPRVSR,SUPERVISOR,,,생략
통제점번호,CTRLPTNO,CONTROL POINT NUMBER,,분류어,생략
통제품목,CTRITM,CONTROLLED ITEM,,,생략
통제품목유형코드,CITCD,CONTROL ITEM TYPE CODE,,분류어,생략
통제항공기,CTRAC,CONTROLLED AIRCRAFT,,,생략
통증,PAIN,PAIN,,,생략
통지,NTFY,NOTIFY,,,생략
통지번호,NTFYNO,NOTIFY NUMBER,,분류어,생략
통지서,NTCE,NOTICE,통보서,,생략
통지일자,NTFDT,NOTIFY DATE,통지일,,생략
통치권,SRMWR,SUPREME POWER,,,생략
통칙,GNRPRCP,GENERAL PRINCIPLES,,,생략
통폐합,MRRBL,MERGER AND ABOLITION,,,생략
통풍,VNTLT,VENTILATION,,,생략
통학,ATNDSKL,ATTENDING SCHOOL,,,생략
통할,SPRVS,SUPERVISION,,,생략
통할점,GBO,GOVERN BRANCH OFFICE,,,생략
통합,INTG,INTEGRATION,,,생략
통합결심지원체계,IDSF,INTEGRATED DECISION SUPPORT FRAMEWORK,,,생략
통합기준선검토,IBR,INTEGRATED BASELINE REVIEW,,,생략
통합방위,IGRDN,INTEGRATED DEFENSE,,,생략
통합방위사태,UNTDFST,UNITED DEFENSE SITUATION,,,생략
통합방위작전,ITDNPR,INTEGRATED DEFENSE OPERATION,,,생략
통합부대,IU,INTEGRATED UNIT,,,생략
통합분석,ITGANL,INTEGRATED ANALYSIS,,,생략
통합사업관리팀,IPT,INTEGRATED PRODUCT TEAM,IPT,,생략
통합선거인명부확인시스템,INERID,INTEGRATED ELECTORAL REGISTER IDENTIFICATION SYSTE,,,생략
통합수송,ITGTRS,INTEGRATED TRANSPORTATION,,,생략
통합시설,IINS,INSTALLATION,,,생략
통합시험,CMBTST,COMBINED TEST,,,생략
통합시험팀,CTT,COMBINED TEST TEAM,,,생략
통합위기조치예규,ICASOP,INTEGRATED CRISIS ACTION STANDARD OPERATING PROCEDURES,조치부호,,생략
통합인증,SSO,SINGLE SIGN ON,SSO,,생략
통합임무명령서,ITO,INTEGRATED TASKING ORDER,ITO,,생략
통합임무명령서번호,ITONO,INTEGRATED TASKING ORDER NUMBER,ITO번호,분류어,생략
통합임무명령서상태코드,ITOSTATECD,INTEGRATED TASKING ORDER STATE CODE,,분류어,생략
통합임무명령서요청번호,ITORNO,INTEGRATED TASKING ORDER REQUEST NUMBER,,분류어,생략
통합임무명령서유형코드,ITOTYPECD,INTEGRATED TASKING ORDER TYPE CODE,,분류어,생략
통합전투력운용도표,ICPM,INTEGRATED COMBAT POWER USING MATRIX,,,생략
통합전표,INTSLIP,INTEGRATED SLIP,,,생략
통합점검,ISC,INTEGRATED SYSTEM CHECK,,,생략
통합제품프로세스개발,IPPD,INTEGRATED PRODUCT AND PROCESS DEVELOPMENT,,,생략
통합출력,UNYGNPW,UNITY GENERATING POWER,,,생략
통합포장목록,CPL,CONSOLIDATED PACKING LIST,CPL,,생략
통합포장목록번호,CPLNO,CONSOLIDATED PACKING LIST NUMBER,,분류어,생략
통합표적자료,INTGDTA,INTEGRATED TARGET DATA,,,생략
통합표적코드,INTGTGTCD,INTEGRATION TARGET CODE,,분류어,생략
통합품목,IITM,INTEGRATED ITEM,,,생략
통합해외정보관리시스템,IFIMS,INTEGRATION FOREIGN INFORMATION MANAGEMENT SYSTEM,,,생략
통합화력운용,JAF,JOINT APPLICATION OF FIREPOWER,,,생략
통합화력운용도표,JAFM,JOINT APPLICATION OF FIREPOWER MATRIX,,,생략
통합화력운용도표처리번호,JAFMDLNO,JOINT APPLICATION OF FIREPOWER MATRIX DEALING NUMBER,,분류어,생략
통합화력지원실,FSCEL,FIRE SUPPORT CELL,,,생략
통항,NVGTN,NAVIGATION,,,생략
통행,PASSNG,PASSING,,,생략
통행금지,SPRF,SUSPENSION OF TRAFFIC,,,생략
통화,TELCL,TELEPHONE CALL,,,생략
통화,CRCY,CURRENCY,,,생략
통화안정증권,MSB,MONETARY STABILIZATION BOND,,,생략
퇴각,RETRT,RETREAT,,,생략
퇴거,LVNG,LEAVING,,,생략
퇴거명령,LEVORD,LEAVING ORDER,,,생략
퇴거일자,LVNGDT,LEAVING DATE,퇴거일,,생략
퇴교,LVSCHL,LEAVING SCHOOL,,,생략
퇴교자,LSPSN,LEAVING SCHOOL PERSON,,,생략
퇴근,LVNGWRK,LEAVING WORK,,,생략
퇴사,RESGN,RESIGNATION,,,생략
퇴사일자,RESGDT,RESIGNATION DATE,퇴사일,,생략
퇴소,LVTSCHL,LEAVING A TRAINING SCHOOL,,,생략
퇴실,LVRM,LEAVING THE ROOM,,,생략
퇴실주의,LVATM,LEAVING THE ROOM ATTENTION,,,생략
퇴역,RTRMT,RETIREMENT,,,생략
퇴역연금,RETPN,RETIREMENT PENSION,,,생략
퇴역연금공제일시금,LDRPN,LUMP-SUM DEDUCATION FOR A RETIREMENT PENSION,,,생략
퇴역연금일시금,LPN,LUMP-SUM OF A RETIREMENT PENSION,,,생략
퇴영,RETNHM,RETURNING HOME,,,생략
퇴원,DCHGHSPT,DISCHARGE HOSPITAL,DC,,생략
퇴원기록지,DSCHRD,DISCHARGE RECORD,,,생략
퇴원수납,DHRCT,DISCHARGE HOSPITAL RECEIPTANCE,,,생략
퇴원일자,DCHSPDT,DISCHARGING DATE FROM HOSPITAL,퇴원일,,생략
퇴원지시,DHINS,DISCHARGE HOSPITAL INSTRUCTIONS,,,생략
퇴원환자,DCHGPTNT,DISCHARGE PATIENT,퇴원자,,생략
퇴임,RESIG,RESIGNATION ,,,생략
퇴장,WLKOUT,WALKOUT,,,생략
퇴적,HEAP,HEAP,,,생략
퇴적번호,HEAPNO,HEAP NUMBER,,분류어,생략
퇴직,RETIRE,RETIREMENT,,,생략
퇴직금,RTAMT,RETIREMENT AMOUNT,퇴직금액,,생략
퇴직금종류코드,RKCD,RETIREMENT AMOUNT KIND CODE,,분류어,생략
퇴직급여,RTMALW,RETIREMENT ALLOWANCE,,,생략
퇴직급여종류코드,RAKCD,RETIREMENT ALLOWANCE KIND CODE,,분류어,생략
퇴직급여충당금,RAR,RETIRING ALLOWANCE RESERVE,퇴충금,,생략
퇴직자,RETIRER,RETIREE,,,생략
퇴창,TODPT,TAKING OUT OF DEPOT,,,생략
퇴창일자,TODPTDT,TAKING OUT OF DEPOT DATE,퇴창일,,생략
퇴출,THROUT,THROW OUT,,,생략
퇴출로,LVRD,LEAVING ROAD,,,생략
퇴치,CNQST,CONQUEST,,,생략
퇴학,WMHL,WITHDRAWAL FROM THE SCHOOL,,,생략
퇴학생,DRPOT,DROPOUT,,,생략
투과,PNTRT,PENETRATION,,,생략
투과도,TRSMTC,TRANSMITTANCE,"투과능,투과력",,생략
투과도계,PTRMTR,PENETRAMETER,,,생략
투명,CLRT,CLARITY,,,생략
투명도,OVLAY,OVERLAY,,,생략
투명도,TRSP,TRANSPARENCY,,,생략
투명도번호,OVLAYNO,OVERLAY NUMBER,,분류어,생략
투명도종류코드,OVLAYKNDCD,OVERLAY KIND CODE,,분류어,생략
투묘,ANCHRNG,ANCHORING,,,생략
투발,TRSHT,THROW A SHOT,,,생략
투석,DIALYS,DIALYSIS,,,생략
투석실,DLYSRM,DIALYSIS ROOM,,,생략
투석액,DIALYST,DIALYSATE,,,생략
투신,INVTRT,INVESTMENT TRUST,,,생략
투약,ADMNST,ADMINISTRATION,,,생략
투약순번,ADSEQ,ADMINISTRATION SEQUENCE,,,생략
투여,ADMNSTR,ADMINISTRATION,,,생략
투여단위,DOSEUNIT,DOSE UNIT,,,생략
투여량,DOSEQTY,DOSE QUANTITY,,,생략
투여부위,AREG,ADMINISTRATION REGION,,,생략
투영,SHDW,SHADOW,,,생략
투영도,PJCHT,PROJECTION CHART,,,생략
투입,THRW,THROWING IN,,,생략
투자,IVSTMT,INVESTMENT,,,생략
투자비,IVSTCST,INVESTMENT COST,,,생략
투자사업,IVSPJT,INVESTMENT PROJECT,,,생략
투자사업구분코드,IVSPJDVCD,INVESTMENT PROJECT DIVISION CODE,,분류어,생략
투자자산,IVSTS,INVESTMENTS,,,생략
투찰,TND,TENDER,,,생략
투찰,SITNGSS,SEEING INTO AND GUESSING,,,생략
투찰가격,TNDPRC,TENDER PRICE,투찰가,,생략
투찰자,PRBDDR,PRICES BIDDER,,,생략
투표,VOTE,VOTE,,,생략
투표구,VTDSTR,VOTING DISTRICT,,,생략
투표권,VTRGHT,VOTING RIGHT,,,생략
투표권카드,VTGCRD,VOTING CARD,,,생략
투표소,POLPLC,POLLING PLACE,,,생략
투표함,BALBOX,BALLOT BOX,,,생략
투하,DROP,DROP,,,생략
투하자본,IVSTCPTL,INVESTED CAPITAL,,,생략
투하자본수익률,ROIC,RETURN ON INVESTED CAPITAL,투하자본이윤율,,생략
툴,TOL,TOOL,,,생략
툴팁,TLTIP,TOOLTIP,,,생략
트래픽,TRFIC,TRAFFIC,,,생략
트랙터,TRCTOR,TRACTOR,,,생략
트랙형,TRKPT,TRACK PATTERN,,,생략
트랜스듀서,TRNSD,TRANSDUCER,트랜스듀스,,생략
트랜스테이너,TRTNR,TRANSTAINER,,,생략
트랜스퍼,TRNSFR,TRANSFER,,,생략
트랜시버,TRNSVR,TRANSCEIVER,,,생략
트랜잭션,TRNSTN,TRANSACTION,트랜젝션,,생략
트랩,TRAP,TRAP,,,생략
트러스,TRS,TRUSS,,,생략
트럭,TRUCK,TRUCK,,,생략
트럭시설,TRCKINST,TRUCK INSTALLATION,,,생략
트럭운송업자,TTBZM,TRUCK TRANSPORT BUSINESS MAN,,,생략
트레슬,TRSL,TRESTLE,"가대,TRESTLE",,생략
트레일러,TRLER,TRAILER,,,생략
트루타입,TRUETY,TRUETYPE,,,생략
트리거,TRGR,TRIGGER,,,생략
트리구조,TREESTR,TREE STRUCTURE,"TREE,트리",,생략
트리니트로벤젠,TRINB,TRINITROBENZENE,,,생략
트리메틸렌트리니트라민,TRIMTA,TRIMETHYLENETRINITRAMINE,,,생략
특공병,SMSLD,SPECIAL MERIT SOLDIER,,,생략
특권,PRIVILG,PRIVILEGE,,,생략
특근,OVTMWRK,OVERTIME WORK,,,생략
특급,TGRD,TOP LEVEL GRADE,,,생략
특기,SPCMTN,SPECIAL MENTION,,,생략
특기,SPCLTY,SPECIALITY,,,생략
특기구분코드,SPCDIVCD,SPECIALITY DIVISION CODE,,분류어,생략
특기병,SPCLST,SPECIALIST,특병,,생략
특기부호,SPCLTYSIGN,SPECIALITY SIGN,,분류어,생략
특기장,SPCHD,SPECIALITY HEAD,,,생략
특기직렬그룹코드,SPSCGCD,SPECIALITY THE SERIAL CLASS OF POSITION GROUP CODE,,분류어,생략
특기직렬코드,SPSCCD,SPECIALITY THE SERIAL CLASS OF POSITION CODE,,분류어,생략
특기코드,SPCLTCD,SPECIALITY CODE,,분류어,생략
특대,OUTSZ,OUTSIZE,,,생략
특례,SPCS,SPECIAL CASE,,,생략
특명,SPCCMND,SPECIAL COMMAND,,,생략
특별,SPCL,SPECIAL,SPECIAL,,생략
특별검사,SPCINSP,SPECIAL INSPECTION,,,생략
특별교통수단,SCMNC,SPECIAL COMMUNICATION,,,생략
특별군수품조사,SII,SPECIAL INVENTORY INSPECTION,,,생략
특별노동위원회,SPBLS,SPECIAL LABOR RELATIONS,,,생략
특별담보,SLCT,SPECIAL SECURITY,,,생략
특별방공포병벨트,SADABELT,SPECIAL AIR DEFENCE ARTILLERY BELT,,,생략
특별시,SPCTY,SPECIAL CITY,,,생략
특별식,SPCDIET,SPECIAL DIET,,,생략
특별요율,SPCPRMRT,SPECIAL PREMIUM RATE,,,생략
특별정수,SL,SPECIAL LEVEL,,,생략
특별지시,SPIN,SPECIAL INSTRUCTION,,,생략
특별지시및요청,SOR,SPECIFIC ORDERS AND REQUESTS,SOR,,생략
특별참모,SPCSTF,SPECIAL STAFF,,,생략
특별회계,SPCACC,SPECIAL ACCOUNT,,,생략
특보,SPCRPT,SPECIAL REPORT,,,생략
특보유형코드,SPRTYCD,SPECIAL REPORT TYPE CODE,,분류어,생략
특성,SPCQLT,SPECIAL QUALITY,,,생략
특수,SPECL,SPECIAL,,,생략
특수검사,SINP,SPECIAL INSPECTION,,,생략
특수경력직공무원,CSNNRT,CIVIL SERVANT IN SPECIAL CAREER POSTS,,,생략
특수문자,SPCHR,SPECIAL CHARACTER,SPECIALCHAR,,생략
특수부대,SPFRC,SPECIAL FORCES,,,생략
특수선,SPCSHP,SPECIAL SHIP,,,생략
특수소요,SPCRQM,SPECIAL REQUIREMENT,,,생략
특수식량,SPFD,SPECIAL FOOD,,,생략
특수업무수당,SPCBIZALW,SPECIAL BUSINESS ALLOWANCE,,,생략
특수임무,SPCM,SPECIAL MISSION,,,생략
특수작전,SPCOP,SPECIAL OPERATIONS,특작,,생략
특수작전구분코드,SPCOPDVSCD,SPECIAL OPERATIONS DIVISION CODE,,분류어,생략
특수작전부대,SOF,SPECIAL OPERATIONS FORCE,,,생략
특수잡유,SPLBOIL,SPECIAL LUBRICATING OIL,,,생략
특수장비,SEQP,SPECIAL EQUIPMENT,,,생략
특수저장품유형코드,SITCD,SPECIAL STORING ITEM TYPE CODE,,분류어,생략
특수전,SPCWFR,SPECIAL WARFARE,,,생략
특수전부대,SPCFC,SPECIAL FORCES,,,생략
특수정,SPCBT,SPECIAL BOAT,,,생략
특수정보,SI,SPECIAL INTELLIGENCE,SI,,생략
특수정보비밀등급코드,SIDVSCD,SPECIAL INTELLIGENCE DIVISION CODE,,분류어,생략
특수정찰,SPRCNS,SPECIAL RECONNAISSANCE,,,생략
특수주소,SPCADRS,SPECIALITY ADDRESS,,,생략
특수질병,SSIK,SPECIAL SICKNESS,,,생략
특수탄약,SPCAMN,SPECIAL AMMUNITION,,,생략
특수피복,SPCLTH,SPECIAL CLOTHING,,,생략
특약,SPCTR,SPECIAL CONTRACT,,,생략
특유재산,SPRY,SPECIAL PROPERTY,,,생략
특이,PCLR,PECULIAR,,,생략
특이사항,SPCITM,SPECIAL ITEM,,,생략
특이표적,PCLTGT,PECULIAR TARGET,,,생략
특이혈액형,PCLBLD,PECULIAR BLOOD TYPE,,,생략
특전사령부,UWTF,UNCONVENTIONAL WARFARE TASK FORCES,특전사,,생략
특전식량,SOFF,SPECIAL OPERATIONS FORCE FOOD,,,생략
특전팀,SFT,SPECIAL FORCE TEAM,,,생략
특정,SPCF,SPECIFIC,,,생략
특정공무원범죄,SCNTM,SPECIFICATION PUBLIC SERVANT CRIMINAL,,,생략
특정공사,SCSRK,SPECIFICATION CONSTRUCTION WORK,,,생략
특정과제평가,SCCTSL,SPECIFICATION TASK EVALUATION,,,생략
특정기업유형구분코드,SETDVCD,SPECIFIC ENTERPRISE TYPE DIVISION CODE,,분류어,생략
특정기호,SSMB,SPECIFIC SYMBOL,,,생략
특정내역,SPCLPTCLS,SPECIFIC PARTICULARS,,,생략
특정조달계약,SPCPRCTR,SPECIFIC PROCUREMENT CONTRACT,,,생략
특정주파수차단기,NOCHFLTR,NOTCH FILTER,,,생략
특정처리지시표적,SPITR,SPECIAL PROCESSING INDICATOR TRACK,,,생략
특종,SPCKND,SPECIAL KIND,,,생략
특종보험,SPCINS,SPECIAL INSURANCE,특보,,생략
특진,SPCPR,SPECIAL PROMOTION,,,생략
특집,SPCEDIT,SPECIAL EDITION,,,생략
특징,CHRTRST,CHARACTERISTIC,,,생략
특파,SPCASN,SPECIAL ASSIGNMENT,,,생략
특판,SPCSAL,SPECIAL SALE,,,생략
특허,PTNT,PATENT,,,생략
특허권,PTNTRGT,PATENT RIGHT,,,생략
특허료,PTNTFEE,PATENT FEE,,,생략
특혜,PRVLG,PRIVILEGE,,,생략
특화,SPCLIZ,SPECIALIZATION,,,생략
티 ,TEE,TEE,,,생략
티업,TEEUP,TEEUP,,,생략
티오티,TOVT,TIME OVER TARGET,TOT,,생략
티오티,TOT,TIME ON TARGET,TOT,,생략
티타늄,TITNM,TITANIUM,TI,,생략
팀,TEAM,TEAM,조,,생략
팀장,TMLDR,TEAM LEADER,,,생략
파,WV,WAVE,,,생략
파견,DSPC,DISPATCH,"파송,파출",,생략
파견구분코드,DSPCDVCD,DISPATCH DIVISION CODE,,분류어,생략
파견대,DTUNT,DETACHED UNIT,파견부대,,생략
파견이관구분코드,DSPCTOCDVSCD,DISPATCH  TRANSFER OF CONTROL  DIVISION Code,,분류어,생략
파견자,MSSGR,MESSENGER,,,생략
파견지,DSPCRGN,DESPATCH REGION,,,생략
파고,WVHGT,WAVE HEIGHT,,분류어,생략
파고구분코드,WAVHGTCD,WAVE HEIGHT SECTION CODE,,분류어,생략
파공,DSTRAR,DESTROYED AREA,,,생략
파괴,DSTRCTN,DESTRUCTION,,,생략
파괴검사,DSTISP,DESTRUCTIVE INSPECTION,,,생략
파급효과,RPLEFT,RIPPLE EFFECT,,,생략
파기,DESTRTN,DESTRUCTION,,,생략
파기일자,DSTRDT,DESTRUCTION DATE,파기일,,생략
파기자,DSTRCT,DESTRUCTIONIST,,,생략
파노라마,PNRM,PANORAMA,,,생략
파라미터,PARAM,PARAMETER,"파라메터,매개변수,모수",,생략
파라자일렌,PXYLN,P XYLEN,,,생략
파랑,BLUE,BLUE,,,생략
파레트화적재체제,PLS,PALLETIZED LOAD SYSTEM,,,생략
파렴치,SHLES,SHAMELESS,,,생략
파면,EXPSN,EXPULSION,,,생략
파병,DOF,DISPATCH OF FORCES,,,생략
파산,BKRCY,BANKRUPTCY,,,생략
파산관재인,TRUBKRP,TRUSTEE IN BANKRUPTCY,,,생략
파산선고,ADCBNR,ADJUDICATION OF BANKRUPTCY,,,생략
파상풍,TETANUS,TETANUS,,,생략
파생,DRVT,DERIVATION,,,생략
파생금융상품,FNLTS,FINANCIAL DERIVATIVES,,,생략
파손,BRKG,BREAKAGE,,,생략
파손상태코드,DMGSTCD,DAMAGE STATUS CODE,,분류어,생략
파손품,BRKITM,BREAKAGE ITEM,,,생략
파악,GRSP,GRASP,,,생략
파악일자,GRSPDT,GRASP DATE,파악일,,생략
파업,STRIKE,STRIKE,,,생략
파운드,PND,POUND,,,생략
파워터빈,PWTBN,POWER TURBINE,,,생략
파워포인트,PPT,POWERPOINT,,,생략
파이프,PIPE,PIPE,,,생략
파이형,PIETP,PIE TYPE,,,생략
파일,PILE,PILE,,,생략
파일,FILE,FILE,"FILE,화일",분류어,생략
파일경로,FILERT,FILE ROUTE,,,생략
파일명,FLNM,FILE NAME,"화일명,파일이름",,생략
파일번호,FILENO,FILE NUMBER,,분류어,생략
파일위치,FILELOCTN,FILE LOCATION,,분류어,생략
파일크기,FLSZ,FILE SIZE,,,생략
파일폴더,FLFLDR,FILE FOLDER,,,생략
파장,WVLENG,WAVELENGTH,,,생략
파출소,PLCSBSTN,POLICE SUBSTATION,,,생략
파트너,PRTNR,PARTNER,,,생략
파티션,PARTN,PARTITION,,,생략
파편,FRAG,FRAGMENTATION,,,생략
판,PLT,PLATE,,,생략
판결,JDCDCS,JUDICIAL DECISION,,,생략
판결일자,JDCDCSDT,JUDICIAL DECISION DATE,판결일,,생략
판권,COPYR,COPY RIGHT ,,,생략
판단,JDGMT,JUDGMENT,,,생략
판단번호,JDGMNO,JUDGMENT NUMBER,,분류어,생략
판단일자,JDGMTDT,JUDGMENT DATE,판단일,,생략
판단자,JDGE,JUDGE,,,생략
판독,DCPHRMT,DECIPHERMENT,,,생략
판독기,RDR,READER,,,생략
판독보고서,DCPHRRPRT,DECIPHERMENT REPORT,,,생략
판독보고서유형코드,DCPHRPRTTYCD,DECIPHERMENT REPORT TYPE CODE,,분류어,생략
판독영상,DCPHRIMAGE,DECIPHERMENT IMAGE,,,생략
판독영상파일유형코드,DCPHIMGFTYCD,DECIPHERMENT IMAGE FILE TYPE CODE,,분류어,생략
판독일자,RDNGDT,READING DATE,판독일,,생략
판례,PRCDNT,PRECEDENT,,,생략
판로,MARKET,MARKET,,,생략
판매,SELL,SELLING,,,생략
판매량,SLQTY,SALES QUANTITY,,,생략
판매번호,SALENO,SALE NUMBER,,분류어,생략
판매일자,SELLDT,SELLING DATE,판매일,,생략
판매자,SELLER,SELLER,,,생략
판명,ASCE,ASCERTAIN ,,,생략
판번호,PRTNO,PRINTING NUMBER,,분류어,생략
판번호,PNLCD,PANEL CODE,,,생략
판벽,BDWALL,BOARD WALL,널벽,,생략
판별,DSTNTN,DISTINCTION,,,생략
판정,JGMT,JUDGMENT,,,생략
판정,EVALTN,EVALUATION,,,생략
판정관,DCSPSN,DECISION PERSON,,,생략
판정일자,JGMTDT,JUDGMENT DATE,판정일,,생략
판정자,UMPR,UMPIRE,,,생략
판정코드번호,JGMTCODENO,JUDGMENTCODE NUMBER,,분류어,생략
판차,NBREDT,NUMBERED EDITION,,,생략
팔굽혀펴기,PUSHUP,PUSHUP,,,생략
팔레트,PLLT,PALLET,"파레트,PALLET",,생략
팔찌,BRACELET,BRACELET,,,생략
팜스위치,PALMSWITCH,PALM SWITCH,,,생략
팝업,POPUP,POP UP,,,생략
패기,AMB,AMBITION,,,생략
패치,PTCH,PATCH,,,생략
패키지,PCKG,PACKAGE,,,생략
패킷,PACKET,PACKET,,,생략
패킷손실,PCKTLOS,PACKETS LOSS,,,생략
패턴,PTRN,PATTERN,PATTERN,,생략
패트리어트,PATRIOT,PATRIOT,,,생략
팩스,FAX,FAX,"FAX,팩시밀리",,생략
팩스번호,FAXNO,FAX NUMBER,FAX번호,분류어,생략
팬티,PNTS,PANTIES,,,생략
퍼센트,PRCNT,PERCENTAGE,,,생략
펄스,PULSE,PULSE,,,생략
펄스반복주기,PRI,PULSE REPETITION INTERVAL,PRI,,생략
펄스반복주파수,PRF,PULSE REPETITION FREQUENCY,PRF,,생략
펄프,PULP,PULP,,,생략
펌웨어,FRMWR,FIRMWARE,,,생략
펌프,PUMP,PUMP,,,생략
펌프양정,PMPLFT,PUMP LIFT,,,생략
펌프장,PUMPST,PUMP STATION,,,생략
페놀,PHNL,PHENOL,,,생략
페니실린,PNCLN,PENICILLIN,PENICILLIN,,생략
페이지,PG,PAGE,"PAGE,쪽",,생략
페이지번호,PGNO,PAGE NUMBER,,분류어,생략
페이징,PGNG,PAGING,,,생략
페인트,PAINT,PAINT,,,생략
펜더,FNDR,FENDER,휀다,,생략
펜딩,PDNG,PENDING,,,생략
펜트리트,PNTHRT,PENTHRIT,,,생략
편,PUN,PUN,,,생략
편각,AGDFL,ANGLE OF DEFLECTION,,분류어,생략
편광,POLA,POLARIZATION,,,생략
편대,FMT,FORMATION,,,생략
편대군,FMTGR,FORMATION GROUP,,,생략
편대군군장기임무명령서,MCO,MISSION COMMAND ORDER,MCO,,생략
편대장,FLTLD,FLIGHT LEADER,,,생략
편도,ONWY,ONE WAY,,,생략
편람,HNDBK,HANDBOOK,,,생략
편류,DRIFT,Drift,,,생략
편리,CVNC,CONVENIENCE,,,생략
편리성,CNVNCE,CONVENIENCE,,,생략
편무계약,ULTCNTR,UNILATERAL CONTRACT,,,생략
편성,ORGNZT,ORGANIZATION,,,생략
편성및장비표,TOE,TABLE OF ORGANIZATION AND EQUIPMENT,,,생략
편성번호,ORGZTNO,ORGANIZATION NUMBER,,분류어,생략
편성부대,ORGUNT,ORGANIZATION UNIT,,,생략
편성유형코드,OTCD,ORGANIZATION TYPE CODE,,분류어,생략
편성일자,ORGDT,ORGANIZATION DATE,편성일,,생략
편성표,TBLORG,TABLES OF ORGANIZATION,"TO,T/O",,생략
편수,EDIT,EDITING,,,생략
편승,HTCHHK,HITCHHIKE,,,생략
편역자,EDTRSLR,EDITING TRANSLATOR,,,생략
편의,CNVNC,CONVENIENCE,,,생략
편의대,PCCRP,PLAIN-CLOTHES CORPS,,,생략
편의점,CVNSTR,CONVENIENCE STORE,,,생략
편입,INCPR,INCORPORATION,,,생략
편저자,CPLR,COMPILER,,,생략
편제,ORGNC,ORGANIC,,,생략
편제구분코드,ORGDVCD,ORGANIZATION DIVISION CODE,,분류어,생략
편제번호,ORGNNO,ORGANIC NUMBER,,분류어,생략
편제병력,ORGST,ORGANIZED STRENGTH,,,생략
편제부대,OU,ORGANIC UNIT,,,생략
편제장비,OE,ORGANIZATION OF EQUIPMENT,,,생략
편제표,TO,TABLE OF ORGANIZATION,,,생략
편조,TSKORG,TASK ORGANIZATION,,,생략
편조구간번호,TOSNO,TASK ORGANIZATION SECTION NUMBER,,분류어,생략
편지함,MLBOX,MAIL BOX,"우편함,메일박스",,생략
편집,ED,EDITION,,,생략
편차,DVDF,DEVIATION DEFLECTION,,분류어,생략
편찬,CMPLAT,COMPILATION,,,생략
편철,BND,BINDING,,,생략
편철함,BNDBX,BINDING BOX,,,생략
평,PYNG,PYEONG,,,생략
평가,EVAL,EVALUATION,,,생략
평가관,EVLTR,EVALUATOR,,,생략
평가교육,EVLED,EVALUATION EDUCATION ,,,생략
평가대상자,ASSPSN,ASSESSMENT TARGETED PERSON,,,생략
평가등급코드,EVALGRDCD,EVALUATION GRADE CODE,,분류어,생략
평가번호,EVALNO,EVALUATION NUMBER,,분류어,생략
평가서,ASSRPT,ASSESSMENT REPORT,,,생략
평가손익,VLPFLS,VALUATION PROFIT AND LOSS,,,생략
평가시간대구분코드,EVALTZCD,EVAL TIME ZONE CODE,,분류어,생략
평가액,EVLAMT,EVALUATION AMOUNT,평가금액,,생략
평가요소,EVELT,EVALUATION ELEMENT,,,생략
평가요소번호,EVALELMTNO,EVALUATION ELEMENT NUMBER,,분류어,생략
평가일자,EVLDT,EVALUATION DATE,평가일,,생략
평가자,ASESR,ASSESSOR,,,생략
평가전,BFAPRS,BEFORE APPRAISAL,,,생략
평가제원보고,NBC2,NUCLEAR BIOLOGICAL AND CHEMICAL 2,"NBC2,NBC-2,평가제원전달보고",,생략
평가치,VALUE,VALUE,,,생략
평가표,SCRCRD,SCORE CARD,,,생략
평가후,AFAPRS,AFTER APPRAISAL,,,생략
평균,AVG,AVERAGE,,,생략
평균가격,AVGPRC,AVERAGE PRICE,평균가,,생략
평균보급수준,ALS,AVERAGE LEVEL OF SUPPLY,,,생략
평균불가동시간,ANOT,AVERAGE NOT OPERATIONALLY READY TIME,,,생략
평균수리시간,MTTRP,MEAN TIME TO REPAIR,,,생략
평균수요,AD,AVERAGE DEMAND,AD,,생략
평균운동,MMOTN,MEAN MOTION,,,생략
평균창정비주기,TBO,TIME BETWEEN OVERHAUL,,,생략
평면,PLNE,PLANE,,,생략
평면도,PLNVW,PLAIN VIEW,,,생략
평방,SQUR,SQUARE,,,생략
평사포,PFAG,PLANE FIRE ARTILLERY GUN,,,생략
평상,ORDNRY,ORDINARY,,,생략
평생,LFTM,LIFETIME,,,생략
평수,NUMPY,NUMBER OF PYEONG,,분류어,생략
평시,PCTM,PEACETIME,"PEACE TIME,PEACETIME",,생략
평시운용예비부품,PTSP,PEACE TIME SPARE PARTS,,,생략
평시편제,PTMORG,PEACE TIME ORGANIZATION,,,생략
평원,PLAIN,PLAIN,,,생략
평원선,PLNLN,PLAIN LINE,,,생략
평일,ORDY,ORDINARY DAYS,,,생략
평점,EXMGRD,EXAMINATION GRADE,,,생략
평정,EVALAT,EVALUATION,,,생략
평정구분,EVLDVS,EVALUATION DIVISION,,,생략
평정대상자,EVTPSN,EVALUATION TARGETED PERSON,,,생략
평정일자,EVALDT,EVALUATION DATE,평정일,,생략
평정자,EVLPSN,EVALUATION PERSON,,,생략
평정표,EVLTBL,EVALUATION TABLE,,,생략
평정항목,EVITM,EVALUATION ITEM,,,생략
평탄,FLTNSS,FLATNESS,,,생략
평행,PARLL,PARALLEL,,,생략
평행선,PRLLN,PARALLEL LINE,,,생략
평화,PEACE,PEACE,,,생략
평활상수,SMTCNST,SMOOTHING CONSTANT,,,생략
평활화,SMTHG,SMOOTHING,,,생략
폐결핵,PULTB,PULMONARY TUBERCULOSIS,,,생략
폐기,DISUSE,DISUSE,,,생략
폐기물,SCRMTR,SCRAPPED MATERIAL,,,생략
폐기물처리,SCMLTR,SCRAPPED MATERIAL TREATMENT,,,생략
폐기및퇴역비용,DRC,DISPOSAL AND RETIREMENT COST,,,생략
폐기율,MTLTRT,MORTALITY RATE,,,생략
폐기일자,DUSEDT,DISUSE DATE,폐기일,,생략
폐기자,DCPSN,DISCARD PERSON,,,생략
폐드럼,DUSEDRUM,DISUSED DRUM,,,생략
폐렴,PNMN,PNEUMONIA,,,생략
폐반납,DUSERTN,DISUSE RETURN,,,생략
폐색,OCLSN,OCCLUSION,,,생략
폐설물,DUSESCR,DISUSE SCRAPS,,,생략
폐소,OFCLS,OFFICE CLOSING,오프셋,,생략
폐쇄,CLSR,CLOSURE,,,생략
폐쇄일자,CLSRDT,CLOSURE DATE,폐쇄일,,생략
폐수,WSTWTR,WASTE WATER,,,생략
폐수처리,WWT,WASTE WATER TREATMENT,,,생략
폐수처리장,WWDP,WASTE WATER-DISPOSAL PLANT,,,생략
폐업,CLSBIZ,CLOSING OF BUSINESS,,,생략
폐유,WSTOIL,WASTE OIL,,,생략
폐전,CLSFLD,CLOSING FIELD,,,생략
폐정착액,DUSFXSLT,DISUSED FIXING SOLUTION,,,생략
폐지,ABLTN,ABOLITION,,,생략
폐지일자,ABLTNDT,ABOLITION DATE,폐지일,,생략
폐질,CRIPL,CRIPPLE,,,생략
폐질등급코드,CRPGCD,CRIPPLE GRADE CODE,,분류어,생략
폐질환,LNDS,LUNG DISEASE,,,생략
폐처리,DUSEDP,DISUSE DISPOSAL,,,생략
폐처리일자,DUSEDPDT,DISUSE DISPOSAL DATE,폐처리일,,생략
폐천부지,ABNCHSP,ABANDONED CHANNEL SOPT,,,생략
폐탄,SCRAMN,SCRAP AMMUNITION,,,생략
폐판정,JGWST,JUDGING OF WASTE,,,생략
폐품,COND,CONDEMNATION,,,생략
폐품경제수리불가,AMNCCP,CONDEMNATION ECONOMY REPAIR DISALLOWANCE,,,생략
폐품도입불량,AMNCCL,CONDEMNATION INTRODUCTION BADNESS,,,생략
폐품류,KDSLVG,KINDS OF SALVAGE,,,생략
폐품류코드,SVCD,SALVAGE CODE,,분류어,생략
폐품소요상실,AMNCCV,CONDEMNATION REQUIREMENT FORFEITURE,,,생략
폐품전시사용불가,AMNCCS,CONDEMNATION WARTIME USE DISALLOWANCE,,,생략
폐품처리구분코드,CNPRDVCD,CONDEMNATION PROCESS DIVISION CODE,,분류어,생략
폐품처리대상,AMNCCH,CONDEMNATION PROCESS OBJECT,,,생략
폐필름,ULFLM,USELESS FILM,,,생략
폐합,ABAMGMT,ABOLITION AND AMALGAMATION,,,생략
폐해,EVIL,EVIL,,,생략
폐현상액,DUSEDV,DISUSE DEVELOPMENT,,,생략
포,ATLGN,ARTILLERY GUN,,,생략
포가,GUNMT,GUN MOUNT,,,생략
포강,INGNBRL,INSIDE A GUN BARREL,,,생략
포고령,DECRE,DECREE,,,생략
포구,MZL,MUZZLE,포문,,생략
포기,ABDN,ABANDONMENT,단념,,생략
포대,BTTRY,BATTERY,,,생략
포대부,FS,FIRE SECTION,,,생략
포럼,FORUM,FORUM,,,생략
포로,POW,PRISONER OF WAR,,,생략
포로수집소,POWCP,PRISONER OF WAR COLLECTING POINT,,,생략
포로신분코드,POWSCPSTCD,PRISONER OF WAR SOCIAL POSITION CODE,,분류어,생략
포미,BRCHCN,BREECH OF CANNON,,,생략
포병,ATLRY,ARTILLERY,,,생략
포병대대전술지휘체계,BTCS,BATTALION TACTICAL COMMAND SYSTEM,,,생략
포병진지,AEM,ARTILLERY ENCAMPMENT,,,생략
포병탄종코드,ATLRKDOAMCD,ARTILLERY KIND OF AMMUNITION CODE,,분류어,생략
포병피해율증가유형코드,ATDMGINTYPCD,ARTILLERY DAMAGE RATE INCREASE TYPE CODE,,분류어,생략
포상,GE,GUN EMPLACEMENT,,,생략
포상,AWARD,AWARD,,,생략
포상구분코드,RWDVCD,REWARD DIVISION CODE,,분류어,생략
포상일자,RWRDDT,REWARD DATE,포상일,,생략
포상코드,RWDCD,REWARDCODE,,분류어,생략
포설도,CHRT,CHART,,,생략
포소화설비,FFES,FOAM FIRE EXTINGUISHING SYSTEM,,,생략
포신,GNBRL,GUN BARREL,,,생략
포신번호,GBNO,GUN BARREL NUMBER,,분류어,생략
포열,TRNA,TRAIN OF ARTILLERY,,,생략
포위,ENCLS,ENCLOSURE,,,생략
포인터,POINTR,POINTER,,,생략
포인트,POINT,POINT,,,생략
포인트클라우드,POINTCLUD,POINT CLOUD,,,생략
포장,PCKNG,PACKING,,,생략
포장,PVMT,PAVEMENT,,,생략
포장구분코드,PICD,PACKING INDICATOR CODE,,분류어,생략
포장규격번호,PSNO,PACKING SPECIFICATION NUMBER,,분류어,생략
포장단위당수량코드,PUQCD,PACK UNIT QUANTITY CODE,,분류어,생략
포장대중소구분코드,PLMSCD,PACKAGE LARGE MIDDLE SMALL INDICATOR CODE,,분류어,생략
포장도로,PVRD,PAVED ROAD,,,생략
포장비,PKCHG,PACKING CHARGE,포장비용,,생략
포장유류,PKGPRD,PACKAGED PRODUCT,,,생략
포장일자,PKNGDT,PACKING DATE,포장일,,생략
포장재료,PKMTR,PACKING MATERIALS,,,생략
포장재질구분코드,PSICD,PACKAGE SUBSTANCE INDICATOR CODE,,분류어,생략
포장치수코드,PMCD,PACKING MEASURE CODE,,분류어,생략
포장해체불가구분코드,UFICD,UNPACK FORBID INDICATOR CODE,,분류어,생략
포착,LOCKON,LOCK ON,,,생략
포크,FORK,FORK,,,생략
포탈,PORTL,PORTAL,,,생략
포터블,PTBL,POTABLE,POTABLE,,생략
포트,PORT,PORT,PORT,,생략
포트번호,PORTNO,PORT NUMBER,,분류어,생략
포트폴리오,PRTFOLIO,PORTFOLIO,,,생략
포틀릿,PRTLT,PORTLET,,,생략
포플러,PPLR,POPLAR,,,생략
포함,INCLSN,INCLUSION,,,생략
폭,WIDTH,WIDTH,너비,분류어,생략
폭격,BOMBING,BOMBING,,,생략
폭격기,BOMBER,BOMBER,,,생략
폭동,RIOT,RIOT,,,생략
폭뢰,DPTHCHG,DEPTH CHARGE,,,생략
폭발,EXPL,EXPLOSION,,,생략
폭발물,EO,EXPLOSIVE ORDNANCE,,,생략
폭발물처리장,EODP,EXPLOSIVE ORDNANCE DISPOSAL PLANT,,,생략
폭발성,EXPLNSS,EXPLOSIVENESS,,,생략
폭설,HEVSNW,HEAVY SNOW,,,생략
폭스트로,FXTRT,FOXTROT,FOXTROT,,생략
폭약,EXPLCMP,EXPLOSIVE COMPOUND,,,생략
폭약종류코드,EXPCMPKNCD,EXPLOSIVE COMPOUND KIND CODE,,분류어,생략
폭음,EXPLSN,EXPLOSION,,,생략
폭주,RKLSRN,RECKLESS RUN,,,생략
폭탄,BOMB,BOMB,,,생략
폭탄메일,BMAIL,BOMB MAIL,,,생략
폭파,DMLTN,DEMOLITION,,,생략
폭파구,DMCBR,DEMOLITION CHAMBER,,,생략
폭풍,BLST,BLAST,,,생략
폭행,VIOLEN,VIOLENCE,,,생략
폰뱅킹,PHONBNK,PHONE BANKING,,,생략
폰트,FONT,FONT,,,생략
폰트번호,FONTNO,FONT NUMBER,,분류어,생략
폴더,FLDR,FOLDER,FOLDER,,생략
폴리오,FOLIO,FOLIO,,,생략
폴리카테터,FOLEYC,FOLEY CATHETER,FOLEY,,생략
폴링,POLLNG,POLLING,,,생략
표,TBL,TABLE,,,생략
표고,ALTTD,ALTITUDE,,분류어,생략
표기,MARK,MARK,마크,,생략
표류물,FLTG,FLOATAGE,,,생략
표면,SRFC,SURFACE,,,생략
표면높이,SFHHT,SURFACE HEIGHT,,,생략
표면형태코드,SRFCSHAPECD,SURFACE SHAPE CODE,,분류어,생략
표백제,BLCH,BLEACH,,,생략
표본,SAMPL,SAMPLE,,,생략
표본검사,SMPINSP,SAMPLE INSPECTION,"샘플링검사,샘플검사,부분검사",,생략
표본번호,SMPNO,SAMPLE NUMBER,,분류어,생략
표본선정,SMPSEL,SAMPLE SELECTION,,,생략
표본조사,SMPSV,SAMPLE SURVEY,,,생략
표시,EXPRSN,EXPRESSION,,,생략
표시기,IDCT,AN INDICATOR,,,생략
표어,SLGN,SLOGAN,,,생략
표적,TGT,TARGET,,,생략
표적계획상태관리코드,TGTPNSTMTCD,TARGET PLAN  STATE MANAGEMENT CODE,,분류어,생략
표적군,GOTG,GROUP OF TARGET,,,생략
표적군대분류,GOTLCDV,GROUP OF TARGET LARGE CLASSIFICATION DIVISION,,,생략
표적군대분류코드,GOTLRCLSCD,GROUP OF TARGET LARGE CLASSIFICATION CODE,,분류어,생략
표적군소분류,GOTSCDV,GROUP OF TARGET SMALL CLASSIFICATION DIVISION,,,생략
표적군소분류코드,GOTGSMCLSCD,GROUP OF TARGET SMALL CLASSIFICATION CODE,,분류어,생략
표적군중분류,GOTMCDV,GROUP OF TARGET MIDDLE CLASSIFICATION DIVISION,,,생략
표적군중분류코드,GOTGMDCLSCD,GROUP OF TARGET MIDDLE CLASSIFICATION CODE,,분류어,생략
표적군코드,TGSTCD,TARGET SET CODE,,분류어,생략
표적그룹번호,TGTGRPNO,TARGET GROUP NUMBER,,분류어,생략
표적기번호,TGTMCHNNO,TARGET MACHINE NUMBER,,분류어,생략
표적번호,TGTNO,TARGET NUMBER,TN,분류어,생략
표적번호관리,TRNOM,TRACK NUMBER MANAGEMENT,,,생략
표적범주코드,TGTCTGCD,TARGET CATEGORY CODE,,분류어,생략
표적분류,TRCLS,TRACK CLASSIFICATION,,,생략
표적분류코드,TGTCLCD,TARGET CLASSIFICATION CODE,,분류어,생략
표적비낌,OFFSET,OFFSET,,,생략
표적삭제,TRDRP,TRACK DROPPING,,,생략
표적상태코드,TSTCD,TARGET STATUS CODE,,분류어,생략
표적성질구분코드,TGCHARTDVCD,TARGET CHARACTER DIVISION CODE,,분류어,생략
표적성질코드,TGTCHARTRCD,TARGET CHARACTER CODE,,분류어,생략
표적식별,TGID,TARGET IDENTIFICATION,,,생략
표적영상식별구분코드,TGTIMGIDVCD,TARGET IMAGE IDENTIFICATION DIVISION CODE,,분류어,생략
표적유형,TGTPT,TARGET PATTERN,,,생략
표적유형코드,TGTPTCD,TARGET PATTERN CODE,,분류어,생략
표적이동방향코드,TGTMVDRCD,TARGET MOVE DIRECTION CODE,,분류어,생략
표적일람표,TGTLST,TARGET LIST,,,생략
표적자재,TGTMTRL,TARGET MATERIALS,,,생략
표적자재분류코드,TGTMTRLCLCD,TARGET MATERIALS CLASSIFICATION CODE,,분류어,생략
표적재분리,DCRLT,DECORRELATION,,,생략
표적정보,TIT,TARGET INTELLIGENCE,,,생략
표적정보전파주기,TITPC,TARGET INTELLIGENCE OF TARGET PROPAGATION CYCLE,,,생략
표적정보철,TGDSR,TARGET DOSSIER,,,생략
표적종류코드,TGTKNDCD,TARGET KIND CODE,,분류어,생략
표적좌표,TGGRD,TARGET GRID,,,생략
표적좌표측정,CORMER,TARGET GRID MEASUREMENT,,,생략
표적참조점,TRP,TARGET REFERENCE POINT,BULLSEYE,,생략
표적참조점번호,TRPNO,TARGET REFERENCE POINT NUMBER,,분류어,생략
표적처리반,TSSCT,TARGETING SOLUTION SECTION,,,생략
표적처리용량관리,TRCPMGT,TRACK CAPACITY MANAGEMENT,,,생략
표적체계,TGSYS,TARGET SYSTEM,,,생략
표적체계코드,TGSYSCD,TARGET SYSTEM CD,,분류어,생략
표적추천우선순위코드,TGTRCMDPRICD,TARGET RECOMMENDATION PRIORITY CODE,,분류어,생략
표적크기코드,TGTSIZECD,TARGET SIZE CODE,,분류어,생략
표적타격시각,TOIDNT,"TIME OF IMPACT DATE, AN INCONVERTIBLE DATE",,,생략
표적탐지레이더,TDRDR,TARGET DETECTION RADIO DETECTION AND RANGE,,,생략
표적탐지유형코드,TGTDTTYPCD,TARGET DETECTION TYPE CODE,,분류어,생략
표적피해평가구분코드,TGTDADVCD,TARGET DAMAGE ASSESSMENT DIVISION CODE,,분류어,생략
표적항적,TRHST,TRACK HISTORY,,,생략
표적형태코드,TGTSHAPECD,TARGET SHAPE CODE,,분류어,생략
표적활동코드,TGATVTCD,TARGET ACTIVITY CODE,,분류어,생략
표적획득상태코드,TGTACQSTACD,TARGET ACQUISITION STATE CODE,,분류어,생략
표적획득출처코드,TGACQSRCECD,TARGET ACQUISITION SOURCE CODE,,분류어,생략
표제,TITL,TITLE,,,생략
표준,STDD,STANDARD,,,생략
표준거래유형,STDTRSTP,STANDARD TRANSACTION TYPE,,,생략
표준거래유형코드,STTCD,STANDARD TRANSACTION TYPE CODE,,분류어,생략
표준단가,STDUNT,STANDARD UNIT,,,생략
표준어,STDLNG,STANDARD LANGUAGE,,,생략
표준외장,SCL,STANDARD CONVENTIONAL LOAD,,,생략
표준요율,STDRT,STANDARD RATES,,,생략
표준용어,SNWD,STANDARD WORD,,,생략
표준원가계산,SCA,STANDARD COST ACCOUNTING,,,생략
표준인시,SMH,STANDARD MAN-HOURS,,,생략
표준장비,STDEQ,STANDARD EQUIPMENT,,,생략
표준지정구분코드,STDDSGDVCD,STANDARD DESIGNATION DIVISION CODE,,분류어,생략
표준편차,STDDEV,STANDARD DEVIATION,,,생략
표준평가,STDEVL,STANDARD EVALUATION,,,생략
표준프로파일,STDPF,STANDARD PROFILE,,,생략
표준화,STDZ,STANDARDIZATION,,,생략
표지,MRK,MARK,표식,,생략
표지기,MAFL,MARK FLAG,,,생략
표지병,CEYE,CATSEYE,,,생략
표지판,MRKPT,MARKING PARTY,,,생략
표찰,LBL,LABEL,,,생략
표찰번호,LABELNO,LABEL NUMBER,,분류어,생략
표창,CMDTN,COMMENDATION,,,생략
표창자,CMDPSN,COMMENDABLE PERSON,,,생략
표창장,CITATN,CITATION,,,생략
표출,EXPR,EXPRESSION,,,생략
표토,TOPSL,TOP SOIL,,,생략
표현,EXPRS,EXPRESSION,,,생략
품,PRDCT,PRODUCT,,,생략
품류,KNDITM,KINDS OF ITEM,,,생략
품류코드,KICD,KINDS OF ITEM CODE,,분류어,생략
품명,ITMNM,ITEM NAME,,분류어,생략
품명개념번호,INCNO,ITEM NAME CONCEPT NUMBER,,분류어,생략
품목,ITEM,ITEM,ITEM,,생략
품목관리관,IM,ITEM MANAGER,"품목관리자,물품운용관",,생략
품목관리비,IMCST,ITEM MANAGING COST,품관비,,생략
품목군수자료목록,KILDR,KOREA ITEM LOGISTICS DATA RECORD,,,생략
품목기본철,ITMSTFL,ITEM MASTER FILE,,,생략
품목대분류코드,ITMLCLSCD,ITEM LARGE CLASSIFICATION CODE,,분류어,생략
품목명,LNITM,LINE ITEM,"LINE ITEM,LINEITEM",,생략
품목번호,ITMNO,ITEM NUMBER,,분류어,생략
품목분류,ITMCLS,ITEM CLASSIFICATION,,,생략
품목분류코드,ITEMCLSFCD,ITEM CLASSIFICATION CODE,,분류어,생략
품목세분류코드,ITMDCLSCD,ITEM DETAIL CLASSIFICATION CODE,,분류어,생략
품목소분류코드,ITMSCLSCD,ITEM SMALL CLASSIFICATION CODE,,분류어,생략
품목식별,ITMID,ITEM IDENTIFICATION,,,생략
품목식별번호,IIN,ITEM IDENTIFICATION NUMBER,"품목식별부호,IIN",분류어,생략
품목우선순위군,IPG,ISSUE PRIORITY GROUP,,,생략
품목우선순위그룹,IPOG,ITEM PRIORITY ORDER GROUP,,,생략
품목재질코드,SCCD,SUBSTANCE CLASSIFICATION CODE,,분류어,생략
품목제원번호,ITMDNO,ITEM DATA NUMBER,,분류어,생략
품목종류코드,ITMKCD,ITEM KIND CODE,,분류어,생략
품목중량코드,IWCD,ITEM WEIGHT CODE,,분류어,생략
품목중분류코드,ITMMCLSCD,ITEM MIDDLE CLASSIFICATION CODE,,분류어,생략
품목출납번호,ITMRNPNO,ITEM RECEIPTS AND PAYMENTS NUMBER,,분류어,생략
품목출납상세번호,ITMRNPDNO,ITEM RECEIPTS AND PAYMENTS DETAIL NUMBER,,분류어,생략
품목치수코드,ITMSCD,ITEM MEASURING CODE,,분류어,생략
품목특성코드,ISQCD,ITEM SPECIAL QUALITY CODE,,분류어,생략
품성,PRSTY,PERSONALITY,,,생략
품위,ELGNC,ELEGANCE,,,생략
품의,CSTN,CONSULTATION,,,생략
품의자,CSLPSN,PERSON OF CONSULTATION,,,생략
품종,CLSSPL,CLASS OF SUPPLY,,,생략
품종기능코드,CSFCNCD,CLSSPL FUNCTION CODE,,분류어,생략
품종세부코드,CSDCD,CLASS OF SUPPLY DETAIL CODE,,분류어,생략
품종코드,CSCD,CLASS OF SUPPLY CODE,,분류어,생략
품질,QLT,QUALITY,,,생략
품질검사,QI,QUALITY INSPECTION,,,생략
품질결함,QD,QUALITY DEFICIENCY,,,생략
품질결함보고서,QDR,QUALITY DEFICIENCY REPORT,,,생략
품질관리,QC,QUALITY CONTROL,QC,,생략
품질관리관,QCO,QUALITY CONTROL OFFICER,,,생략
품질관리비,CQC,COST FOR QUALITY CONTROL,,,생략
품질기능전개,QFD,QUALITY FUNCTION DEPLOYMENT,QFD,,생략
품질보증,QA,QUALITY ASSURANCE,"품보,QA",,생략
품질보증보충규정,SQAP,SUPPLEMENTARY QUALITY ASSURANCE PROVISIONS,,,생략
품질보증요구서,QAR,QUALITY ASSURANCE REQUIREMENT,,,생략
품질보증조건,QLTCND,QUALITY CONDITION,,,생략
품질보증형태코드,QASCD,QUALITY ASSURANCE SHAPE CODE,,분류어,생략
품행,CNDCT,CONDUCT,,,생략
풍량,ARFL,AIR FLOW,,,생략
풍력,WDPW,WIND POWER,,,생략
풍력계,ANMMTR,ANEMOMETER,,,생략
풍배도,WDRS,WIND ROSE,,,생략
풍부,ABNDNC,ABUNDANCE,,,생략
풍선,BALLN,BALLOON,,,생략
풍속,WDSPD,WIND SPEED,,분류어,생략
풍속강도구분코드,WDSPDDVCD,WIND SPEED DIVISION CODE,,분류어,생략
풍속경찰,PMPLCR,PUBLIC MORALS POLICEMAN,,,생략
풍정,WDDRFD,WIND DRIFT DISTANCE,,,생략
풍진,RUBELA,RUBELLA,,,생략
풍향,WND,WIND,,분류어,생략
풍향12방향코드,WD12DRCD,WIND 12 DIRECTION CODE,,분류어,생략
풍향코드,WDCD,WIND DIRECTION CODE,,분류어,생략
풍화도,WTRG,WEATHERING,,,생략
퓨즈,FUZE,FUZE,,,생략
프라이버시,PRIVCY,PRIVACY,,,생략
프라이빗뱅킹,PRVBNK,PRIVATE BANKING,PB,,생략
프래그먼트,FRGMT,FRAGMENT,,,생략
프랙션,FRCTN,FRACTION,,,생략
프랜차이즈사업,BUOF,BUSINESS OF FRANCHISE,,,생략
프레임,FRM,FRAME,,,생략
프레임번호,FRMNUM,FRAME NUMBER,FR번호,분류어,생략
프레임워크,FW,FRAMEWORK,,,생략
프로,PRO,PRO,,,생략
프로그램,PRGM,PROGRAM,,,생략
프로그램ID,PROID,PROGRAM ID,,,생략
프로그램소스,PRGSRC,PROGRAM SOURCE,소스,,생략
프로그램영문명,PROENGNM,PROGRAM ENGLISH NAME,,,생략
프로그램예산원가,PBBCST,PROGRAM BASED BUDGET COST,,,생략
프로그램예산제도,PBB,PROGARAM BASED BUDGETING,,,생략
프로그램코드,PGMCD,PROGRAM CODE,,분류어,생략
프로그램한글명,PROHNGNM,PROGRAM KOREA NAME,,,생략
프로세서,PRCSR,PROCESSOR,,,생략
프로세스,PROCSS,PROCESS,,,생략
프로시저,PROC,PROCEDURE,프로시져,,생략
프로토콜,PRTCL,PROTOCOL,,,생략
프로파일,PFILE,PROFILE,,,생략
프리미엄,PREM,PREMIUM,,,생략
프리캐스트콘크리트,PRCNCT,PRECAST CONCRETE,,,생략
프린터,PRTR,PRINTER,,,생략
플래그,FLAG,FLAG,"FLG,FLAG",,생략
플랜지,FLANGE,FLANGE,플렌지,,생략
플랫폼,PLTFM,PLATFORM,,,생략
플랫폼태세코드,PLTFOMATDCD,PLATFORM ATTITUDE CODE,,분류어,생략
플레어,FLARE,FLARE,,,생략
피,PSV,PASSIVE,,,생략
피,COVER,COVER,,,생략
피격,SFRATK,SUFFERING ATTACK,,,생략
피격자번호,SFRATKPSNNO,SUFFERING ATTACK PERSON NUMBER,,분류어,생략
피격장소코드,SFRATKPLCCD,SUFFERING ATTACK PLACE CODE,,분류어,생략
피고,DFDT,DEFENDANT,,,생략
피고인,ACSD,ACCUSED,피고자,,생략
피교육생,EDCTE,EDUCATEE,피교육자,,생략
피난,RFG,REFUGE,,,생략
피난기구,RFGTL,REFUGE TOOL,,,생략
피난민,RFGE,REFUGEE,,,생략
피난민부대보급품사용유형코드,REUNISUTYCD,REFUGEE UNIT SUPPLIES USE TYPE CODE,,분류어,생략
피난민통제소구분코드,RECCDVSCD,REFUGEE CONTROL CENTER DIVISION CODE,,분류어,생략
피난설비,FESAP,FIRE ESCAPE APPARATUS,,,생략
피니셔,FNSR,FINISHER,,,생략
피대여,BRRW,BORROW,,,생략
피더선,FDSIP,FEEDER SHIP,,,생략
피더선사,FDOPERT,FEEDER OPERATOR,,,생략
피드백,FDBCK,FEEDBACK,,,생략
피랍,BKPD,BEING KIDNAPPED,,,생략
피로,FTGE,FATIGUE,,,생략
피뢰침,LGHRD,LIGHTNING ROD,,,생략
피뢰침번호,LRNO,LIGHTNING ROD NUMBER,,분류어,생략
피벗,PIVOT,PIVOT,피봇,,생략
피보험,INSRD,INSURED,,,생략
피보험자,INSRNT,INSURANT,,,생략
피복,CLOTH,CLOTHING,,,생략
피복비,CLEXP,CLOTHING EXPENSE,,,생략
피복비검증결과코드,CEVRCD,CLOTHING EXPENSE VERIFICATION RESULT CODE,,분류어,생략
피복비구분코드,CEDCD,CLOTHING EXPENSE DIVISION CODE,,분류어,생략
피복비대상자구분코드,CETPDCD,CLOTHING EXPENSE TARGETED PERSON DIVISION CODE,,분류어,생략
피부,SKN,SKIN,,,생략
피부과,DMTLGY,DERMATOLOGY,,,생략
피부반응테스트,AFST,AFTER SKIN TEST,,,생략
피부색,SKNCLR,SKIN COLOR,,,생략
피선거권,EBF,ELIGIBILITY FOR ELECTION,,,생략
피소,FCLAWST,FACE A LAWSUIT,,,생략
피아,FNF,FRIEND AND FOE,,,생략
피아식별,IFF,IDENTIFICATION FRIEND OR FOE,"IFF,적아식별",,생략
피아식별코드,IFFCD,IDENTIFICATION FRIEND OR FOE CODE,,분류어,생략
피연산자,OPRND,OPERAND,,,생략
피지원,SPTD,SUPPORTED,,,생략
피지원부대,SPTDUNT,SUPPORTED UNIT,,,생략
피진단자,TDSPRS,TARGET DIAGNOSE PERSON,,,생략
피징발자,RQSTNEE,REQUISITIONEE,,,생략
피쳐코드체계,FACC,Feature and Attribute Coding Catalogue,,,생략
피칭,PTCHG,PITCHING,,,생략
피탈,ROBBED,ROBBED,,,생략
피트,FT,FEET,,,생략
피평가자,EXAMNEE,EXAMINEE,,,생략
피평정자,TEVLPSN,TARGET EVALUATION PERSON,,,생략
피폭,BOMBED,BEING BOMBED,,,생략
피폭선량,EXPSDOSE,EXPLOSURE DOSE,,,생략
피해,DAMAGE,DAMAGE,,,생략
피해보고식별번호,DRINO,DAMAGE REPORT IDENTIFICATION NUMBER,,분류어,생략
피해복구,RSTDMG,RESTORATION OF DAMAGE,,,생략
피해상태,DAMGST,DAMAGE STATE,,,생략
피해시설유형코드,DINSTLYCD,DAMAGE INSTALLATION TYPE CODE,,분류어,생략
피해원인구분코드,DMGCAUSECD,DAMAGE CAUSE SECTION CODE,,분류어,생략
피해율,DMGRT,DAMAGE RATE,피해률,분류어,생략
피해확률,PD,PROBABILITY OF DAMAGE,,,생략
피해확률그룹번호,PDGRPNO,PROBABILITY OF DAMAGE GROUP NUMBER,,분류어,생략
핀홀,PHOLE,PIN HOLE,,,생략
필,FNSHD,FINISHED,,,생략
필기,NOTES,NOTES,,,생략
필기시험,WRTEXM,WRITTEN EXAMINATION,,,생략
필드,FLD,FIELD,,,생략
필름,FLM,FILM,,,생략
필수,ESTL,ESSENTIALITY,,,생략
필수입력,EINT,ESSENTIALITY INPUT,,,생략
필수직위,ESWRK,ESSENTIALITY WORK RANK,,,생략
필수항목,CITM,CRITICAL ITEM,,,생략
필승,VICTY,VICTORY,,,생략
필요,NEED,NEED,,,생략
필요량,NDQTY,NEED QUANTITY,,,생략
필요성,NCST,NECESSITY,,,생략
필지,LOTLND,A LOT OF LAND,필,분류어,생략
필터,FLTR,FILTER,,,생략
필터링,FLTRG,FILTERING,,,생략
하,LOWCLS,LOW CLASS,,,생략
하,BLOW,BELOW,,,생략
하계,SMRPD,SUMMER PERIOD,,,생략
하급,LRCSS,LOWER CLASS,,,생략
하급자,SUBORD,SUBORDINATE,,,생략
하늘,SKY,SKY,,,생략
하단,LWED,THE LOWER END,,,생략
하달,NTCIF,NOTICE TO AN INFERIOR,,,생략
하달일자,NTCIFDT,NOTICE TO AN INFERIOR DATE,하달일,,생략
하도급,SBCTR,SUBCONTRACTING,하청,,생략
하도급계약,SBCTCTR,SUBCONTRACTING CONTRACT,,,생략
하드디스크,HDD,HARD DISK DRIVE,HDD,,생략
하드웨어,HDW,HARDWARE,,,생략
하드코딩,HRDCD,HARD CODING,,,생략
하락,FALL,FALL,,,생략
하령,GVORD,GIVING ORDERS,,,생략
하방,LWDRT,LOWER DIRECTION,,,생략
하부,LWRPT,LOWER PART,,,생략
하부구조,UNDRSTR,UNDERSTRUCTURE,,,생략
하부조직,LPGZ,LOWER PART ORGANIZATION,,,생략
하사,STFSGT,STAFF SERGEANT,,,생략
하선,LVSP,LEAVING A SHIP,,,생략
하선예정표,DBSCH,DEBARKATION SCHEDULE,,,생략
하선지,LVSHPNT,LEAVE A SHIP POINT,,,생략
하수도,SEWER,SEWER,,,생략
하순,LPMN,LATTER PART OF THE MONTH,,,생략
하악,LWJW,LOWER JAW,,,생략
하역,LDUNLD,LOADING AND UNLOADING,,,생략
하역일자,LDUNLDT,LOADING AND UNLOADING DATE,하역일,,생략
하역장구,CGHNQP,CARGO-HANDLING EQUIPMENT,,,생략
하역장비,LDULDEQ,LOADING AND UNLOADING EQUIPMENT,,,생략
하역장치,CGG,CARGO GEAR,,,생략
하우스선하증권,HSBL,HOUSE BILL OF LADING,"HOUSE-BL,HOUSE B/L,FORWARDER B/L,혼재화물선하증권",,생략
하우징,HOUSNG,HOUSING,,,생략
하위,LOWRNK,LOW RANK,,,생략
하위부대,LWUNIT,LOWER UNIT,,,생략
하위부대존재구분코드,LUEDCD,LOWER UNIT EXIST DIVISION CODE,,분류어,생략
하위부대코드,LUCD,LOWER UNIT CODE,,,생략
하위사업1,LACTV1,LOW ACTIVITY ONE,하위1,,생략
하위사업1코드,LACTV1CD,LOW ACTIVITY ONE CODE,,분류어,생략
하위사업2,LACTV2,LOW ACTIVITY TWO,하위2,,생략
하위사업2코드,LACTV2CD,LOW ACTIVITY TWO CODE,,분류어,생략
하위사업3,LACTV3,LOW ACTIVITY THREE,하위3,,생략
하위사업3코드,LACTV3CD,LOW ACTIVITY THREE CODE,,분류어,생략
하의,BTMS,BOTTOMS,아래옷,,생략
하이브리드,HYBRID,HYBRID,,,생략
하이브리드자동차,HYBRIDCAR,HYBRID CAR,,,생략
하이일드펀드,HHLFD,HIGH YIELD FUND,,,생략
하이패스,HIPASS,HI-PASS,,,생략
하자,DFCY,DEFICIENCY,,,생략
하자담보,WRNT,WARRANTY,,,생략
하자담보책임,WRTRSP,WARRANTY RESPONSIBILITY,,,생략
하자담보책임기간,WRTRSPD,WARRANTY RESPONSIBILITY PERIOD,하자담보기간,,생략
하자번호,DFCYNO,DEFICIENCY NUMBER,,분류어,생략
하자보고,ROD,REPORT OF DISCREPANCY,ROD,,생략
하자보고서,SDR,SUPPLY DEFICIENCY REPORT,,,생략
하자보고서번호,RODNO,REPORT OF DEFICIENCY NUMBER,,분류어,생략
하자보고응신코드,RODRCD,REPORT OF DISCREPANCY RESPONSE CODE,,분류어,생략
하자보고일자,RODDT,REPORT OF DISCREPANCY DATE,하자보고일,,생략
하자보수,RPWKDF,REPAIR WORKS ON DEFECT,,,생략
하자보수보증금,DFGRTMN,DEFECTIVE GUARANTY MONEY,하자보증금,,생략
하자보증,DFTGRT,DEFECTIVE GUARANTY,,,생략
하자보증기간,DGP,DEFECTIVE GUARANTY PERIOD,,,생략
하자보증번호,DEFGUARNO,DEFICIENCY GUARANTEE NUMBER,,분류어,생략
하자상황코드,DRSCD,DISCREPANCY REPORT STATUS CODE,,분류어,생략
하자원코드,SDCD,SOURCE OF DEFICIENCY CODE,,분류어,생략
하자처리부서코드,DPDCD,DEFECT PROCESS DEPARTMENT CODE,,분류어,생략
하자처리상태코드,DPSICD,DEFECT PROCESS STATE INDICATOR CODE,,분류어,생략
하자철,FDDI,FILE OF DOCUMENTS RELATED TO DEFECTIVE ITEM,,,생략
하자품,DFTITM,DEFECTIVE ITEM,하자품목,,생략
하자품복귀코드,DFRCD,DEFECT ITEM RETURN CODE,,분류어,생략
하저,RVBD,RIVER BED,,,생략
하저상태코드,RVBDSTACD,RIVER BED STATE CODE,,분류어,생략
하전사,SRGNT,SERGEANT,,,생략
하절기,SMRTM,SUMMER TIME,하기,,생략
하중,LD,LOAD,,분류어,생략
하지,LWREXTR,LOWER EXTREMITY,,,생략
하차,GETOFF,GET OFF,,,생략
하차역,GETOFSTN,GET OFF STATION,,,생략
하천,WTCR,WATERCOURSE,,,생략
하천규모구분코드,WTCRSCALCD,WATERCOURSE SCALE SECTION CODE,,분류어,생략
하천깊이구분코드,WTCRDEPTHCD,WATERCOURSE DEPTH SECTION CODE,,분류어,생략
하천번호,WTCRNO,WATERCOURSE NUMBER,,분류어,생략
하천유속구분코드,WTCRDFTCD,WATERCOURSE DRIFT SECTION CODE,,분류어,생략
하청인,SUBCNTCTOR,SUBCONTRACTOR,,,생략
하층,LWRLYR,LOWER LAYER,,,생략
하층운,LWLVCLD,LOW LEVEL CLOUDS,,,생략
하피,HRPY,HARPY,,,생략
하한,LWLMT,THE LOWEST LIMIT,,,생략
하한가,LSLPC,LOWEST LIMIT PRICE,,,생략
하한값,LWLMTVAL,THE LOWEST LIMITVALUE,,분류어,생략
하한고도,LWLMTALT,LOWER LIMIT ALTITUDE,,분류어,생략
하한부등호,LSGN,LOWEST LIMIT A SIGN OF INEQUALITY,,,생략
하행,GODOWN,GOING DOWN,,,생략
하향,DWNWD,DOWNWARD,,,생략
하화,CRGUNLD,CARGO UNLOAD,,,생략
하화능력,CGULDCP,CARGO UNLOAD CAPACITY,,,생략
학,LRNNG,LEARNING,,,생략
학계,LNCCL,LEARNED CIRCLES,,,생략
학과,DEPTMT,DEPARTMENT,,,생략
학과코드,DEPTCD,DEPARTMENT CODE,,분류어,생략
학교,SCHL,SCHOOL,,,생략
학교교육,SCHLEDU,SCHOOL EDUCATION,,,생략
학교구분코드,SCHDVCD,SCHOOL DIVISION CODE,,분류어,생략
학급,CLS,CLASS,,,생략
학기,SMSTR,SEMESTER,,,생략
학년,SCHLYR,SCHOOL YEAR,,,생략
학년제,GRDSCHL,GRADED SCHOOL,,,생략
학년코드,SCHYRCD,SCHOOL YEAR CODE,,분류어,생략
학력,SCHLCRR,SCHOOL CAREER,,,생략
학력,SCRSHP,SCHOLARSHIP,,,생략
학력상태코드,SCHLSTCD,SCHOLARSHIP STATE CODE,,분류어,생략
학력코드,SCHLCD,SCHOLARSHIP CODE,,분류어,생략
학명,SCNCENM,SCIENTIFIC NAME,,,생략
학번,STDTNO,STUDENT NUMBER,,분류어,생략
학부모회,PTA,PARENT TEACHER ASSOCIATION,,,생략
학비,EDCEXP,EDUCATIONAL EXPENSE,,,생략
학생,STDNT,STUDENT,,,생략
학술,ACDMC,ACADEMIC,,,생략
학습,STDY,STUDY,,,생략
학업,STDYW,STUDY WORK,,,생략
학원,ACDM,ACADEMY,,,생략
학위,ACDMDGR,ACADEMIC DEGREE,,,생략
학위구분코드,ADDCD,ACADEMIC DEGREE DIVISION CODE,,분류어,생략
학위증명서번호,ADCNO,ACADEMIC DEGREE CERTIFICATE NUMBER,,분류어,생략
학위코드,ACDGRCD,ACADEMIC DEGREE CODE,,분류어,생략
학자금,SCHXPN,SCHOOL EXPENSES,,,생략
학점,GRADE,GRADE,,,생략
학점,CREDIT,CREDIT,,,생략
학회,ACDSOCT,ACADEMIC SOCIETY,,,생략
한강,HANGANG,HANGANG,,,생략
한계,LMT,LIMIT,,,생략
한계점,CRTPT,CRITICAL POINT,,,생략
한국국방연구원,KIDA,KOREA INSTITUTE FOR DEFENSE ANALYSES,,,생략
한국국적선박,KFS,KOREAN FLAG SHIPS,,,생략
한국군,ROKA,ROK ARMED FORCES,,,생략
한국군시설,ROKINST,ROK ARMED FORCES INSTALLATION,,,생략
한국군연동통제소,KICC,KOREA INTERFACE CONTROL CENTER,,,생략
한국군합동지휘통제체계,KJCCS,KOREA JOINT COMMAND AND CONTROL SYSTEM,KJCCS,,생략
한국방공식별구역,KADIZ,KOREAN AIR DEFENSE IDENTIFICATION ZONE,,,생략
한국산업규격,KS,KOREAN INDUSTRIAL STANDARD,"한국공업규격,KS",,생략
한국산업규격정부규격번호,KSGSNO,KOREAN INDUSTRIAL STANDARD GOVERNMENT SPECIFICATION NUMBER,,분류어,생략
한국어,KLANG,KOREAN ,,,생략
한국은행,BOK,THE BANK OF KOREA,BOK,,생략
한국은행소관코드,BKOJCD,THE BANK OF KOREA JURISDICTION CODE,,분류어,생략
한국은행회계계정코드,BKACCTCD,THE BANK OF KOREA ACCOUNTING ACCOUNT CODE,,분류어,생략
한국인정기구,KOLAS,KOREA LABORATORY ACCREDITATION SCHEME,,,생략
한국자산관리공사,KAMCO,KOREA ASSET MANAGEMENT CORPORATION,,,생략
한국작전정보통제소소프트웨어,KCS,KOREA COMBAT OPERATIONS INTELLIGENCE CENTER CONTROL SOFTWARE,,,생략
한국전구항공통제체계,KTACS,KOREA THEATER AIR CONTROL SYSTEM,,,생략
한국전투작전정보본부,KCOIC,KOREAN COMBAT OPERATIONS AND INTELLIGENCE CENTER,,,생략
한국제한식별구역,KLIZ,KOREAN LIMITED IDENTIFICATION ZONE,,,생략
한국조폐공사,KOMSCO,"KOREA MINTING, SECURITYPRINTING AND ID CARD OPERATING CORP",,,생략
한국종단송유관,TKP,TRANS KOREA PIPELINE,,,생략
한국좌표체계,KGS,KOREA GEODETIC SYSTEM,,,생략
한국철도공사,KORAIL,KOREA RAILROAD CORPORATION,"철도공사,코레일,KORAIL,한국철도",,생략
한국표준산업분류,KSIC,KOREA STANDARD INDUSTRY CLASSIFICATION,표준산업분류,,생략
한국항공작전지역,KAAO,KOREAN AIR AREA OF OPERATIONS,,,생략
한국해군전술자료처리체계,KNTDS,KOREA NAVAL TACTICAL DATA SYSTEM,한국해군전술자료체계,,생략
한국해군전술자료체계관리과,KMO,KOREAN NAVAL TACTICAL DATA SYSTEM MANAGEMENT OFFICE,,,생략
한국해군전술자료체계함소,KSITE,KOREAN NAVAL TACTICAL DATA SYSTEM SITES,자기함소,,생략
한국해군전술정보지원체계,JCDXK,JOINT CROSS DOMAIN EXCHANGE KOREA,JCDX-K,,생략
한글,HANGL,HANGEUL,,,생략
한글명,HNGNM,HANGEUL NAME,,,생략
한글화,TRNHGL,TRANSLATION IN TO KOREAN,,,생략
한도,LMTN,LIMITATION,,,생략
한도액,LMTAMT,LIMIT AMOUNT,,,생략
한도액구매,BOA,BASIC ORDERING AGREEMENT,BOA,,생략
한문,CHNS,CHINESE,,,생략
한미,KORUSA,KOREA AND USA,한/미,,생략
한미공동사용,ROKUSJU,ROK-US JOINT USE,,,생략
한미공동징후,KUJTIND,KOREA AND USA JOINT INDICATION,,,생략
한미공통탄약관리,MAGNUM,MUNITIONS ACTIVITIES GAINED BY NEGOTIATIONS UNDER MOA,MAGNUM,,생략
한미군사위원회,ROKUSMC,ROK-US MILITARY COMMITTEE,,,생략
한미단일탄약보급체계,SALSK,SINGLE AMMUNITION LOGISTICS SYSTEM,,,생략
한미문서번호,KUDOCNO,KOREA AND USA DOCUMENT NUMBER,,분류어,생략
한미연합사령부,CFC,ROK/US COMBINED FORCES COMMAND,연합사,,생략
한반도,KOREA,KOREAN PENINSULA,,,생략
한방,TOM,TRADITIONAL ORIENTAL MEDICINE,,,생략
한방병원,THMC,TRADITIONAL HERBAL MEDICINE CLINIC,,,생략
한부모,SPRNTS,SINGLE PARENT,,,생략
한시,MMNT,MOMENT,,,생략
한영,KE,KOREAN-ENGLISH,,,생략
한의사,ORIDT,ORIENTAL DOCTOR,,,생략
한의원,OMC,ORIENTAL MEDICINE CLINIC,,,생략
한자,CHNCHR,CHINESE CHARACTER,,,생략
한정능력자,LMTABLER,LIMITATION ABILITY PERSON,,,생략
한정승인,LTRC,LIMITED RECOGNITION,,,생략
한정치산자,QSINCMP,QUASI-INCOMPETENT,,,생략
한줄메모,ALNMM,A LINE MEMO,,,생략
한지,CGN,COLD REGION,,,생략
한천,AGAR,AGAR ,,,생략
한측,ROKSD,REPUBLIC OF KOREA SIDE,,,생략
한해,CLDG,COLD DAMAGE,,,생략
할당,ALLTMT,ALLOTMENT,,,생략
할당교전,ASNCMT,ASSIGNMENT/COMMITMENT,,,생략
할당량,ALTQTY,ALLOTMENT QUANTITY,,,생략
할당무장,ASNWP,ASSIGNED WEAPON,,,생략
할당일자,ALTDT,ALLOTMENT DATE,할당일,,생략
할당자,ASGNR,ASSIGNOR,,,생략
할로겐,HLGN,HALOGEN,할로젠,,생략
할부,INSTLMT,INSTALLMENT,,,생략
할인,DCNT,DISCOUNT,,,생략
할인율,DCRT,DISCOUNT RATE,,,생략
할증,EXTCHRG,EXTRA CHARGE,,,생략
함대,FLEET,FLEET,,,생략
함대사령부,CMDFLT,COMMAND FLEET,,,생략
함량,INCLQTY,INCLUSION QUANTITY,함유량,분류어,생략
함미,STERN,STERN,,,생략
함상,SHPB,SHIPBOARD,,,생략
함선,VESSEL,VESSEL,,,생략
함소,WNSHP,OWN SHIP,,,생략
함소내부고유번호,SSI,SITE SPECIFIC IDENTIFIER,,,생략
함수,BWSHP,THE BOW OF A WARSHIP,,,생략
함수,FUNC,FUNCTION,,,생략
함수량,AMTCTNWT,AMOUNT OF CONTAINED WATER,,,생략
함안,SHPTSHR,SHIP-TO-SHORE,,,생략
함안이동,STSM,SHIP TO SHORE MOVEMENT,,,생략
함안이동방법코드,STSMMETHDCD,SHIP TO SHORE MOVEMENT METHOD CODE,,분류어,생략
함양,CLTT,CULTIVATION,,,생략
함유,CNTAN,CONTAIN,,,생략
함장,CPTIN,CAPTAIN,,,생략
함재,LDWSP,LOAD A WARSHIP,,,생략
함정,WRSHP,WAR SHIP,"함,정",,생략
함정건조기본지침서,TLR,TOP LEVEL REQUIREMENT,,,생략
함정건조기술사양서,TLS,TOP LEVEL SPECIFICATION,,,생략
함정대분류코드,WRSHPLRCLSCD,WAR SHIP LARGE CLASSIFICATION CODE,,분류어,생략
함정대피호,WSPBMSLT,WAR SHIP BOMB SHELTER,,,생략
함정등급코드,WRSHPGRDCD,WAR SHIP GRADE CODE,,분류어,생략
함정번호,WRSHPNO,WAR SHIP NUMBER,,분류어,생략
함정소분류코드,WRSHPSMCLSCD,WAR SHIP SMALL CLASSIFICATION CODE,,분류어,생략
함정자기장관리,DGSNG,"DEGAUSSING, HEAT CELL",,,생략
함정작업분류구조,SWBS,SHIP WORK BREAKDOWN STRUCTURE,SWBS,,생략
함정작업분류구조코드,SWBSCD,SHIP WORK BREAKDOWN STRUCTURE CODE,,분류어,생략
함정적재무장유형코드,WSHLOARTYCD,WAR SHIP LOADING ARMAMENTS TYPE CODE,,분류어,생략
함정조사,WSI,WAR SHIP INVESTIGATION,,,생략
함정중분류코드,WRSHPMDCLSCD,WAR SHIP MIDDLE CLASSIFICATION CODE,,분류어,생략
함정첩보,WSHPINF,WAR SHIP INFORMATION,,,생략
함정피해수준코드,WRSHPDLVLCD,WAR SHIP DAMAGE LEVEL CODE,,분류어,생략
함포,NVGN,NAVAL GUN,,,생략
함포발사율,GFRT,GUNFIRING RATES,,,생략
함포성능목록,GNPRF,GUN PERFORMANCE,,,생략
함포화력,NVGFP,NAVAL GUN FIRE POWER,,,생략
함행동계획,EM,ESTIMATED MOVEMENT,EM,,생략
함형,SHPTP,SHIP TYPE,,,생략
합격,SCSEXM,SUCCESS IN AN EXAMINATION,,,생략
합격구분코드,POFCD,SUCCESS IN AN EXAMINATION DIVISION CODE,,분류어,생략
합격일자,PASSDT,PASS DATE,합격일,,생략
합격자,SCSCND,SUCCESSFUL CANDIDATE,,,생략
합격증,CERTEXM,CERTIFICATE OF SUCCESS IN AN EXAMINATION ,,,생략
합계,SUM,SUM,"계,합,SUM,총계",,생략
합동,JNT,JOINT,,,생략
합동감시및표적공격레이더체계,JSTARS,JOINT SURVEILLANCE TARGET ATTACK RADAR SYSTEM,합동감시표적공격레이더시스템,,생략
합동개념,JTCPT,JOINT CONCEPTS,,,생략
합동공역통제수단구분코드,JNTACMDVSCD,JOINT AIRSPACE CONTROL MEASURE DIVISION CODE,,분류어,생략
합동공역통제수단코드,JNTACMCD,JOINT AIRSPACE CONTROL MEASURE CODE,,분류어,생략
합동공통데이터베이스지원체계,JCDSS,JOINT COMMON DATABASE SUPPORT SYSTEM,JCDSS,,생략
합동군사대학교,JFMU,JOINT FORCES MILITARY UNIVERSITY,,,생략
합동군사전략목표기획서,JSOP,JOINT STRATEGY OBJECTIVE PLAN,"JSOP,합동전략기획문서",,생략
합동군상호운용성시범,JWID,JOINT WARRIOR INTEROPERABILITY DEMONSTRATION,,,생략
합동군수,JLGST,JOINT LOGISTICS,,,생략
합동기획,JPLN,JOINT PLANNING,,,생략
합동대공감시소,JAOP,JOINT AERIAL OBSERVATION POST,,,생략
합동방공작전,JADO,JOINT AIR DEFENCE OPERATION,,,생략
합동성,JNTNS,JOINTNESS,,,생략
합동소요,JNTRQM,JOINT REQUIREMENT,,,생략
합동시험,JNTST,JOINT TEST,,,생략
합동시험팀,JTT,JOINT TEST TEAM,,,생략
합동신문,CBNITR,COMBINATION INTERROGATION,합신,,생략
합동실험,JNTEXP,JOINT EXPERIMENTATION,,,생략
합동요구탄착점,JDPI,JOINT DESIRED POINT OF IMPACT,JDPI,,생략
합동요구탄착점번호,JDPINO,JOINT DEMAND POINT OF IMPACT NUMBER,,분류어,생략
합동우선순위통합표적,JIPTL,JOINT INTEGRATED PRIORITIZED TARGET LIST,,,생략
합동자동화종심작전협조체계,JADOCS,JOINT AUTOMATED DEEP OPERATIONS COORDINATION SYSTEM,,,생략
합동작전,JOP,JOINT OPERATION,,,생략
합동작전지도,JOM,JOINT OPERATION MAP,,,생략
합동전구미사일방어,JTMD,JOINT THEATER MISSILE DEFENCE,,,생략
합동전술데이터링크체계,JTDLS,JOINT TACTICAL DATA LINK SYSTEM,,,생략
합동전술첩보분배체계,JTIDS,JOINT TACTICAL INFORMATION DISTRIBUTION SYSTEM,연합전술정보처리소,,생략
합동전쟁수행모의본부,JWSC,JOINT WARFIGHTING SIMULATION CENTER,,,생략
합동정보신문조,JIIT,JOINT INFORMATION INTERROGATION TEAM,합신조,,생략
합동중기군사전략목표기획서,JMMSOP,JOINT MID-RANGE MILITARY STRATEGIC OBJECTIVES PLAN,,,생략
합동지휘관결심지원체계,JCD,ADVANCED JOINT COMMANDER DECISION SUPPORT SYSTEM,,,생략
합동참모본부,JCS,JOINT CHIEFS OF STAFF,합참,,생략
합동화력구역,JFA,JOINT FIRES AREA,,,생략
합동화력구역수준코드,JFALVLSTATCD,JOINT FIRES AREA LEVEL STATE CODE,,분류어,생략
합동화력자산구분코드,JNFWASTDVCD,JOINT FIRE POWER ASSETS DIVISION CODE,,분류어,생략
합동화력자산코드,JNFWASTCD,JOINT FIRE POWER ASSETS CODE,,분류어,생략
합동화력지역번호,JNTFRPWRGNNO,JOINT FIRE POWER REGION CODE,,분류어,생략
합동화력탄종코드,JNFWKNDAMNCD,JOINT FIRE POWER KIND OF AMMUNITION CODE,,분류어,생략
합리,RNLT,RATIONALITY,,,생략
합명회사,UNLMPTN,UNLIMITED PARTNERSHIP,,,생략
합법성감사,LLSP,LAWFULNESS INSPECTION,,,생략
합병등기,MRRSR,MERGER REGISTRATION,,,생략
합본,BCTV,Bind Copies Together In One Volume,,,생략
합산,ADDUP,ADDING UP,,,생략
합산반납금액발생사유코드,AURAMORCD,ADDING UP RETURN AMOUNT OF MONEY OCCUR REASON CODE,,분류어,생략
합산소급구분코드,AURDCD,ADDING UP RETROACTION DIVISION CODE,,분류어,생략
합산수신기간구분코드,AURPDCD,ADDING UP RECEIVE PERIOD DIVISION CODE,,분류어,생략
합성,SYNTH,SYNTHETIC ,,,생략
합성개구레이더,SAR,SYNTHETIC APATURE RADAR,,,생략
합성영상,CPSTIMG,COMPOSITION IMAGE,,,생략
합숙,LDGTGTR,LODGE TOGETHER,,,생략
합의,AGREMT,AGREEMENT,,,생략
합의서,WRTAGMT,WRITTEN AGREEMENT,,,생략
합의제,RPSSYS,REPRESENTATIVE SYSTEM,,,생략
합자회사,LDRRH,LIMITED PARTNERSHIP,,,생략
합작,CLLBR,COLLABORATION,,,생략
합장,BYTGT,BURYING TOGETHER,,,생략
합참표적분류코드,JCOSTGCLSFCD,JOINT CHIEFS OF STAFF TARGET CLASSIFICATION CODE,,분류어,생략
항,PRGRPH,PARAGRAPH,,,생략
항고,CMPNAIT,COMPLAINT,,,생략
항공,FLT,FLIGHT,,,생략
항공고시보,NOTAM,NOTICE TO AIRMAN,NOTAM,,생략
항공고시보구분코드,NOTAMDVCD,NOTAM DIVISION CODE,,분류어,생략
항공고시보유형코드,NOTAMTYCD,NOTAM TYPE CODE,,분류어,생략
항공고시보종류번호,NTMKNDNO,NOTAM KIND NUMBER,,분류어,생략
항공교통관제소,ACCTR,AIR CONTROL CENTER,,,생략
항공권,AIRTKT,AIR TICKET,,,생략
항공기,ACFT,AIRCRAFT,,,생략
항공기결함유형코드,ACFTDFCTYPCD,AIRCRAFT DEFECT TYPE CODE,,분류어,생략
항공기대기상태코드,ACFTWASTACD,AIRCRAFT WAIT STATE CODE,,분류어,생략
항공기무기태세구분코드,AWRPCLCD,AIRCRAFT WEAPONS READINESS POSTURE CLASSIFICATION CODE,,분류어,생략
항공기번호,ACFTNO,AIRCRAFT NUMBER,,분류어,생략
항공기불가동유형구분코드,ACFNORTYDVCD,AIRCRAFT NOT OPERATIONALLY READY TYPE DIVISION CODE,,분류어,생략
항공기비상대기구분코드,ACACLCD,AIRCRAFT ALERT CLASSIFICATION CODE,,분류어,생략
항공기비상대기임무코드,ACRAMSCD,AIRCRAFT ALERT MISSION CODE,,분류어,생략
항공기비상상태유형코드,ACFEMGSTTYCD,AIRCRAFT EMERGENCY STATE TYPE CODE,,분류어,생략
항공기손상,ACFDMG,AIRCRAFT DAMAGE,,,생략
항공기수리부품구분코드,ACFTRCMPNTCD,AIRCRAFT REPAIR COMPONENTS SECTION CODE,,분류어,생략
항공기승무원,ARCRW,AIR CREW,,,생략
항공기유형코드,ACFTTPCD,AIR CRAFT TYPE CODE,,분류어,생략
항공기전자장비,AEE,AIRCRAFT ELECTRONIC EQUIPMENT,,,생략
항공기종,KNDAP,KINDS OF AIRPLANE,,,생략
항공기주기검사,ACIS,AIRCRAFT CYCLE INSPECTION,,,생략
항공기지,ARBS,AIR BASE,비행기지,,생략
항공기지표면상태코드,AIRBSRFSTCD,AIR BASE SURFACE STATE CODE,,분류어,생략
항공기취급업체,AHCPY,AIRCRAFT HANDLING COMPANY,,,생략
항공기피아구분코드,ACFTFNFDVCD,AIRCRAFT FRIEND AND FOE DIVISION CODE,,분류어,생략
항공료,FLTFARE,FLIGHT FARE,,,생략
항공모함,CV,AIRCRAFT CARRIER,항모,,생략
항공무장유도유형코드,FLARMGTYPCD,FLIGHT ARMAMENTS GUIDANCE TYPE CODE,,분류어,생략
항공병참선,ALOC,AIR LINE OF COMMUNICATION,ALOC,,생략
항공보험,FLIGHTINSRNC,FLIGHT INSURANCE,,,생략
항공사,AIRLN,AIRLINE,,,생략
항공사격불가사유코드,FLIGHTFIDICD,FLIGHT FIRING DISALLOWANCE REASON CODE,,분류어,생략
항공사고,AVACD,AVIATION ACCIDENT,,,생략
항공산업시설분류코드,FLIGHTININCD,FLIGHT INDUSTRY INSTALLATION CLASSIFICATION CODE,,분류어,생략
항공생리훈련,APD,AERONAUTICAL PHYSICAL DRILL,항생,,생략
항공생리훈련과정코드,APDCLMCD,AERONAUTICAL PHYSICAL DRILL CRCLM CODE,,분류어,생략
항공수송,AIRTRS,AIR TRANSPORTATION,,,생략
항공수송지원장비구분코드,ATSEQDCD,AIR TRANSPORTATION SUPPORT EQUIPMENT DIVISION CODE,,분류어,생략
항공우주과학기술,ARPSNTFTCHN,AEROSPACE SCIENTIFIC TECHNOLOGY,,,생략
항공우주산업,ARPINDS,AEROSPACE INDUSTRY,,,생략
항공운송사업,ARPBIZ,AEROSPACE BUSINESS,,,생략
항공운송사업자,ARPBIZM,AEROSPACE BUSINESSMAN,,,생략
항공유,FLTOIL,FLIGHT OIL,,,생략
항공임무명령서,ATO,AIR TASKING ORDER,,,생략
항공임무명령서번호,ATONO,AIR TASKING ORDER NUMBER,,분류어,생략
항공임무유형코드,FLTMISNTYPCD,FLIGHT MISSION TYPE CODE,,분류어,생략
항공자원관리단,FLTRMG,FLIGHT RESOURCE MANAGEMENT GROUP,,,생략
항공작전,AIROP,AIR OPERATION,,,생략
항공작전본부,AOC,AIR OPERATIONS CENTER,,,생략
항공작전임무구분코드,AOMPCD,AIR OPERATION MISSION PROFILE CODE,,분류어,생략
항공작전지침,AOD,AIRLIFT OPERATION DIRECTIVE,AOD,,생략
항공작전지침기준구분코드,AODSTDDVSCD,AIRLIFT OPERATION DIRECTIVE STANDARD DIVISION CODE,,분류어,생략
항공장구번호,FONO,FLIGHT OUTFIT NUMBER,,분류어,생략
항공정보간행물,AIP,AERONAUTICAL INFORMATION PUBLICATION,,,생략
항공정비,AIRM,AIRCRAFT MAINTENANCE,,,생략
항공정찰,ARCNS,AIR RECONNAISSANCE,,,생략
항공정찰유형코드,FLRCNNSCTYCD,FLIGHT RECONNAISSANCE TYPE CODE,,분류어,생략
항공지원,ARSPT,AIR SUPPORT,,,생략
항공지원레이더반,ASRT,AIR SUPPORT RADAR TEAM,ASRT,,생략
항공지원작전,ASOP,AIR SUPPORT OPERATIONS,,,생략
항공지원작전본부,ASOC,AIR SUPPORT OPERATION CENTER,ASOC,,생략
항공차단작전,INT,AIR INTERDICTION OPERATION,AIO,,생략
항공추진보급기지,ATSP,AIR TERMINAL SUPPLY POINT,,,생략
항공탄,AIRMUN,AIR MUNITION,항공탄약,,생략
항공탄구분코드,AIRMUNDVSCD,AIR MUNITION DIVISION CODE,,분류어,생략
항공탄부호,ARMUNSGN,AIR MUNITION SIGN,,분류어,생략
항공편,FLGHT,FLIGHT,,,생략
항공포병사격구분코드,FLTATFIRECD,FLIGHT ARTILLERY FIRE SECTION CODE,,분류어,생략
항공표적,ARTGT,AIR TARGET,,,생략
항공해상자산구분코드,FSASTDVCD,FLIGHT AND SEA ASSETS DIVISION CODE,,분류어,생략
항공화물송증,AWB,AIR WAY BILL,"AWB,항공화물운송장,항공선하증권",,생략
항공회보,AIRAD,AIRMAN ADVISORY,,,생략
항구,PRT,PORT,항,,생략
항구코드,PRTCD,PORT CODE,,분류어,생략
항균제,ANTMI,ANTIMICROBIAL,,,생략
항력,DRAG,DRAG,,,생략
항로,ART,AIR ROUTE,,,생략
항로감시레이더,ARSR,AIR ROUTE SURVEILLANCE RADAR,,,생략
항로지정방식,RPMTD,ROUTE APPOINMENT METHOD,,,생략
항만,HRBR,HARBOR,,,생략
항만능력,PORTCP,PORT CAPACITY,,,생략
항만번호,HRBRNO,HARBOR NUMBER,,분류어,생략
항만철도,HRRD,HARBOR RAILROAD,,,생략
항만하역,HBLDNULD,HARBOR LOADING AND UNLOADING,,,생략
항만하역능력,PDC,PORT DISCHARGE CAPACITY,하역능력,,생략
항목,ITM,ITEM,아이템,,생략
항목번호,ITEMNO,ITEM NUMBER,,분류어,생략
항법,ANAVI,AIR NAVIGATION,,,생략
항변권,DFNRT,RIGHT OF DEFENSE,,,생략
항생제,ANTIBIO,ANTIBIOTICS,,,생략
항생제투여,ANTADM,ANTIBIOTICS ADMINISTRATION,,,생략
항속,FLTSPD,FLIGHT SPEED,,,생략
항속거리,RANGE,RANGE,,,생략
항송,TBAS,TRANSPORT BY AIRCRAFT OR SHIP,,,생략
항습,CNSHMDT,CONSTANT-HUMIDITY,,,생략
항암,ANTCAN,ANTICANCER,,,생략
항암요법,CHEMO,CHEMOTHERAPY,,,생략
항온,HMTHRML,HOMOIOTHERMAL,,,생략
항온항습기,TMHGST,THERMO HYGROSTAT,,,생략
항원,ANTG,ANTIGEN,,,생략
항적,TRACK,TRACK,트랙,,생략
항적번호,TRKNO,TRACK NUMBER,,분류어,생략
항적부호,TRKSGN,Track Sign,,분류어,생략
항적실시간구분코드,TRACRLTDCD,TRACK REAL TIME DIVISION CODE,,분류어,생략
항적전파주기,TRKPPGTCLE,A TRACK PROPAGATION CYCLE,,,생략
항적질,TQ,TRACK QUALITY,,,생략
항적추적소프트웨어구성항목,TRKCSC,TRACKING COMPUTER SOFTWARE COMPONENT,,,생략
항차,TRSORD,TRANSPORTING ORDER,,,생략
항차번호,TONO,TRANSPORTING ORDER NUMBER,,분류어,생략
항체,ANTIBD,ANTIBODY,,,생략
항측,ASY,AERIAL SURVEY,,,생략
항해,VYGE,VOYAGE,,,생략
항해번호,VYGENO,VOYAGE NUMBER,,분류어,생략
해결,SLTN,SOLUTION,,,생략
해경,NMPA,NATIONAL MARITIME POLICE AGENCY,,,생략
해경정,CDS,COAST DEFENSE SHIP,,,생략
해경지역코드,NMPARGNCD,NATIONAL MARITIME POLICE AGENCY REGION CODE,,분류어,생략
해공군,NAVAF,NAVY AIR FORCE,,,생략
해구,SEARA,SEA AREAS,,,생략
해군,NAVY,NAVY,해,,생략
해군구역코드,NAVYSCTRCD,NAVY SECTOR CODE,,분류어,생략
해군군무원,NVCVN,NAVY MILITARY CIVILIAN,,,생략
해군기지,NAVST,NAVAL STATION,,,생략
해군기지구분코드,NAVYBSDVCD,NAVY BASE DIVISION CODE,,분류어,생략
해군대령,NCAPT,NAVY CAPTAIN,,,생략
해군대위,NLT,NAVY LIEUTENANT,,,생략
해군대장,NADM,NAVY ADMIRAL,,,생략
해군병,NVCSD,NAVY COMMON SOLDIER,,,생략
해군병장,NPOSND,NAVY PETTY OFFICER SECOND CLASS,,,생략
해군본부,NVHQ,NAVY HEADQUARTER,해본,,생략
해군부대유형코드,NVUNITYPCD,NAVY UNIT TYPE CODE,,분류어,생략
해군부사관,NVNCO,NAVY NONCOMMISSIONED OFFICER,,,생략
해군비행계획번호,NFPNO,NAVY FLIGHT PLAN NUMBER,,분류어,생략
해군비행목적코드,NFPCD,NAVY FLYING PURPOSE CODE,,분류어,생략
해군비행임무코드,NFMCD,NAVY FLYING MISSION CODE,,분류어,생략
해군상등병,NPOTHD,NAVY PETTY OFFICER THIRD CLASS,해군상병,,생략
해군상사,NSCPO,NAVY SENIOR CHIEF PETTY OFFICER,,,생략
해군성분작전종류코드,NAVYCPOPKDCD,NAVY COMPONENT OPERATION KIND CODE,,분류어,생략
해군소령,NLCDR,NAVY LIEUTENANT COMMANDER,,,생략
해군소위,NENS,NAVY ENSIGN,,,생략
해군소장,NRADMU,NAVY REAR ADMIRAL(UPPER-HALF),,,생략
해군수집정보분류코드,NAVYCTIFDVCD,NAVY COLLECTION INFORMATION DIVISION CODE,,분류어,생략
해군원사,NMCPO,NAVY MASTER CHIEF PETTY OFFICER,,,생략
해군유도탄임무수행진행상태코드,NVGDMSLMPSCD,NAVI GUIDED MISSILE MISSION EXECUTION PROGRESS STATE CODE,,분류어,생략
해군이등병,NSA,NAVY SEAMAN APPRENTICE,해군이병,,생략
해군일등병,NSEAMAN,NAVY SEAMAN,해군일병,,생략
해군임기제부사관,NVTONO,NAVY TERM OF OFFICE SYSTEM NONCOMMISSIONED OFFICER,,,생략
해군작전사령부,NOC,NAVAL OPERATIONS COMMAND,해작사,,생략
해군장교,NVCOF,NAVY COMMISSIONED OFFICER,,,생략
해군장기복무,NVLTS,NAVY LONG TIME SERVICE,,,생략
해군전문하사,NVPSG,NAVY SPECIALITY STAFF SERGEANT,,,생략
해군전술신호서,KTP,KOREA TACTICAL INSTRUCTIONS AND PROCEDURES,,,생략
해군전술자료처리체계,NTDS,NAVAL TACTICAL DATA SYSTEM,해군전술자료체계,,생략
해군전투서열,NOB,NAVAL ORDER OF BATTLE,,,생략
해군준사관,NVWRT,NAVY WARRANT OFFICER,,,생략
해군준위,NWO,NAVY WARRANT OFFICER,,,생략
해군준장,NRADML,NAVY REAR ADMIRAL(LOWER-HALF),,,생략
해군중령,NCDR,NAVY COMMANDER,,,생략
해군중사,NCPO,NAVY CHIEF PETTY OFFICER,,,생략
해군중위,NLTJG,NAVY LIEUTENANT JUNIOR GRADE,,,생략
해군중장,NVADM,NAVY VICE ADMIRAL,,,생략
해군지역코드,NAVYRGNCD,NAVY REGION CODE,,분류어,생략
해군지휘통제체계,KNCCS,KOREA NAVAL COMMAND CONTROL SYSTEM,,,생략
해군태세구분코드,NAVYATDVCD,NAVY ATITD DVS CODE,,분류어,생략
해군태세코드,NAVYATCD,NAVY ATITD CODE,,분류어,생략
해군표적구분코드,NAVYTGTDVCD,NAVY TARGET DIVISION CODE,,분류어,생략
해군하사,NPOFST,NAVY PETTY OFFICER FIRST CLASS,,,생략
해군함장,NVCPT,NAVY CAPTAIN,,,생략
해군훈련병,NSR,NAVY SEAMAN RECRUIT,해군훈병,,생략
해난,SHPWRCK,SHIPWRECK,,,생략
해당,RLVNT,RELEVANT,,,생략
해도,HGCT,HYDROGRAPHIC CHART,,,생략
해독,DECOD,DECODING,,,생략
해로,SEART,SEA ROUTE,,,생략
해류,OCCRT,OCEAN CURRENT,,,생략
해리,NMILE,NAUTICAL MILE,NM,,생략
해발,ABVSLVL,ABOVE SEA LEVEL,,,생략
해발고도,MSL,MEAN SEA LEVEL,"평균해면,MSL",,생략
해변,BEACH,BEACH,,,생략
해변번호,BCHNO,BEACH NUMBER,,분류어,생략
해병,MR,MARINE,,,생략
해병대,MRCPS,MARINE CORPS,,,생략
해병대군무원,MCCVN,MARINE CORPS MILITARY CIVILIAN,,,생략
해병대대령,MCCOL,MARINE CORPS COLONEL,,,생략
해병대대위,MCCAPT,MARINE CORPS CAPTAIN,,,생략
해병대대장,MCGEN,MARINE CORPS GENERAL,,,생략
해병대병,MCCSD,MARINE CORPS COMMON SOLDIER,,,생략
해병대병장,MCSGT,MARINE CORPS SERGEANT,,,생략
해병대부사관,MCNCO,MARINE CORPS NONCOMMISSIONED OFFICER,,,생략
해병대사령부,HQMC,HEADQUARTERS MARINE CORPS,,,생략
해병대상등병,MCCPL,MARINE CORPS CORPORAL,해병대상병,,생략
해병대상사,MCMSGT,MARINE CORPS MASTER SERGEANT,,,생략
해병대소령,MCMAJ,MARINE CORPS MAJOR,,,생략
해병대소위,MCSNDLT,MARINE CORPS SECOND LIEUTENANT,,,생략
해병대소장,MCMAJGEN,MARINE CORPS MAJOR GENERAL,,,생략
해병대원사,MCMAYSGT,MARINE CORPS MASTER GUNNERY SERG`,,,생략
해병대이등병,MCPFC,MARINE CORPS PRIVATE FIRST CLASS,해병대이병,,생략
해병대일등병,MCLCPL,MARINE CORPS LANCE CORPORAL,해병대일병,,생략
해병대임기제부사관,MCTONO,MARINE TERM OF OFFICE SYSTEM NONCOMMISSIONED OFFICER,,,생략
해병대장교,MCCOF,MARINE CORPS COMMISSIONED OFFICER,,,생략
해병대장기복무,MCLTS,MARINE CORPS LONG TIME SERVICE,,,생략
해병대장비항목코드,MRINCEQITMCD,MARINE CORPS EQUIPMENT ITEM CODE,,분류어,생략
해병대전문하사,MCPSG,MARINE CORPS SPECIALITY STAFF SERGEANT,,,생략
해병대준사관,MCWRT,MARINE CORPS WARRANT OFFICER,,,생략
해병대준위,MCWO,MARINE CORPS WARRANT OFFICER,,,생략
해병대준장,MCBGEN,MARINE CORPS BRIGADIER GENERAL,,,생략
해병대중령,MCLTOOL,MARINE CORPS LIEUTENANT COLONEL,,,생략
해병대중사,MCGYSGT,MARINE CORPS GUNNERY SERGEANT,,,생략
해병대중위,MCFSTLT,MARINE CORPS FIRST LIEUTENANT,,,생략
해병대중장,MCLTGEN,MARINE CORPS LIEUTENANT GENERAL,,,생략
해병대탄종코드,MRINCKOAMNCD,MARINE CORPS KIND OF AMMUNITION CODE,,분류어,생략
해병대하사,MCSSGT,MARINE CORPS STAFF SERGEANT,,,생략
해병대훈련병,MCPVT,MARINE CORPS PRIVATE,해병대훈병,,생략
해병부대구분코드,MRUNITDVSCD,MARINE UNIT DIVISION CODE,,분류어,생략
해병제대구분코드,MRDSCHRGDVCD,MARINE DISCHARGE DIVISION CODE,,분류어,생략
해병지원작전형태코드,MRSOTYCD,MARINE SUPPORT OPERATION TYPE CODE,,분류어,생략
해부,DSCT,DISSECTION,,,생략
해브퀵,HVQCK,HAVEQUICK,,,생략
해산,DSRGNZ,DISORGANIZATION,,,생략
해상,SEA,SEA,,,생략
해상교통,SEATRF,SEA TRAFFIC,,,생략
해상교통관제방식,STGOW,SEA TRAFFIC GOVERNMENT ORGANIZATION WAY,,,생략
해상교통로,SLOC,SEA LINES OF COMMUNICATION,,,생략
해상근무,SEASVC,SEA SERVICE,,,생략
해상도,RSOLTN,RESOLUTION,,,생략
해상박명종,EENT,END OF EVENING NAUTICAL TWILIGHT,EENT,분류어,생략
해상박명초,BMNT,BEGIN MORNING NAUTICAL TWILIGHT,BMNT,분류어,생략
해상수송지원장비구분코드,STSEQDCD,SEA TRANSPORTATION SUPPORT EQUIPMENT DIVISION CODE,,분류어,생략
해상여객운송사업,MPTT,MARINE PASSENGER TRANSPORT BUSINESS,,,생략
해상전투초계,SCP,SEA COMBAT AIR PATROL,,,생략
해상정찰,MRTRCN,MARITIME RECONNAISSANCE,,,생략
해상초계기,MPA,MARITIME PATROL AIRCRAFT,,,생략
해상크레인,FLCRN,FLOATING CRANE,,,생략
해상함대유형코드,AFLOFLTYPCD,AFLOAT FLEET TYPE CODE,,분류어,생략
해상항공작전구분코드,SEAFLOPRDVCD,SEA FLIGHT OPERATIONS DIVISION CODE,,분류어,생략
해상항적국가코드,SEATNATCD,SEA TRACK NATION CODE,,분류어,생략
해상항적표적임무코드,SEATTGTMSCD,SEA TRACK TARGET MISSION CODE,,분류어,생략
해상항적표적종류코드,SEATTGTKNDCD,SEA TRACK TARGET KIND CODE,,분류어,생략
해상항적표적하위범주코드,SEATTGTLRCCD,SEA TRACK TARGET LOW RANK CATEGORY CODE,,분류어,생략
해상항적피아식별코드,SEATIFFCD,SEA TRACK IDENTIFICATION FRIEND OR FOE CODE,,분류어,생략
해상화물운송사업,MTRN,MARINE CARGO TRANSPORT BUSINESS,,,생략
해석,INTRPRT,INTERPRETATION,,,생략
해석법,INTRPRTN,INTERPRETATION,,,생략
해설,EXPLNT,EXPLANATION,,,생략
해소,DSLTN,DISSOLUTION,,,생략
해소일자,DSLTNDT,DISSOLUTION DATE,해소일,,생략
해수,SEAW,SEAWATER ,,,생략
해수면,SFOSA,SURFACE OF THE SEA,해면,,생략
해수면기압,SLPRS,SEA LEVEL PRESSURE,,,생략
해시,HASH,HASH,해쉬,,생략
해안,COAST,COAST,,,생략
해안구분코드,COASTDVSCD,COAST DIVISION CODE,,분류어,생략
해안선,SHRLN,SHORE LINE,,,생략
해안포,SEGUN,SEAGUN,,,생략
해양,OCN,OCEAN,,,생략
해양보고서,OCNRPRT,OCEAN REPORT,,,생략
해양사고,MRNACD,MARINE ACCIDENTS,,,생략
해양사고관련자,MRCTP,MARINE ACCIDENTS RELATION PERSON,,,생략
해양선하증권,OCNBL,OCEAN BILL OF LADING,,,생략
해역,SASEC,SEA SECTOR,,,생략
해역코드,SARCD,SEA AREAS CODE,,분류어,생략
해열,RMVFEVR,REMOVAL OF FEVER,,,생략
해외,FRGN,FOREIGN,,,생략
해외발송물자,FSMTL,FOREIGN SENDING MATERIAL,,,생략
해외수역,OVSEAWTRS,OVERSEAS WATERS,,,생략
해외인물구분코드,FRGNPRSDVCD,FOREIGN PERSON DIVISION CODE,,분류어,생략
해외인물활동분류코드,FPACTVCLCD,FOREIGN PERSON ACTIVITY CLASSIFICATION CODE,,분류어,생략
해외정보부,FRGINFDPT,FOREIGN INFORMATION DEPARTMENT,,,생략
해외증권,FGNTC,FOREIGN STOCK,,,생략
해외파견,OVDS,OVERSEAS DISPATCH,,,생략
해외파견수당,OVDSALW,OVERSEAS DISPATCH ALLOWANCE,,,생략
해외파병,ODAF,OVERSEAS DISPATCH[DEPLOYMENT] OF ARMED FORCES,,,생략
해외파병수당,ODAFALW,OVERSEAS DISPATCH[DEPLOYMENT] OF ARMED FORCES ALLOWANCE,,,생략
해외파병수당지급비율추가사유코드,ODAFAPRARCD,OVERSEAS DISPATCH[DEPLOYMENT] OF ARMED FORCES ALLOWANCE PAYMENT RATE ADDITION REASON CODE,,분류어,생략
해외하자유형코드,FRGNDTCD,FOREIGN DEFICIENCY TYPE CODE,,분류어,생략
해운,SHPG,SHIPPING,,,생략
해운대리점업,SEATRNANC,SEA TRANSPORT AGENCY,,,생략
해운업,SHPBIZ,SHIPPING INDUSTRY,,,생략
해운중개업,SHPBRK,SHIPPING BROKERAGE,,,생략
해일,TDLWAV,TIDAL WAVES,,,생략
해임,DSMSL,DISMISSAL,,,생략
해임일자,DSMSLDT,DISMISSAL DATE,해임일,,생략
해저,BTOSA,BOTTOM OF THE SEA,,,생략
해적,PIRATE,PIRATE,,,생략
해제,RVCTN,REVOCATION,,,생략
해제,RELSE,RELEASE,,,생략
해제일자,RELSDT,RELEASE DATE,해제일,,생략
해제일자,CCLDT,CANCELLATION DATE,해제일,,생략
해제자,CNLPSN,PERSON OF CANCELLATION,,,생략
해제자함방어구역,DATDA,DEACTIVATED DEFENSE AREA,,,생략
해조,SEAWIDS,SEAWEEDS,,,생략
해지,CNCLCTR,CANCELLATION OF A CONTRACT,,,생략
해지일자,CNCTRDT,CANCELLATION OF A CONTRACT DATE,해지일,,생략
해지자,RSCPSN,PERSON OF RESCISSION,,,생략
해지해제구분코드,CNCRVDCD,CANCELLATION REVOCATION DIVISION CODE,,분류어,생략
해체,DACTVTN,DEACTIVATION,해편,,생략
해체구분코드,DACTDVSCD,DEACTIVATION DIVISION CODE,,분류어,생략
해체일자,DACTDT,DEACTIVATION DATE,"해체일,해편일,해편일자",,생략
해협,STRTS,STRAITS,,,생략
핵,NCLR,NUCLEAR,,,생략
핵구분코드,NCLRSECCD,NUCLEAR SECTION CODE,,분류어,생략
핵무기,NRWPS,NUCLEAR WEAPONS,,,생략
핵무기위력유형코드,NWMTCD,NUCLEAR WEAPON MIGHT TYPE CD,,분류어,생략
핵심,CR,CORE,,,생략
핵심방어지대,CDZ,CORE DEFENSE ZONE,,,생략
핵심표적,HPT,HIGH-PAYOFF TARGET,,,생략
핵예상오염수준단위코드,NECLUCD,NUCLEAR EXPECTATION CONTAMNATION LEVEL UNIT CODE,,분류어,생략
핵위력,NCLRMIT,NUCLEAR MIGHT,,분류어,생략
핵위험수준구분코드,NDLDCD,NUCLEAR DANGER LEVEL DIVISION CODE,,분류어,생략
핵의학,NCLMDC,NUCLEAR MEDICINE,,,생략
핵종,NCLD,NUCLIDE,,,생략
핵타격,NCSTK,NUCLEAR STRIKE,,,생략
핵투발용기유형코드,NTVTCD,NUCLEAR TRSHT VESSLEL TYPE CODE,,분류어,생략
핸드홀,HNDHL,HANDHOLE,,,생략
행,ROW,ROW,ROW,,생략
행군,MRCH,MARCH,,,생략
행군간격구분코드,MRCHGAPCD,MARCH GAP SECTION CODE,,분류어,생략
행군단위대,MRCHUNT,MARCH UNIT,단위대,,생략
행군일자,MRCHDT,MARCH DATE,행군일,,생략
행동,ACT,ACT,,,생략
행락객,PRSONPLSR,A PERSON VISIT SOMEPLACE FOR PLEASURE,,,생략
행려환자,TRPTT,TRAVEL PATIENT,,,생략
행방불명자,MIA,MISSING IN ACTION,,,생략
행번호,ROWNO,ROW NUMBER,,분류어,생략
행복,HAPINS,HAPPY ,,,생략
행사,ENATV,EVENTS AND ACTIVITIES,,,생략
행사비,ENACST,EVENTS AND ACTIVITIES COST,,,생략
행선지,DSTNT,DESTINATION,,,생략
행운,GDL,GOOD LUCK,,,생략
행위,DED,DEED,,,생략
행위일자,DEEDDT,DEED DATE,행위일,,생략
행위자,ACTR,ACTOR,,,생략
행위지법,LLTS,LEX LOCI ACTUS,,,생략
행정,ADMN,ADMINISTRATION,,,생략
행정구역,ADMINISTZONE,ADMINISTRATION ZONE,,,생략
행정구역단위코드,ADMNSCTUICD,ADMIN SECTOR UNIT CODE,,분류어,생략
행정기관,ADMNSTMACH,ADMINISTRATIVE MACHINERY,,,생략
행정동,ADMDNG,ADMINISTRATION DONG,,,생략
행정동코드,ADMDNGCD,ADMINISTRATION DONG CODE,,분류어,생략
행정보급,ADSPL,ADMINISTRATION SUPPLY,,,생략
행정비,ADMEXP,ADMINISTRATIVE EXPENDITURE,,,생략
행정안전부,MOPAS,MINISTRY OF PUBLIC ADMINISTRATION AND SECURITY,,,생략
행정자치부,MOGAHA,MINISTRY OF GOVERNMENT ADMINISTRATION AND HOME AFF,,,생략
행정전자서명,ADMINISTESNT,ADMINISTRATION E-SIGNATURE,,,생략
행정정보,ADMINISTINFO,ADMINISTRATION INFORMATION,,,생략
행정처분,EXAATHR,EXECUTION OF ADMINISTRATIVE AUTHORITY,,,생략
행정청,ADMAGC,ADMINISTRATIVE AGENCY,,,생략
향도,GID,GUIDE,,,생략
향방동원,MFHD,MOBILIZATION FOR HOMELAND DEFENSE,,,생략
향방동원품목일련번호,MFHDITMSN,MOBILIZATION FOR HOMELAND DEFENSE  ITEM SERIAL NUMBER,,분류어,생략
향상,IMPRV,IMPROVEMENT,,,생략
향토,HMLND,HOMELAND,,,생략
향토방위,HMLDF,HOMELAND DEFENSE,향방,,생략
향토방위보급품목유형구분코드,HLDSITCD,HOMELAND DEFENSE SUPPLY ITEM TYPE DIVISION CODE,,분류어,생략
향토예비군,RSRF,RESERVE FORCE,,,생략
향후,HRAFT,HEREAFTER,이다음,,생략
향후10일,AF10D,AFTER 10 DAYS,,,생략
향후24시간,AF24H,AFTER 24 HOURS,향후1일,,생략
향후30일,AF30D,AFTER 30 DAYS,,,생략
향후48시간,AF48H,AFTER 48 HOURS,향후2일,,생략
향후72시간,AF72H,AFTER 72 HOURS,향후3일,,생략
향후96시간,AF96H,AFTER 96 HOURS,향후4일,,생략
향후주체코드,HMBCD,HEREAFTER MAIN BODY CODE,,분류어,생략
허가,PMSN,PERMISSION,,,생략
허가일자,PMSNDT,PERMISSION DATE,허가일,,생략
허리,WST,WAIST,,,생략
허리둘레,WSTCRCM,WAIST CIRCUMFERENCE,,,생략
허리통증,WPAIN,WAIST PAIN,,,생략
허벅지,THIGH,THIGH,,,생략
허브,HUB,HUB,,,생략
허용,PRMSN,PERMISSION,,,생략
허용치,LIMIT,LIMIT,,,생략
허용치상한,LIUP,LIMIT UPPER LIMIT,,,생략
허용치하한,LILW,LIMIT LOWEST LIMIT,,,생략
허위,FLSHD,FALSEHOOD,,,생략
헌법,CNSTIT,CONSTITUTION,,,생략
헌법기관,CSTLT,CONSTITUTIONAL INSTITUTION,,,생략
헌법소원,CSTLN,CONSTITUTIONAL COMPLAINT,,,생략
헌법재판,CNSTITJDGMT,CONSTITUTION JUDGEMENT,,,생략
헌법재판소,CCOURT,THE CONSTITUTIONAL COURT,,,생략
헌병,MP,MILITARY POLICE,,,생략
헌신,DEVTN,DEVOTION,,,생략
헌장,CNSTT,CONSTITUTION,,,생략
헌혈,BDON,BLOOD DONATION,,,생략
헌혈자,BLDOR,BLOOD DONOR,,,생략
험프,HUMP,HUMP,,,생략
헤더,HDR,HEADER,HEADER,,생략
헤드,HEAD,HEAD,,,생략
헤드캠,HEADCAM,HEAD CAMERA,,,생략
헤드폰,HDPHN,HEADPHONE,,,생략
헤파린,HPRN,HEPARIN,해파린,,생략
헬기,HLCPT,HELICOPTER,헬리콥터,,생략
헬기기종번호,HLCPTKNMCHNO,HELICOPTER KIND OF MACHINE NUMBER,,분류어,생략
헬기이용가능표,HAT,HELICOPTER AVAILABILITY TABLE,,,생략
헬기장,HELPD,HELIPAD,,,생략
헬기조,HELTM,HELICOPTER TEAM,,,생략
헬기조파일련번호할당표,HWS,HELITEAM WAVE AND SERIAL,,,생략
헬기파,HW,HELICOPTER WAVE,,,생략
헬리포트,HLPRT,HELIPORT,,,생략
헬멧,HM,HELMET,,,생략
헬멧장착영상표시기,HMD,HELMET MOUNTED DISPLAY,,,생략
헷지비율,HDGRT,HEDGE RATIO,,,생략
혀,TONGUE,TONGUE,,,생략
혁명,RVLTN,REVOLUTION,,,생략
혁신,INVTN,INNOVATION,,,생략
현,PRSNT,PRESENT,,,생략
현계,CRRCCL,CURRENT CALCULATION,,,생략
현금,CASH,CASH,,,생략
현금등가물,CSHEQV,CASH EQUIVALENT,,,생략
현금주의,CSHBS,CASH BASIS,,,생략
현금흐름,CSHFLW,CASH FLOWS,,,생략
현금흐름표,CFT,CASH FLOW TABLE,,,생략
현대화,MDRNZ,MODERNIZATION,,,생략
현등,SDLIGHT,SIDELIGHT,,,생략
현무,HNM,HYUNMU,,,생략
현무2,HNM1,HYUNMU1,,,생략
현무3,HNM3,HYUNMU3,,,생략
현물,ACTH,ACTUAL THING,실물,,생략
현물출자,ISND,INVESTMENT IN KIND,,,생략
현병력,PRNTHX,PRESENT HISTORY,,,생략
현상,PSNST,PRESENT STATE,,,생략
현상액,DVLPR,DEVELOPER,현상제,,생략
현상태,PRSTE,PRESENT STATE,,,생략
현실태,CURCND,CURRENT CONDITION,,,생략
현실화,ACTLZ,ACTUALIZATION,,,생략
현업,STOPRT,SITE OPERATION,,,생략
현역,ACTDT,ACTIVE DUTY,,,생략
현역복무부적합심사,ADSUJ,ACTIVE DUTY SERVICE UNSUITABLE JUDGEMENT,,,생략
현용,INACT,INACTIVE,,,생략
현위치,PRLOC,PRESENT LOCATION,,,생략
현장,ACTSPOT,ACTUAL SPOT,,,생략
현장설명,EXPLST,EXPLANATION AT SITE,,,생략
현장설명일자,EXPLSTDT,EXPLANATION AT SITE DATE,현장설명일,,생략
현장재고품목,BSI,BENCH STOCK ITEM,,,생략
현장정비,CFM,CONSTRUCTION FIELD MAINTENANCE,,,생략
현재,CURTM,CURRENT TIME,,,생략
현재가치,PV,PRESENT VALUE,,,생략
현재가치할인차금,DAFPVD,DIFFERENCE AMOUNT FOR PRESENT VALUE DISCOUNT,할인차금,,생략
현재고,CURSTK,CURRENT STOCK,현재재고,,생략
현재액,PRSAMT,PRESENT AMOUNT,현액,,생략
현재원,PMNUM,PRESENT MEMBERS NUMBER,,,생략
현저한,OVUS,OBVIOUS,,,생략
현존,BGEXST,BEING IN EXISTENCE,,,생략
현주소,PRSADDR,PRESENT ADDRESS,,,생략
현지,ACTPLC,ACTUAL PLACE,,,생략
현지수리,SPTRPR,SPOT REPAIR,,,생략
현지조달,LCPRC,LOCAL PROCUREMENT,,,생략
현지조달품목번호,LPITMNO,LOCAL PROCUREMENT ITEM NUMBER,,분류어,생략
현찰매도율,CSHSLRT,CASH SELLING RATE,현금매도율,,생략
현찰매입률,CSHBUYRT,CASH BUYING RATE,현금매입율,,생략
현천,PSTWTHR,PRESENT WEATHER,,,생략
현천표,PWTBL,PRESENT WEATHER TABLE,,,생략
현천표기상상태코드,PWTWSACD,PRESENT WEATHER TABLE WEATHER STATE CODE,,분류어,생략
현충원,NMB,NATIONAL MEMORIAL BOARD,,,생략
현품,ACTLGDS,ACTUAL GOODS,,,생략
현행,CRRNT,CURRENT,,,생략
현황,PRSTS,PRESENT STATUS,,,생략
혈관,BLDVSL,BLOOD VESSEL,,,생략
혈관조영술,ANGP,ANGIOGRAPHY,,,생략
혈당,BLDSG,BLOOD SUGAR,,,생략
혈당측정검사,BST,BLOOD SUGAR TEST,,,생략
혈류,BLDFLW,BLOOD FLOW,,,생략
혈류속도,BFR,BLOOD FLOW RATE,BFR,,생략
혈색소,BLDPG,HEMOGLOBIN,,,생략
혈소판,BLDPL,BLOOD PLATELET,,,생략
혈압,BP,BLOOD PRESSURE,,분류어,생략
혈액,BLOOD,BLOOD,피,,생략
혈액번호,BLOODNO,BLOOD NUMBER,,분류어,생략
혈액원,BLDCT,BLOOD CENTER,,,생략
혈액은행,BLDBNK,BLOOD BANK,,,생략
혈액은행검사,BBNKINP,BLOOD BANK INSPECTION,,,생략
혈액입고,BWRS,BLOOD WAREHOUSING,,,생략
혈액형,BLDTYP,BLOOD TYPE,,분류어,생략
혈액형RH,BLDRH,BLOOD TYPE(RH),,,생략
혈액형코드,BLDTPCD,BLOOD TYPE CODE,,분류어,생략
혈연,BLDRLT,BLOOD RELATION,,,생략
혈족,ONLBD,ONE´S FLESH AND BLOOD,,,생략
혈청,SERUM,SERUM,,,생략
혈핵형ABO,BLDABO,BLOOD TYPE(ABO),,,생략
혐오,ABHRR,ABHORRENCE,,,생략
혐오시설,ABMNTN,ABOMINATION,,,생략
혐의,SUPCN,SUSPICION,,,생략
협간,VLY,VALLEY,골짜기,,생략
협동진료,GRPMDCN,GROUP MEDICINE,협진,,생략
협동진료수술,GMDCOP,GROUP MEDICINE OPERATION,,,생략
협력사업,CPRBIZ,COOPERATION BUSINESS,,,생략
협력업체,CCPY,COOPERATION COMPANY,,,생략
협상,NGTN,NEGOTIATION,,,생략
협상일자,NGTDT,NEGOTIATION DATE,협상일,,생략
협상전략,NGTSTR,NEGOTIATION STRATEGY,,,생략
협소,NARWNS,NARROWNESS,,,생략
협수로,NWW,NARROW WATERWAY,,,생략
협약,CVTN,CONVENTION,,,생략
협약당사국,AGCNCE,AGREEMENT COUNTRY CONCERNED,,,생략
협약번호,CVTNNO,CONVENTION NUMBER,,분류어,생략
협약일자,CVTNDT,CONVENTION DATE,협약일,,생략
협업,COOPR,COOPERATION,,,생략
협의,DSCSSN,DISCUSSION,,,생략
협의일자,DSCSDT,DISCUSSION DATE,협의일,,생략
협정,AGRMNT,AGREEMENT,,,생략
협정가격,STPRC,STIPULATED PRICE,,,생략
협정번호,AGRMTNO,AGREEMENT NUMBER,,분류어,생략
협정일자,AGRMDT,AGREEMENT DATE,협정일,,생략
협조,COPR,COOPERATION,,,생략
협조공문서,CPOFDOC,COOPERATION OFFICIAL DOCUMENT,,,생략
협조부처,CRRF,COOPERATION MINISTRY AND OFFICE,,,생략
협조성,COPRP,COOPERATION PROPENSITY,,,생략
협조심,SPRHMN,SPIRIT OF HARMONY,,,생략
협조자,HELPR,HELPER,,,생략
협회,ASCATN,ASSOCIATION,,,생략
형,PTTRN,PATTERN,,,생략
형광침투검사,LPI,LIQUID PENETRANT INSPECTION,,,생략
형깊이,MLDPH,MOULDED DEPTH,,,생략
형번호,PTRNNO,PATTERN NUMBER,,분류어,생략
형벌,PETY,PENALTY,,,생략
형상,CONFIG,CONFIGURATION,,,생략
형상관리,CFGMGT,CONFIGURATION MANAGEMENT,CM,,생략
형상번호,CFGNO,CONFIGURATION NUMBER,,분류어,생략
형상식별서,CFGID,CONFIGURATION IDENTIFICATION,,,생략
형상통제,CFGCTR,CONFIGURATION CONTROL,,,생략
형상항력계수,PRSTDRAGCFCN,REPRESENT DRAG COEFFICIENT,,,생략
형상항목,CFGITM,CONFIGURATION ITEM,CI,,생략
형성,FORMTN,FORMATION,,,생략
형식,FORM,FORM,,,생략
형식번호,FORMNO,FORM NUMBER,,분류어,생략
형식승인번호,FRMAPNO,FORM APPROVAL NUMBER,,분류어,생략
형제,BRTHR,BROTHER,,,생략
형태,SHAPE,SHAPE,SHAPE,,생략
형태정의번호,SHPDFNO,SHAPE DEFINITION NUMBER,,분류어,생략
형판,TMPLT,TEMPLATE,,,생략
혜택,BNEF,BENEFIT,,,생략
호,NUMBR,NUMBER,,,생략
호,TRNCH,TRENCH,,,생략
호,ARC,ARC,,,생략
호,HO,HO,,분류어,생략
호,CLL,CALL,,,생략
호국,DNFNSC,DEFENSE OF ONE'S COUNTRY,,,생략
호기,HLNO,HULL NUMBER,,,생략
호기말양압,PEEP,POSITIVE END EXPIRATORY PRESSURE,PEEP,,생략
호남,HNAM,HONAM,,,생략
호대,TRNHP,TRAIN HORSEPOWER,,,생략
호명,CALNM,CALL ONE'S NAME,,,생략
호봉,SALCLS,SALARY CLASS,,분류어,생략
호봉코드,SALCLSCD,SALARY CLASS CODE,,분류어,생략
호선,MLLC,MUTUAL ELECTION,,,생략
호소,APPL,APPEAL,,,생략
호송,CONVOY,CONVOY,"콘보이,칸보이,ESCORT",,생략
호송관,CVYOFCR,CONVOY OFFICER,,,생략
호송대,ESCRT,ESCORT,,,생략
호송로,CNVRD,CONVOY ROAD,,,생략
호송병,CVYSLD,CONVOY SOLDIER,,,생략
호송비,COFEE,CONVEY FEE,,,생략
호수,LAKE,LAKE,,,생략
호수,NBR,NUMBER,,분류어,생략
호수,NBHS,NUMBER OF HOUSE,,,생략
호스,HOSE,HOSE,,,생략
호스트,HOST,HOST,,,생략
호스피스,HOSPICE,HOSPICE,,,생략
호실,RMNO,ROOM NUMBER,,,생략
호실번호,RMNONO,ROOM NUMBER NUMBER,,분류어,생략
호안,BNKPT,BANK PROTECTION,,,생략
호안,RVTMT,REVETMENT,,,생략
호위,ESCORT,ESCORT,,,생략
호주,HDOFMY,HEAD OF FAMILY,,,생략
호주승계,SCTD,SUCCESSION OF THE HEAD,,,생략
호차,TRNCNO,TRAIN CAR NUMBER,,,생략
호출,CALL,CALL,,,생략
호출부호,CLSGN,CALL SIGN,"콜사인,CALLSIGN",분류어,생략
호출부호번호,CLSGNNO,CALL SIGN NUMBER,,분류어,생략
호텔,HOTEL,HOTEL,,,생략
호프만디바이스,HOFFMANDEV,HOFFMAN DEVICE,,,생략
호환,CPTB,COMPATIBILITY,,,생략
호환성,ITCHAB,INTERCHANGEABILITY,,,생략
호환성품목,IC,INTER CHANGEABILITY ITEM,,,생략
호흡,BRTHNG,BREATHING,,,생략
호흡곤란,DYSPNEA,DYSPNEA,,,생략
호흡기,RSPRORG,RESPIRATORY ORGANS,호흡기관,,생략
호흡기질병,ROSIK,RESPIRATORY ORGANS SICKNESS,,,생략
호흡방법,BMTH,BREATHING METHOD,,,생략
호흡수,BRTHRT,BREATHING RATE,,,생략
혹서,BRTHT,BRUTAL HEAT,,,생략
혹한,BTCLD,BITTER COLD,,,생략
혹한기,BTCLDPRD,BITTER COLD PERIOD,,,생략
혼돈,CFSN,CONFUSION,,,생략
혼성,MIXD,MIXED,,,생략
혼성장비,MIXEQ,MIXED EQUIPMENT,,,생략
혼인,MRG,MARRIAGE,결혼,,생략
혼인구분코드,MRGDVCD,MARRIAGE DIVISION CODE,,분류어,생략
혼잡,CNF,CONFUSION,,,생략
혼합,MIX,MIXING,,,생략
혼합저장,CPTSTR,COMPATIBLE STORAGE,,,생략
혼혈인,MXBS,MIXED BLOOD PERSON,,,생략
홀,HOLE,HOLE,,,생략
홀딩,HLDNG,HOLDING,,,생략
홀수,ODD,ODD NUMBER,,,생략
홀트윈터스지수평활법,HWCY,HOLT WINTERS EXPONENTIAL SMOOTHING METHOD CYCLE,,,생략
홈네트워크,HRK,HOME NETWORK,,,생략
홈페이지,HMPG,HOME PAGE,,,생략
홍보,PR,PUBLIC RELATIONS,,,생략
홍보비,PREXP,PUBLIC RELATIONS EXPENSE,,,생략
홍보성,PRPRP,PROPENSITY OF PUBRIC RELATION,,,생략
홍수,FLOOD,FLOOD,,,생략
홍역,MSLS,MEASLES,,,생략
화,IZE,~IZE,,,생략
화공품,BLAGENT,BLASTING AGENTS,,,생략
화구,FRBL,FIREBALL,,,생략
화기,FRAM,FIRE ARM,,,생략
화기번호,FRARMNO,FIRE ARM NUMBER,,분류어,생략
화력,FRPW,FIRE POWER,,,생략
화력계획,FRPLN,FIRE PLAN,,,생략
화력부대임무코드,FRPWUNTMSNCD,FIRE POWER UNIT MISSION CODE,,분류어,생략
화력요청지역,CFFZ,CALL FOR FIRE ZONE,,,생략
화력운용지침,FGUID,FIRE POWER OPERATING GUIDANCE,,,생략
화력제한,LMTFR,LIMIT OF FIRE,,,생략
화력지원통제수단구분코드,FRPWSPTCMDCD,FIRE POWER SUPPORT  CONTROL MEASURES DIVISION CODE,,분류어,생략
화력지원협조,FSCRD,FIRE SUPPORT COORDINATION,,,생략
화력지원협조방법코드,FRPWSPCRMCD,FIRE POWER SUPPORT COORDINATION METHOD CODE,,분류어,생략
화력지원협조선,FSCL,FIRE SUPPORT COORDINATION LINE,,,생략
화력지원협조소,FSCC,FIRE SUPPORT COORDINATION CENTER,,,생략
화력지원협조수단,FSCM,FIRE SUPPORT COORDINATION MEASURES,FSCM,,생략
화력지원협조수단번호,FSCMNO,FIRE SUPPORT COORDINATION MEASURES NUMBER,,분류어,생략
화력체계표적번호,FIRSYSTGNO,FIRE POWER SYSTEM TARGET NUMBER,,분류어,생략
화망,FRNET,FIRE NET,,,생략
화면,SCREEN,SCREEN,폼,,생략
화면개체구분코드,SCRNINDVDVCD,SCREEN INDIVIDUAL DIVISION CODE,,분류어,생략
화면번호,SCRNNO,SCREEN NUMBER,,분류어,생략
화면현황,SCRSTS,SCREEN PRESENT STATUS,,,생략
화물,CARGO,CARGO,,,생략
화물단위체,TRKMNM,TRUCK MONOMER,,,생략
화물도착통지서,AN,ARRIVAL NOTICE,,,생략
화물명세서,CGSTMT,CARGO STATEMENT,,,생략
화물명세서번호,CGSTMNO,CARGO STATEMENT NUMBER,,분류어,생략
화물상환증,CTLRT,CONSIGNMENT SHEET,,,생략
화물선취보증서,LG,LETTER OF GUARANTEE,,,생략
화물실,HOLD,HOLD,,,생략
화물열차,FRGTRN,FREIGHT TRAIN,화차,,생략
화물인도지시서,DLVYORD,DELLIVERY ORDER,,,생략
화물적재장소,FHTRPC,FREIGHT CARRYING PLACE,,,생략
화물적하선,LDTRK,LOADING TRACK,적하선,,생략
화물형태코드,TCCD,TYPE OF CARGO CODE,,분류어,생략
화살,ARW,AN ARROW,,,생략
화살표,ARWSG,ARROW SIGN,,,생략
화상,PTRT,PORTRAIT,,,생략
화상,CBSTN,COMBUSTION,,,생략
화상,PICTR,PICTURE,,,생략
화상파일,IMGFL,IMAGE FILE,,,생략
화상회의,VTC,VIDEO TELECONFERENCE,,,생략
화생,BLCM,BIOLOGICAL AND CHEMICAL,,,생략
화생방,NBC,"NUCLEAR, BIOLOGICAL AND CHEMICAL",NBC,,생략
화생방공격구분코드,NBCADCD,NBC ATTACK DIVISION CODE,,분류어,생략
화생방공격용기종류코드,NBCATVSLKNCD,"NUCLEAR, BIOLOGICAL AND CHEMICAL ATTACK VESSEL KIND CODE",,분류어,생략
화생방공격횟수일련번호,NBCATKNUMSN,NBC ATACK NUMBER OF TIMES SERIAL NUMBER,,분류어,생략
화생방구분코드,NBCDVSCD,"NUCLEAR, BIOLOGICAL AND CHEMICAL DIVISION CODE",,분류어,생략
화생방누출상태코드,NBCLEASTATCD,"NUCLEAR, BIOLOGICAL AND CHEMICAL LEAK STATUS CODE",,분류어,생략
화생방누출유형코드,NBCLEATYPECD,"NUCLEAR, BIOLOGICAL AND CHEMICAL LEAK TYPE CODE",,분류어,생략
화생방보고번호,NBCRNO,NUCLEAR BIOLOGICAL AND CHEMICAL REPORT NUMBER,,분류어,생략
화생방살포고도코드,NBCSCTALTDCD,"NUCLEAR, BIOLOGICAL AND CHEMICAL SCATTERING ALTITUDE CODE",,분류어,생략
화생방살포크기코드,NBCSCTASIZCD,"NUCLEAR, BIOLOGICAL AND CHEMICAL SCATTERING SIZE CODE",,분류어,생략
화생방예상오염수준단위코드,NBCECLUCD,NBC EXPECTATION CONTAMNATION LEVEL UNIT CODE,,분류어,생략
화생방오염구분코드,NBCCNTMNDVCD,"NUCLEAR, BIOLOGICAL AND CHEMICAL CONTAMINATION DIVISION CODE",,분류어,생략
화생방오염지역구분코드,NCRDCD,NBC CONTAMINATION REGION DIVISION CODE,,분류어,생략
화생방위험수준코드,NBCDNGRLVLCD,"NUCLEAR, BIOLOGICAL AND CHEMICAL DANGER LEVEL CODE",,분류어,생략
화생방일반경보결과코드,NGARCD,NBC GENERAL ALERT RESULT CODE,,분류어,생략
화생방잠재오염판단코드,NBCPCJCD,NBC POTENTIAL CONTAMNATION JDGMT CODE,,분류어,생략
화생방장비신뢰도코드,NBCEQCFLVCD,"NUCLEAR, BIOLOGICAL AND CHEMICAL EQUIPMENT CONFIDENCE LEVEL CODE",,분류어,생략
화생방전사망원인코드,NBCBTDTHCSCD,"NUCLEAR, BIOLOGICAL AND CHEMICAL BATTLE DEATH CAUSE CODE",,분류어,생략
화생방지형수목유형코드,NTTTCD,NBC TOPOGRAPHY TREE TYPE CODE,,분류어,생략
화생방탐지방법코드,NBCDTMETCD,"NUCLEAR, BIOLOGICAL AND CHEMICAL DETECTION METHOD CODE",,분류어,생략
화생방투발용기유형코드,NBCTVTCD,NBC TRSHT VESSEL TYPE CODE,,분류어,생략
화생방폭발형태코드,NBCEXPSHAPCD,"NUCLEAR, BIOLOGICAL AND CHEMICAL EXPLOSION SHAPE CODE",,분류어,생략
화생방표본종류코드,NBCSAMPKNCD,"NUCLEAR, BIOLOGICAL AND CHEMICAL SAMPLE KIND CODE",,분류어,생략
화생방화학탄약크기코드,NCASCD,NBC CHEMICAL AMMUNITION SIZE CODE,,분류어,생략
화생정밀보고,NBC6,NUCLEAR BIOLOGICAL AND CHEMICAL 6,"NBC6,NBC-6",,생략
화소,PIXEL,PIXEL,,,생략
화약,GUNPD,GUNPOWDER,,,생략
화염,FLAME,FLAME,,,생략
화염병,MVKL,MOLOTOV COCKTAIL,,,생략
화요일,TUE,TUESDAY,화,,생략
화음,HRMY,HARMONY,,,생략
화의,NSPC,NEGOTIATIONS FOR PEACE,,,생략
화장,CRMT,CREMATION,,,생략
화장실,TOILT,TOILET,,,생략
화재,FIRE,FIRE,,,생략
화재경보기번호,FRALTMCHNNO,FIRE ALERT MACHINE,,분류어,생략
화재보험,FRISR,FIRE INSURANCE,,,생략
화질,PCTQT,PICTURE QUALITY,,,생략
화차,CRGTC,CARGO TRAIN OR CAR,,,생략
화폐,CRRCY,CURRENCY,,,생략
화폐구분코드,CDCD,CURRENCY DIVISION CODE,,분류어,생략
화폐단위,CRCUNT,CURRENCY UNIT,,,생략
화포,CANN,CANNON,,,생략
화학,CHMCL,CHEMICAL,,,생략
화학무기,CMLS,CHEMICAL WEAPONS,,,생략
화학자동경보기,KM8K2,KM8-K2,,,생략
화학작용제,CHEM,CHEMICAL AGENT,,,생략
화학작용제적용종류코드,CAKCD,CHEMACAL AGONIST KIND CODE,,분류어,생략
화학작용제지속유형코드,CHMCTNTYPCD,CHEMICAL AGENT CONTINUANCE TYPE CODE,,분류어,생략
화학적산소요구량,CHOXDM,CHEMICAL OXYGEN DEMAND,,,생략
화학풍통신문,CDM,CHEMICAL DOWNWIND MESSAGE,,,생략
화학풍통신문유효기간구분코드,CTVDCD,CDM TERM VALIDITY DIVISION CODE,,분류어,생략
화환어음결재,DBF,DOCUMENTARY BILL OF EXCHANGE,,,생략
확대,EXPS,EXPANSION,,,생략
확률,PRBLTY,PROBABILITY,,분류어,생략
확보,SCRE,SECURE,,,생략
확산,SPRSCP,SPREADING SCOPE,,,생략
확실,CERTN,CERTAIN,,,생략
확실성,CRTNT,CERTAINTY,,,생략
확인,CFMTN,CONFIRMATION,,,생략
확인간호사,CFNRS,CONFIRMATION NURSE,,,생략
확인검사,VI,VERIFICATION INSPECTION,,,생략
확인관,VRFOFCR,VERIFICATION OFFICER,,,생략
확인번호,CFMNO,CONFIRMATION NUMBER,,분류어,생략
확인서,CFDOC,CONFIRMATION DOCUMENT,,,생략
확인서번호,CFMDOCNO,CONFIRMATION DOCUMENT NUMBER,,분류어,생략
확인일자,CFMDT,CONFIRMATION DATE,확인일,,생략
확인자,CFMR,CONFIRMOR,,,생략
확장,EXTSN,EXTENSION,,,생략
확장자,EXTNSN,EXTENSION,,,생략
확장자명,EVENTN,EXTENTION,,,생략
확정,CNFMTN,CONFIRMATION,,,생략
확정구분코드,CFMDVCD,CONFIRMATION DIVISION CODE,,분류어,생략
확정예산,DFNBGT,DEFINITE BUDGET,,,생략
확정일자,FXDT,FIXED DATE,확정일,,생략
확정자,CFMPSN,CONFIRMED PERSON,확정인,,생략
확정처,CFPL,CONFIRMATION PLACE,,,생략
확증,CNFM,CONFIRM,,,생략
환,EXCHNG,EXCHANGE,,,생략
환경,ENV,ENVIRONMENT,,,생략
환경개선부담금,EIC,ENVIRONMENTAL IMPROVEMENT CHARGES,,,생략
환경경영,ENLMN,ENVIORNMENTAL MANAGEMENT,,,생략
환경경영체제,EVNMGS,ENVIRONMENTAL MANAGEMENT SYSTEM,,,생략
환경경영체제인증,EGSTR,ENVIRONMENTAL MANAGEMENT SYSTEM CERTIFICATION,,,생략
환경기초조사용역,EVBSCIVSTSVC,ENVIRONMENT BASICS INVESTIGATION SERVICE,,,생략
환경산업,ELSR,ENVIRONMENTAL INDUSTRY,,,생략
환경설비,ENVRNEQP,ENVIRONMENT EQUIPMENT,,,생략
환경시험,ENVTST,ENVIRONMENTAL TEST,,,생략
환경오염,ENVPLTN,ENVIRONMENTAL POLLUTION,,,생략
환경친화적자동차,ECFRNDCAR,ECO-FRIENDLY CAR,,,생략
환급,RFND,REFUND,,,생략
환급금,RFNDMN,REFUND MONEY,"환급금액,환급액",,생략
환기,VTLTN,VENTILATION,,,생략
환매,REPCH,REPURCHASE,,,생략
환매조건부채권,RPA,REPURCHASE AGREEMENT,,,생략
환배서,ESRNL,ENDORSEMENT TO PARTY LIABLE ON BILL,,,생략
환불,REFND,REFUND,,,생략
환불금,RFNDAMT,REFUND AMOUNT,"환불금액,환불액",,생략
환불일자,RFNDT,REFUND DATE,환불일,,생략
환산,CNVT,CONVERT,,,생략
환산율,CVSRT,CONVERSION RATE,,,생략
환산일자,CNVTDT,CONVERT DATE,환산일,,생략
환산표,CVSTB,CONVERSION TABLE,,,생략
환송,FRWLL,FAREWELL,,,생략
환수,RDPTN,REDEMPTION,,,생략
환수금액,RDAMT,REDEMPTION AMOUNT OF MONEY,,,생략
환수납부구분코드,RPDCD,REDEMPTION PAYMENT DIVISION CODE,,분류어,생략
환수납부여부구분코드,RPYNDCD,REDEMPTION PAYMENT YES OR NO DIVISION CODE,,분류어,생략
환수진행상태코드,RPSCD,REDEMPTION PROGRESS STATE CODE,,분류어,생략
환승,TRNSIT,TRANSIT,,,생략
환식,CYCLIC,CYCLIC,,,생략
환아,BSP,BABY WITH SERIOUS PAIN,,,생략
환어음,BOE,BILL OF EXCHANGE,,,생략
환영,WLCOM,WELCOME,,,생략
환원,RSTRTN,RESTORATION,,,생략
환율,EXCHRT,EXCHANGE RATE,,분류어,생략
환율일자,EXCHRTDT,EXCHANGE RATE DATE,환율일,,생략
환율차액,FEDAMT,FOREIGN EXCHANGE DIFFERENCE AMOUNT,,,생략
환율차액보전비율,PRFEDA,PRESERVATION RATE OF FOREIGN EXCHANGE DIFFERENCE AMOUNT,"환차보전비율,환율차보전비비율",,생략
환입,RECPTR,RECAPTURE,,,생략
환자,PTT,PATIENT,,,생략
환자번호,PTNTNO,PATIENT NUMBER,,분류어,생략
환자복,PTNTWR,PATIENT WEAR,환의,,생략
환자복하의착용,PTWBWR,PATIENT WEAR BOTTOMS WEARING,,,생략
환자상태,PTST,PATIENT STATE,,,생략
환자신원구분코드,PTIDNTYDVSCD,PATIENT IDENTITY DIVISION CODE,,분류어,생략
환적,TRSHMT,TRANSHIPMENT,,,생략
환적선하증권,TRNSBL,TRANSSHIPMENT BILL OF LADING,,,생략
환전,MNCHG,MONEY CHANGING,,,생략
환지,RPLTNG,REPLOTTING,,,생략
환차,EXDF,FOREIGN EXCHANGE DIFFERENCE,,,생략
환치,EXCHRS,EXCHANGE RESERVE,,,생략
환풍기,VNTL,VENTILATOR,,,생략
환형피해,RSDMG,A RING SHAPE DEMAGE,,,생략
활대장비,RDEQ,ROD EQUIPMENT,,,생략
활동,ACTVT,ACTIVITY,,,생략
활동기준원가계산,ABC,ACTIVITY BASED COSTING,ABC,,생략
활동번호,ACTVNO,ACTIVITY NUMBER,,분류어,생략
활동요법,ACTHRP,ACTIVITY THERAPY,활동치료,,생략
활동화,SPTSHS,SPORTS SHOES,,,생략
활력징후,VTLSGN,VITAL SIGN,"활력증상,V/S",,생략
활성,ATV,ACTIVE,,,생략
활성화,ACTVTN,ACTIVATION,,,생략
활용,PRTCUSE,PRACTICAL USE,,,생략
활용도,PRUSDGR,PRACTICAL USE DEGREE,,,생략
활용도미흡장비,UIEQ,PRACTICAL USE DEGREE INSUFFICIENCY EQUIPMENT,,,생략
활용성,PRUABLT,PRACTICAL USE-ABILITY,,,생략
활주,GLDNG,GLIDING,,,생략
활주로,RNWAY,RUNWAY,,,생략
활주로구분코드,RWCLCD,RUNWAY CLASS CODE,,분류어,생략
활주로노상토,PMTRWY,PACKING MATERIAL OF RUNWAY,,,생략
활주로번호,RWNO,RUNWAY NUMBER,,분류어,생략
활주로작전상태코드,RNWAYOPSTACD,RUNWAY OPERATIONS STATE CODE,,분류어,생략
활주로표면상태수치,RCR,Runway Condition Reading,,,생략
황동,BRASS,BRASS,,,생략
황사,YLWSND,YELLOW SAND,,,생략
황천,SMWTH,STORMY WEATHER,,,생략
회,NBRTM,NUMBER OF TIMES,,,생략
회,CFRC,CONFERENCE,,,생략
회계,ACCT,ACCOUNTING,,,생략
회계구분,ACCLS,ACCOUNT CLASSIFICATION,,,생략
회계구분코드,ACCLSCD,ACCOUNT CLASSIFICATION CODE,,분류어,생략
회계기준,ACCSTD,ACCOUNTING STANDARDS,,,생략
회계직,ACCOCP,ACCOUNTING OCCUPATION,,,생략
회계직구분코드,ACCOCPDCD,ACCOUNTING OCCUPATION DIVISION CODE,,분류어,생략
회계처리일자,ACPRCDT,ACCOUNTING PROCESS DATE,회계일자,,생략
회계코드,ACCTNCD,ACCOUNTING CODE,,분류어,생략
회담명,TLKNM,TALKNAME,,,생략
회담분야,TLKFLD,TALK FIELD,,,생략
회담상황실,CVRSM,CONVERSATION BRIEFING ROOM,,,생략
회담종사자,CVFDRN,CONVERSATION ENFILADE PERSON,,,생략
회담주관기관,CRMNTT,CONVERSATION MANAGEMENT INSTITUTION,,,생략
회람,TRNRD,READING IN TURN,,,생략
회랑,TC,TERRAIN CORRIDOR,,,생략
회무,AFASTN,AFFAIRS OF A ASSOCIATION,,,생략
회보,BLTN,BULLETIN,,,생략
회복,RECVRY,RECOVERY,,,생략
회복등기,RSRR,REGISTRATION OF RECOVERY,,,생략
회복실,RCVRM,RECOVERY ROOM,,,생략
회분,ASHCTNT,ASH CONTENT,,,생략
회사,CO,COMPANY,,,생략
회사정리,CNYD,COMPANY CONSOLIDATION,,,생략
회사정리법,CPRRW,CORPORATE REORGANIZATION LAW,,,생략
회선,CRCT,CIRCUIT,,,생략
회선번호,CIRCTNO,CIRCUIT NUMBER,,분류어,생략
회송,RETRNG,RETURNING,,,생략
회송물자발송,RETMTS,RETURNING MATERIAL SENDING,,,생략
회송일자,RTNDDT,RETURNED DATE,회송일,,생략
회송자,RETRNPSN,RETURNING PERSON,,,생략
회송차,OTSVCR,OUT OF SERVICE CAR,,,생략
회수,RTRV,RETRIEVAL,,,생략
회수번호,RTRVNO,RETRIEVAL NUMBER,,분류어,생략
회수용기,RTVT,RETRIEVAL INSTRUMENT,,,생략
회수율,RTNRT,RETURN RATE,,,생략
회수일자,RTRVDT,RETRIEVAL DATE,회수일,,생략
회수자,RTVLMN,RETRIEVAL MAN,,,생략
회신,REPL,REPLY,,,생략
회신일자,RPLDT,REPLY DATE,회신일,,생략
회신자,RPLMN,REPLY MAN,,,생략
회원,MMBR,MEMBER,멤버,,생략
회원권,MBRSHP,MEMBERSHIP,,,생략
회원제,MSSM,MEMBERSHIP SYSTEM,,,생략
회의,CNFRC,CONFERENCE,,,생략
회의실,MTRM,MEETING ROOM,,,생략
회의현황,MTSTS,CONFERENCE PRESENT STATUS,,,생략
회장,CHIRMN,CHAIRMAN,,,생략
회전,RTTN,ROTATION,,,생략
회전기금,RVFND,REVOLVING FUND,,,생략
회전기금제도,RFS,REVOLVING FUND SYSTEM,,,생략
회전반경,ROG,RADIUS OF GYRATION,,,생략
회전선거대,RTDC,ROTATION DOCK,,,생략
회전신용장,RVLC,REVOLVING LETTER OF CREDIT,,,생략
회전율,TOVRT,TURNOVER RATIO,,,생략
회전익,RTRWNG,ROTARY WING,,,생략
회전익항공기,RWA,ROTARY WING AIRCRAFT,,,생략
회전익항공기공중재급유,HAR,HELICOPTER AIR REFUELING,,,생략
회전정보,RTINF,ROTATION INFORMATION,,,생략
회전차로,FTRN,FILTER LANE,,,생략
회전차선,FTRL,FILTER LANE,,,생략
회전판,RTPLT,ROTATION PLATE,,,생략
회진,DROV,DOCTOR`S ROUND OF VISITS,,,생략
회차,SQNC,SEQUENCE,,분류어,생략
회화,CVSTN,CONVERSATION,,,생략
회화나무,PGDATR,JAPANESE PAGODA TREE,,,생략
획득,ACQSTN,ACQUISITION,,,생략
획득가치관리,EVM,EARNED VALUE MANAGEMENT,EVM,,생략
획득건의코드,AAC,ACQUISITION ADVICE CODE,,분류어,생략
획득계획,ACQPLN,ACQUISITION PLAN,,,생략
획득관리체계,AMS,ACQUISITION MANAGEMENT SYSTEM,,,생략
획득군수,ACQLGST,ACQUISITION LOGISTICS,,,생략
획득및유지비구분코드,AMDVCD,ACQUISITION AND MAINTENANCE COST DIVISION CODE,,분류어,생략
획득불가사유코드,AIRCD,ACQUISITION IMPOSSIBILITY REASON CODE,,분류어,생략
획득일자,ACQNDT,ACQUISITION DATE,획득일,,생략
획정,DLMTN,DELIMITATION,,,생략
횟수,NUMTM,NUMBER OF TIMES,,분류어,생략
횡경사,HEEL,HEEL,,,생략
횡단,CROSNG,CROSSING,,,생략
횡단로,CRSRD,CROSS ROAD,,,생략
횡단면,TRSCTN,TRANSECTION,,,생략
횡단면도,DCACR,DRAWING CUTTING ACROSS,,,생략
횡대,LINE,LINE,,,생략
횡령,EMBZZL,EMBEZZLEMENT,,,생략
횡전,LTRTN,LATERALLY TURN,,,생략
효과,EFCT,EFFECT,,,생략
효과음,SDEFCT,SOUND EFFECT,,,생략
효과중심작전,EBO,EFFECT BASED OPERATION,,,생략
효과측정요소,MOE,Measure Of Effectiveness,,,생략
효과측정지표,MOEI,Measure Of Effectiveness Indicator,,,생략
효능,EFCY,EFFICACY,,,생략
효능대분류코드번호,EFCLCLSCDNO,EFFICACY LARGE CLASSIFICATION CODE NUMBER,,분류어,생략
효능세분류코드번호,EFCDCLSCDNO,EFFICACY DETAIL CLASSIFICATION CODE NUMBER,,분류어,생략
효능소분류코드번호,EFCSCLSCDNO,EFFICACY SMALL CLASSIFICATION CODE NUMBER,,분류어,생략
효능중분류코드번호,EFCMCLSCDNO,EFFICACY MIDDLE CLASSIFICATION CODE NUMBER,,분류어,생략
효도,FLPTY,FILIAL PIETY,,,생략
효력,EFFCT,EFFECT,,,생략
효소,ENZYME,ENZYME,,,생략
효용가치,EFCTVL,EFFECTIVE VALUE,,,생략
효율,EFFCNCY,EFFICIENCY,,,생략
후계자,SCESR,SUCCESSOR,,,생략
후공,COLD,COLD,,,생략
후급,DFPAY,DEFERRED PAYMENT,,,생략
후급증,DFPC,DEFERRED PAYMENT CERTIFICATES,,,생략
후납,AFTPMN,AFTER PAYMENT,,,생략
후두경,LRGSCP,LARYNGOSCOPE,,,생략
후미,TAIL,TAIL,,,생략
후반기,SHYR,THE SECOND HALF OF THE YEAR,하반기,,생략
후방,REAR,REAR,,,생략
후방석,RRSTP,REAR SEAT PILOT,,,생략
후방지역작전,RACO,REAR AREA COMBAT OPERATIONS,,,생략
후방지역작전구분코드,RACODVSCD,REAR AREA OPERATIONS DIVISION CODE,,분류어,생략
후보생,CADT,CADET,,,생략
후보자,CND,CANDIDATE,후보,,생략
후부수선,SDF,STERN DRAFT,,,생략
후불,FRPY,FUTURE PAYMENT,,,생략
후불대기기간,TOB,TIME ON BACKORDER,,,생략
후속,FLWG,FOLLOWING,,,생략
후속작업,FLWK,FOLLOWING WORK,,,생략
후속합의각서,FOMOA,FOLLOW-ON MEMORANDUM OF AGREEMENT,,,생략
후송,EVCATN,EVACUATION,,,생략
후송계통,CHNEVC,CHAIN OF EVACUATION,,,생략
후송인원수,EVCATPSNUM,EVACUATION TOTNUM,,,생략
후송일자,EVCATNDT,EVACUATION DATE,후송일,,생략
후수납,AFTRCTC,RECEIPTANCE AFTER INSPECTION,,,생략
후순위권리자,AORP,AFTER ORDER RIGHTFUL PERSON,,,생략
후순위조정,ADJTMTRO,ADJUSTMENT TO REAR ONE,,,생략
후식,DSSRT,DESSERT,,,생략
후원자,SPNSER,SPONSER,,,생략
후원회,ADACTN,AID ASSOCIATION,,,생략
후위,REARGD,REAR GUARD,,,생략
후유증,SEQUELA,SEQUELA,,,생략
후임자,SUCCSSER,SUCCESSOR,,,생략
후입선출법,LIFO,LAST-IN FIRST-OUT,LIFO,,생략
후추,PEPR,PEPPER ,,,생략
후행,FLWNG,FOLLOWING,,,생략
훈격,HNGRD,HONOR GRADE,,,생략
훈격코드,HNGRDCD,HONOR GRADE CODE,,분류어,생략
훈계,ADMNT,ADMONITION,,,생략
훈련,TRNNG,TRAINING,,,생략
훈련단,TRGRP,TRAINING GROUP,,,생략
훈련번호,TRNNGNO,TRANNING NUMBER,,분류어,생략
훈련병,PVT,PRIVATE,훈병,,생략
훈련유형코드,TRNNGTYCD,TRAINING TYPE CODE,,분류어,생략
훈련일자,TRNGDT,TRAINING DATE,훈련일,,생략
훈련자,TRNEE,TRAINEE,,,생략
훈련자번호,TRNEENO,TRAINEE NUMBER,,분류어,생략
훈련자유니트,PUT,Player Unit,,,생략
훈련장,TRNGCMP,TRAINING CAMP,,,생략
훈련장번호,TCNO,TRAINING CAMP NUMBER,,분류어,생략
훈련정보식별번호,TIINO,TRAINING INFORMATION IDENTIFICATION NUMBER,,분류어,생략
훈련주기,TRNNGCYCLE,TRAINING CYCLE,,분류어,생략
훈련지역형태코드,TRNNGRGSHCD,TRAINING REGION SHAPE CODE,,분류어,생략
훈련지휘관,OCE,OFFICER CONDUCTING EXERCISE,,,생략
훈령,LTRINST,LETTER OF INSTRUCTION,,,생략
훈민정음,KORSC,KOREAN SCRIPT,,,생략
훈방,RLSWN,RELEASE WITH WARNING,,,생략
훈장,MEDAL,MEDAL,,,생략
훼손,DAMG,DAMAGE,,,생략
휘도,BRTNSS,BRIGHTNESS,,,생략
휘발성,VLATIL,VOLATILITY,,,생략
휘발유,GSLN,GASOLINE,,,생략
휘장,ISGNA,INSIGNIA,,,생략
휨,BENDG,BENDING,,,생략
휴가,VCTN,VACATION,,,생략
휴가구분코드,VCTDVCD,VACATION DIVISION CODE,,분류어,생략
휴가명령,VCTORD,VACATION ORDER,,,생략
휴가비,VCBNS,VACATION BONUS,휴가여비,,생략
휴가증,CERTVC,CERTIFICATE OF VACATION,,,생략
휴가코드,VCTCD,VACATION CODE,,분류어,생략
휴게소,RSTAR,REST AREA,,,생략
휴게실,RSTRM,REST ROOM,,,생략
휴대,PRTBL,PORTABLE,PORTABLE,,생략
휴대전화,MBPHN,MOBILE PHONE,"핸드폰,휴대폰,휴대용전화기,헨드폰,HP,H.P,이동전화",,생략
휴대전화번호,MPNO,MOBILE PHONE NUMBER,"휴대폰번호,이동전화번호,핸드폰번호,휴대폰전화번호,휴대전화전화번호,핸드폰전화번호",,생략
휴대통신,MLMC,MOBILE COMMUNICATION,,,생략
휴대품,HBGG,HAND BAGGAGE,,,생략
휴면,DMCY,DORMANCY,,,생략
휴면회사,DRMNCYCMPNY,DORMANCY COMPANY,,,생략
휴무,CLSD,CLOSED,,,생략
휴무일,RSTDE,REST DAY,,,생략
휴복학,TAFSNRS,TEMPORARY ABSENCE FROM SCHOOL & RETURN SCHOOL,,,생략
휴식,REST,REST,,,생략
휴식지,RSPLC,RESTING PLACE,,,생략
휴양지,RCRTCT,RECREATION CENTER,,,생략
휴업,SPSBIZ,SUSPENSION OF BUSINESS,,,생략
휴일,HLDAY,HOLIDAY,,,생략
휴일구분코드,HDCD,HOLIDAY DIVISION CODE,,분류어,생략
휴전선,CSRL,CEASE-FIRE LINE,,,생략
휴전협정,CFRG,CEASE-FIRE AGREEMENT,,,생략
휴지,WSTP,WASTE PAPER,,,생략
휴지통,WSBSK,WASTEBASKET,,,생략
휴직,SPSOFC,SUSPENSION FROM OFFICE,,,생략
휴직명령,SFOORD,SUSPENSION FROM OFFICE ORDER,,,생략
휴직자,SFOPSN,SUSPENSION FROM OFFICE PERSON,,,생략
휴진,ANP,ACCEPT NO PATIENTS,,,생략
휴폐업,SCBIZ,SUSPENSION AND CLOSING OF BUSINESS,,,생략
휴폐업구분코드,SCBIZDVCD,SUSPENSION AND CLOSING OF BUSINESS DIVISION CODE,,분류어,생략
휴학,TMPABSSKL,TEMPORARY ABSENCE FROM SCHOOL,,,생략
휴회,ADJRNM,ADJOURNMENT,,,생략
흉고,BHT,BREAST HEIGHT,,,생략
흉고직경,DMBRHGT,DIAMETER AT BREAST HEIGHT,가슴높이직경,,생략
흉곽,THRX,THORAX,,,생략
흉부,CHST,CHEST,,,생략
흉장,BRSHW,BREAST-HIGH WALL,,,생략
흉터,SCAR,SCAR,,,생략
흉통,PCTRLG,PECTORALGIA,,,생략
흐름,FLOW,FLOW,,,생략
흑구온도,BLCKBLBTPRT,BLACK BULB TEMPERATURE,,,생략
흑백,BLWH,BLACK AND WHITE,,,생략
흑색화약,BLPWDR,BALCK POWDER,,,생략
흑자,SURPLUS,SURPLUS,,,생략
흔적,MARKS,MARKS,,,생략
흘수,DRAFT,DRAFT,,분류어,생략
흘수선,DTLN,DRAFT LINE,,,생략
흘수제약선,DRSRH,DRAFT RESTRICTION SHIP,,,생략
흡광,EXTNC,EXTINCTION,,,생략
흡수,ABST,ABSORPTION,,,생략
흡습성,HGRSCP,HYGROSCOPICITY ,,,생략
흡연,SMKNG,SMOKING,,,생략
흡연량,SMKQTY,SMOKING QUANTITY,,,생략
흡인기,ASPRTR,ASPIRATOR,,,생략
흡입,INHL,INHALATION,,,생략
흡입산소농도,FIO2,FRACTION OF INSPIRED OXYGEN,FIO₂,,생략
흥행,SHENTP,SHOW ENTERPRISE,,,생략
희귀,RARE,RARENESS,,,생략
희귀난치기금,FRINCPT,FUND OF RARE INCURABLE PATIENT,,,생략
희귀질병,RAREDS,RARE DISEASES,,,생략
희롱,RDCLNG,RIDICULING,,,생략
희망,HOPE,HOPE,,,생략
희망서,HOPDOC,HOPE DOCUMENT,,,생략
희망일자,HOPEDT,HOPE DATE,희망일,,생략
희망자,HOPER,HOPER,,,생략
희망전역,HPTRSF,HOPE TRANSFER,,,생략
희생,SCRIFC,SACRIFICE,,,생략
희생공헌자,SCRCTBR,SACRIFICE CONTRIBUTOR,,,생략
희생자,VICTIM,VICTIM,,,생략
희생자심사,VCJDG,VICTIM JUDGING,,,생략
희소,RARN,RARENESS,,,생략
힌트,HINT,HINT,,,생략
